cbs_raw_player,cbs_rank,cbs_adp,cbs_hi_lo,cbs_pct_drafted
J. Gibbs  RB  DET  Jahmyr Gibbs  RB  DET,1.0,1.12,1/2,100.0
B. Robinson  RB  ATL  Bijan Robinson  RB  ATL,2.0,2.06,1/4,100.0
J. Chase  WR  CIN  Knee: Questionable for Week 1 vs. Tampa Bay  Ja'Marr Chase  WR  CIN  Knee: Questionable for Week 1 vs. Tampa Bay,3.0,4.08,3/9,100.0
P. Nacua  WR  LAR  Groin: Questionable for Week 1 vs. San Francisco  Puka Nacua  WR  LAR  Groin: Questionable for Week 1 vs. San Francisco,4.0,5.23,3/11,100.0
J. Taylor  RB  IND  Jonathan Taylor  RB  IND,5.0,5.32,3/9,100.0
J. Smith-Njigba  WR  SEA  Jaxon Smith-Njigba  WR  SEA,6.0,6.46,4/12,100.0
C. McCaffrey  RB  SF  Undisclosed: Questionable for Week 1 at L.A. Rams  Christian McCaffrey  RB  SF  Undisclosed: Questionable for Week 1 at L.A. Rams,7.0,7.75,4/13,100.0
A. St. Brown  WR  DET  Amon-Ra St. Brown  WR  DET,8.0,8.4,5/15,100.0
J. Cook  RB  BUF  James Cook  RB  BUF,9.0,9.21,5/15,100.0
C. Brown  RB  CIN  Chase Brown  RB  CIN,10.0,12.11,7/18,100.0
D. Achane  RB  MIA  De'Von Achane  RB  MIA,11.0,12.21,6/19,100.0
D. Henry  RB  BAL  Derrick Henry  RB  BAL,12.0,13.82,6/22,100.0
C. Lamb  WR  DAL  CeeDee Lamb  WR  DAL,13.0,13.89,9/22,100.0
S. Barkley  RB  PHI  Saquon Barkley  RB  PHI,14.0,13.91,8/20,100.0
J. Jefferson  WR  MIN  Justin Jefferson  WR  MIN,15.0,16.02,10/25,100.0
K. Walker III  RB  KC  Kenneth Walker III  RB  KC,16.0,17.22,11/27,100.0
O. Hampton  RB  LAC  Omarion Hampton  RB  LAC,17.0,18.44,12/30,100.0
J. Allen  QB  BUF  Josh Allen  QB  BUF,18.0,20.55,3/35,96.6
A. Brown  WR  NE  A.J. Brown  WR  NE,19.0,21.17,13/31,100.0
D. London  WR  ATL  Drake London  WR  ATL,20.0,21.33,13/32,100.0
A. Jeanty  RB  LV  Ankle: Questionable for Week 1 vs. Miami  Ashton Jeanty  RB  LV  Ankle: Questionable for Week 1 vs. Miami,21.0,21.98,11/36,100.0
G. Pickens  WR  DAL  George Pickens  WR  DAL,22.0,22.11,13/33,100.0
R. Rice  WR  KC  Rashee Rice  WR  KC,23.0,23.99,13/37,100.0
K. Williams  RB  LAR  Kyren Williams  RB  LAR,24.0,25.55,16/38,100.0
N. Collins  WR  HOU  Nico Collins  WR  HOU,25.0,25.62,18/36,100.0
B. Bowers  TE  LV  Raiders' Brock Bowers: Working with Cousins to open season  Brock Bowers  TE  LV  Raiders' Brock Bowers: Working with Cousins to open season,26.0,26.35,16/41,100.0
T. McBride  TE  ARI  Trey McBride  TE  ARI,27.0,27.62,16/41,100.0
C. Olave  WR  NO  Chris Olave  WR  NO,28.0,28.08,19/40,100.0
M. Nabers  WR  NYG  Knee - ACL: Questionable for Week 1 vs. Dallas  Malik Nabers  WR  NYG  Knee - ACL: Questionable for Week 1 vs. Dallas,29.0,31.26,22/45,100.0
J. Williams  RB  DAL  Javonte Williams  RB  DAL,30.0,32.4,20/47,100.0
J. Love  RB  ARI  Ankle: Questionable for Week 1 at L.A. Chargers  Jeremiyah Love  RB  ARI  Ankle: Questionable for Week 1 at L.A. Chargers,31.0,34.46,20/51,100.0
D. Smith  WR  PHI  DeVonta Smith  WR  PHI,32.0,34.47,25/49,100.0
T. Etienne  RB  NO  Travis Etienne  RB  NO,33.0,36.04,23/51,100.0
Z. Flowers  WR  BAL  Lower Body: Questionable for Week 1 at Indianapolis  Zay Flowers  WR  BAL  Lower Body: Questionable for Week 1 at Indianapolis,34.0,37.23,27/52,100.0
D. Swift  RB  CHI  D'Andre Swift  RB  CHI,35.0,37.86,22/53,100.0
C. Skattebo  RB  NYG  Cam Skattebo  RB  NYG,36.0,38.34,21/56,100.0
T. Higgins  WR  CIN  Heel: Questionable for Week 1 vs. Tampa Bay  Tee Higgins  WR  CIN  Heel: Questionable for Week 1 vs. Tampa Bay,37.0,38.68,28/53,100.0
B. Hall  RB  NYJ  Groin: Questionable for Week 1 at Tennessee  Breece Hall  RB  NYJ  Groin: Questionable for Week 1 at Tennessee,38.0,40.44,25/60,100.0
L. McConkey  WR  LAC  Ladd McConkey  WR  LAC,39.0,41.13,31/57,100.0
L. Jackson  QB  BAL  Lamar Jackson  QB  BAL,40.0,41.29,17/61,96.5
C. Loveland  TE  CHI  Colston Loveland  TE  CHI,41.0,41.74,27/62,100.0
T. McMillan  WR  CAR  Tetairoa McMillan  WR  CAR,42.0,43.14,31/59,100.0
B. Irving  RB  TB  Bucky Irving  RB  TB,43.0,43.78,27/61,100.0
E. Egbuka  WR  TB  Toe: Questionable for Week 1 at Cincinnati  Emeka Egbuka  WR  TB  Toe: Questionable for Week 1 at Cincinnati,44.0,44.61,32/61,100.0
G. Wilson  WR  NYJ  Garrett Wilson  WR  NYJ,45.0,46.43,33/67,100.0
J. Waddle  WR  DEN  Jaylen Waddle  WR  DEN,46.0,46.88,34/65,100.0
Q. Judkins  RB  CLE  Quinshon Judkins  RB  CLE,47.0,50.26,35/70,100.0
J. Burrow  QB  CIN  Joe Burrow  QB  CIN,48.0,51.74,23/74,96.6
D. Montgomery  RB  HOU  David Montgomery  RB  HOU,49.0,51.9,36/70,100.0
D. Moore  WR  BUF  DJ Moore  WR  BUF,50.0,52.39,37/73,100.0
D. Maye  QB  NE  Drake Maye  QB  NE,51.0,53.5,27/77,96.5
J. Price  RB  SEA  Jadarian Price  RB  SEA,52.0,56.01,39/77,100.0
B. Tuten  RB  JAC  Illness: Questionable for Week 1 vs. Cleveland  Bhayshul Tuten  RB  JAC  Illness: Questionable for Week 1 vs. Cleveland,53.0,56.23,40/78,99.9
D. Adams  WR  LAR  Rams' Davante Adams: Logs no preseason action  Davante Adams  WR  LAR  Rams' Davante Adams: Logs no preseason action,54.0,56.33,39/76,99.9
J. Jacobs  RB  GB  Personal: Commissioner's Exempt List  Josh Jacobs  RB  GB  Personal: Commissioner's Exempt List,55.0,57.0,20/138,97.9
T. Warren  TE  IND  Groin: Questionable for Week 1 vs. Baltimore  Tyler Warren  TE  IND  Groin: Questionable for Week 1 vs. Baltimore,56.0,57.09,39/83,99.8
J. Williams  WR  DET  Jameson Williams  WR  DET,57.0,57.19,42/76,100.0
T. McLaurin  WR  WAS  Terry McLaurin  WR  WAS,58.0,57.91,44/76,100.0
L. Burden III  WR  CHI  Groin: Questionable for Week 1 at Carolina  Luther Burden III  WR  CHI  Groin: Questionable for Week 1 at Carolina,59.0,60.4,44/84,99.9
D. Prescott  QB  DAL  Cowboys' Dak Prescott: Rests during preseason  Dak Prescott  QB  DAL  Cowboys' Dak Prescott: Rests during preseason,60.0,61.97,27/93,96.6
R. Odunze  WR  CHI  Rome Odunze  WR  CHI,61.0,66.22,49/89,99.9
J. Daniels  QB  WAS  Jayden Daniels  QB  WAS,62.0,68.97,36/103,96.4
C. Watson  WR  GB  Christian Watson  WR  GB,63.0,69.27,52/95,99.8
J. Hurts  QB  PHI  Jalen Hurts  QB  PHI,64.0,69.5,33/103,96.5
S. LaPorta  TE  DET  Hip: Questionable for Week 1 vs. New Orleans  Sam LaPorta  TE  DET  Hip: Questionable for Week 1 vs. New Orleans,65.0,70.68,49/106,99.1
M. Evans  WR  SF  Groin: Questionable for Week 1 at L.A. Rams  Mike Evans  WR  SF  Groin: Questionable for Week 1 at L.A. Rams,66.0,70.69,50/95,99.7
H. Fannin Jr.  TE  CLE  Harold Fannin Jr.  TE  CLE,67.0,71.53,41/113,99.1
T. Henderson  RB  NE  Ankle: Questionable for Week 1 at Seattle  TreVeyon Henderson  RB  NE  Ankle: Questionable for Week 1 at Seattle,68.0,72.28,51/101,99.6
M. Harrison Jr.  WR  ARI  Marvin Harrison Jr.  WR  ARI,69.0,72.65,56/94,99.8
R. Stevenson  RB  NE  Rhamondre Stevenson  RB  NE,70.0,72.81,52/102,99.6
P. Washington  WR  JAC  Parker Washington  WR  JAC,71.0,73.38,53/104,99.6
T. Kraft  TE  GB  Knee - ACL: Questionable for Week 1 at Minnesota  Tucker Kraft  TE  GB  Knee - ACL: Questionable for Week 1 at Minnesota,72.0,74.79,52/109,99.1
T. Pollard  RB  TEN  Tony Pollard  RB  TEN,73.0,77.1,56/103,99.5
K. Pitts  TE  ATL  Kyle Pitts  TE  ATL,74.0,77.59,52/114,99.0
C. Williams  QB  CHI  Caleb Williams  QB  CHI,75.0,78.09,44/110,96.5
J. Warren  RB  PIT  Jaylen Warren  RB  PIT,76.0,79.51,56/110,99.2
R. Dowdle  RB  PIT  Rico Dowdle  RB  PIT,77.0,80.68,59/108,99.5
C. Sutton  WR  DEN  Courtland Sutton  WR  DEN,78.0,81.59,61/107,99.6
T. Lawrence  QB  JAC  Trevor Lawrence  QB  JAC,79.0,82.39,44/121,96.3
G. Kittle  TE  SF  Achilles: Questionable for Week 1 at L.A. Rams  George Kittle  TE  SF  Achilles: Questionable for Week 1 at L.A. Rams,80.0,82.74,49/121,99.1
J. Brooks  RB  CAR  General Soreness: Questionable for Week 1 vs. Chicago  Jonathon Brooks  RB  CAR  General Soreness: Questionable for Week 1 vs. Chicago,81.0,84.99,62/118,98.7
D. Goedert  TE  PHI  Dallas Goedert  TE  PHI,82.0,85.11,50/131,98.3
J. Herbert  QB  LAC  Justin Herbert  QB  LAC,83.0,85.69,51/120,96.2
A. Pierce  WR  IND  Ankle: Questionable for Week 1 vs. Baltimore  Alec Pierce  WR  IND  Ankle: Questionable for Week 1 vs. Baltimore,84.0,86.64,60/118,99.1
J. Dobbins  RB  DEN  J.K. Dobbins  RB  DEN,85.0,86.75,59/118,99.2
B. Thomas Jr.  WR  JAC  Brian Thomas Jr.  WR  JAC,86.0,86.86,65/117,98.9
C. Tate  WR  TEN  Undisclosed: Questionable for Week 1 vs. N.Y. Jets  Carnell Tate  WR  TEN  Undisclosed: Questionable for Week 1 vs. N.Y. Jets,87.0,88.71,64/126,97.9
C. Godwin  WR  TB  Buccaneers' Chris Godwin: Draws praise from GM Licht  Chris Godwin  WR  TB  Buccaneers' Chris Godwin: Draws praise from GM Licht,88.0,89.6,68/120,99.1
D. Metcalf  WR  PIT  Undisclosed: Questionable for Week 1 vs. Atlanta  DK Metcalf  WR  PIT  Undisclosed: Questionable for Week 1 vs. Atlanta,89.0,91.09,67/120,99.0
I. Likely  TE  NYG  Isaiah Likely  TE  NYG,90.0,93.3,64/130,97.6
M. Stafford  QB  LAR  Matthew Stafford  QB  LAR,91.0,95.24,45/139,95.4
R. Harvey  RB  DEN  RJ Harvey  RB  DEN,92.0,96.08,65/131,98.1
Q. Johnston  WR  LAC  Quentin Johnston  WR  LAC,93.0,96.44,73/127,98.3
J. Mason  RB  MIN  Vikings' Jordan Mason: Co-starting RB with Jones  Jordan Mason  RB  MIN  Vikings' Jordan Mason: Co-starting RB with Jones,94.0,97.4,72/131,97.6
B. Purdy  QB  SF  Brock Purdy  QB  SF,95.0,97.5,48/140,95.6
.  DST  DEN  Broncos  DST  DEN,96.0,97.73,55/140,94.0
K. Gainwell  RB  TB  Kenneth Gainwell  RB  TB,97.0,99.41,70/136,97.5
T. Kelce  TE  KC  Travis Kelce  TE  KC,98.0,99.79,65/140,97.4
M. Wilson  WR  ARI  Michael Wilson  WR  ARI,99.0,101.53,75/135,97.3
M. Lloyd  RB  GB  MarShawn Lloyd  RB  GB,100.0,101.56,61/161,83.9
B. Corum  RB  LAR  Blake Corum  RB  LAR,101.0,103.55,78/140,95.7
P. Mahomes  QB  KC  Knee - ACL: Questionable for Week 1 vs. Denver  Patrick Mahomes  QB  KC  Knee - ACL: Questionable for Week 1 vs. Denver,102.0,103.55,54/143,95.4
J. Croskey-Merritt  RB  WAS  Lower Body: Questionable for Week 1 at Philadelphia  Jacory Croskey-Merritt  RB  WAS  Lower Body: Questionable for Week 1 at Philadelphia,103.0,104.55,77/142,95.3
.  DST  HOU  Texans  DST  HOU,104.0,106.04,69/143,93.9
B. Aubrey  K  DAL  Brandon Aubrey  K  DAL,105.0,106.51,67/145,92.0
C. Hubbard  RB  CAR  Hamstring: Questionable for Week 1 vs. Chicago  Chuba Hubbard  RB  CAR  Hamstring: Questionable for Week 1 vs. Chicago,106.0,106.96,78/143,95.8
.  DST  LAR  Rams  DST  LAR,107.0,107.94,69/148,93.9
J. Goff  QB  DET  Jared Goff  QB  DET,108.0,109.22,57/150,93.9
J. Dart  QB  NYG  Jaxson Dart  QB  NYG,109.0,110.04,62/148,94.2
J. Addison  WR  MIN  Jordan Addison  WR  MIN,110.0,110.45,82/146,94.3
S. Diggs  WR  WAS  Stefon Diggs  WR  WAS,111.0,112.1,83/148,94.0
K. Monangai  RB  CHI  Knee: Questionable for Week 1 at Carolina  Kyle Monangai  RB  CHI  Knee: Questionable for Week 1 at Carolina,112.0,112.24,85/148,94.1
W. Robinson  WR  TEN  Head: Questionable for Week 1 vs. N.Y. Jets  Wan'Dale Robinson  WR  TEN  Head: Questionable for Week 1 vs. N.Y. Jets,113.0,112.57,82/152,92.8
M. Pittman  WR  PIT  Hamstring: Questionable for Week 1 vs. Atlanta  Michael Pittman  WR  PIT  Hamstring: Questionable for Week 1 vs. Atlanta,114.0,112.6,82/152,92.2
D. Stribling  WR  SF  Shoulder: Questionable for Week 1 at L.A. Rams  De'Zhaun Stribling  WR  SF  Shoulder: Questionable for Week 1 at L.A. Rams,115.0,115.14,82/153,91.6
K. Concepcion  WR  CLE  KC Concepcion  WR  CLE,116.0,115.97,87/152,93.5
.  DST  SEA  Seahawks  DST  SEA,117.0,116.7,78/154,93.9
D. Kincaid  TE  BUF  Dalton Kincaid  TE  BUF,118.0,117.84,79/156,92.3
M. Andrews  TE  BAL  Mark Andrews  TE  BAL,119.0,118.23,80/158,93.0
B. Nix  QB  DEN  Bo Nix  QB  DEN,120.0,118.98,67/155,91.2
A. Jones  RB  MIN  Vikings' Aaron Jones: Listed as co-starter with Mason  Aaron Jones  RB  MIN  Vikings' Aaron Jones: Listed as co-starter with Mason,121.0,119.13,88/156,91.8
J. Downs  WR  IND  Calf: Questionable for Week 1 vs. Baltimore  Josh Downs  WR  IND  Calf: Questionable for Week 1 vs. Baltimore,122.0,119.8,87/158,87.2
J. Ferguson  TE  DAL  Cowboys' Jake Ferguson: Doesn't play in preseason  Jake Ferguson  TE  DAL  Cowboys' Jake Ferguson: Doesn't play in preseason,123.0,123.17,82/162,89.2
M. Washington Jr.  RB  LV  Mike Washington Jr.  RB  LV,124.0,123.27,90/168,83.2
J. Myers  K  SEA  Jason Myers  K  SEA,125.0,123.98,79/166,91.9
J. Reed  WR  GB  Jayden Reed  WR  GB,126.0,124.83,90/165,84.3
R. White  RB  WAS  Hamstring: Questionable for Week 1 at Philadelphia  Rachaad White  RB  WAS  Hamstring: Questionable for Week 1 at Philadelphia,127.0,126.14,98/164,85.1
D. Samuel  WR  SF  Deebo Samuel  WR  SF,128.0,127.38,95/163,88.3
J. Meyers  WR  JAC  Hand: Questionable for Week 1 vs. Cleveland  Jakobi Meyers  WR  JAC  Hand: Questionable for Week 1 vs. Cleveland,129.0,128.21,96/164,84.9
M. Lemon  WR  PHI  Makai Lemon  WR  PHI,130.0,128.72,95/167,83.6
M. Golden  WR  GB  Matthew Golden  WR  GB,131.0,129.99,94/171,78.0
.  DST  MIN  Vikings  DST  MIN,132.0,130.04,85/174,91.5
K. Fairbairn  K  HOU  Ka'imi Fairbairn  K  HOU,133.0,130.17,88/169,91.8
.  DST  PHI  Eagles  DST  PHI,134.0,130.67,92/169,93.2
R. Doubs  WR  NE  Romeo Doubs  WR  NE,135.0,131.38,98/169,83.0
B. Mayfield  QB  TB  Baker Mayfield  QB  TB,136.0,133.04,84/170,82.5
W. Marks  RB  HOU  Woody Marks  RB  HOU,137.0,134.88,103/173,77.2
K. Murray  QB  MIN  Kyler Murray  QB  MIN,138.0,134.89,92/170,80.5
X. Worthy  WR  KC  Xavier Worthy  WR  KC,139.0,137.39,103/174,78.1
C. Rodriguez Jr.  RB  JAC  Chris Rodriguez Jr.  RB  JAC,140.0,137.62,105/176,73.1
J. Johnson  TE  NO  Juwan Johnson  TE  NO,141.0,139.62,102/177,77.9
Z. Charbonnet  RB  SEA  Knee - ACL: Physically Unable to Perform. Expected Return - Week 5  Zach Charbonnet  RB  SEA  Knee - ACL: Physically Unable to Perform. Expected Return - Week 5,142.0,141.02,106/180,70.9
J. Coker  WR  CAR  Jalen Coker  WR  CAR,143.0,141.43,110/178,71.7
B. Strange  TE  JAC  Brenton Strange  TE  JAC,144.0,141.58,105/180,75.8
C. Dicker  K  LAC  Undisclosed: Questionable for Week 1 vs. Arizona  Cameron Dicker  K  LAC  Undisclosed: Questionable for Week 1 vs. Arizona,145.0,142.23,100/181,91.2
J. Love  QB  GB  Jordan Love  QB  GB,146.0,142.67,91/180,66.9
.  DST  PIT  Steelers  DST  PIT,147.0,143.05,102/181,87.7
R. Shaheed  WR  SEA  Rashid Shaheed  WR  SEA,148.0,143.81,107/180,69.9
T. Allgeier  RB  ARI  Tyler Allgeier  RB  ARI,149.0,144.97,109/185,59.8
S. Darnold  QB  SEA  Seahawks' Sam Darnold: Idle for preseason action  Sam Darnold  QB  SEA  Seahawks' Sam Darnold: Idle for preseason action,150.0,145.2,90/186,57.5
T. Tracy Jr.  RB  NYG  Neck: Questionable for Week 1 vs. Dallas  Tyrone Tracy Jr.  RB  NYG  Neck: Questionable for Week 1 vs. Dallas,151.0,145.78,109/188,60.4
T. Spears  RB  TEN  Tyjae Spears  RB  TEN,152.0,146.0,113/185,64.0
J. Coleman  RB  DEN  Jonah Coleman  RB  DEN,153.0,147.07,108/191,48.7
T. Shough  QB  NO  Tyler Shough  QB  NO,154.0,147.57,101/184,60.4
.  DST  NE  Patriots  DST  NE,155.0,148.01,107/186,84.2
C. Little  K  JAC  Cam Little  K  JAC,156.0,149.04,107/187,88.5
J. Tyson  WR  NO  Hamstring: Injured Reserve. Expected Return - Week 5  Jordyn Tyson  WR  NO  Hamstring: Injured Reserve. Expected Return - Week 5,157.0,149.82,105/190,49.4
I. Pacheco  RB  DET  Back: Injured Reserve. Expected Return - Week 5  Isiah Pacheco  RB  DET  Back: Injured Reserve. Expected Return - Week 5,158.0,150.86,115/189,61.6
D. Schultz  TE  HOU  Texans' Dalton Schultz: Held out of exhibition games  Dalton Schultz  TE  HOU  Texans' Dalton Schultz: Held out of exhibition games,159.0,151.91,113/189,61.9
H. Henry  TE  NE  Hunter Henry  TE  NE,160.0,152.21,110/190,59.3
.  DST  BAL  Ravens  DST  BAL,161.0,152.4,110/191,78.3
K. Shakir  WR  BUF  Undisclosed: Questionable for Week 1 at Houston  Khalil Shakir  WR  BUF  Undisclosed: Questionable for Week 1 at Houston,162.0,152.78,110/191,49.2
D. Jones  QB  IND  Daniel Jones  QB  IND,163.0,152.96,101/192,46.6
T. Tucker  WR  LV  Tre Tucker  WR  LV,164.0,154.02,118/191,53.5
M. Willis  QB  MIA  Malik Willis  QB  MIA,165.0,154.08,99/193,44.8
.  DST  LAC  Chargers  DST  LAC,166.0,154.16,114/191,79.2
J. Lane  WR  BAL  Ja'Kobi Lane  WR  BAL,167.0,154.29,114/191,53.5
C. Stroud  QB  HOU  C.J. Stroud  QB  HOU,168.0,154.69,94/195,39.2
D. Boston  WR  CLE  Denzel Boston  WR  CLE,169.0,154.7,120/190,56.6
T. Bigsby  RB  PHI  Tank Bigsby  RB  PHI,170.0,154.86,117/194,52.5
K. Mitchell  RB  LAC  Undisclosed: Questionable for Week 1 vs. Arizona  Keaton Mitchell  RB  LAC  Undisclosed: Questionable for Week 1 vs. Arizona,171.0,155.31,117/202,36.0
J. Bates  K  DET  Jake Bates  K  DET,172.0,155.76,114/195,83.7
.  DST  JAC  Jaguars  DST  JAC,173.0,156.28,117/192,74.6
K. Black  RB  SF  Kaelon Black  RB  SF,174.0,156.34,115/195,47.5
D. Sampson  RB  CLE  Dylan Sampson  RB  CLE,175.0,157.98,123/195,46.5
.  DST  ATL  Falcons  DST  ATL,176.0,158.13,109/204,35.9
A. Kamara  RB  NO  Knee - MCL: Questionable for Week 1 at Detroit  Alvin Kamara  RB  NO  Knee - MCL: Questionable for Week 1 at Detroit,177.0,158.32,111/201,40.8
B. Allen  RB  NYJ  Braelon Allen  RB  NYJ,178.0,158.88,121/197,43.1
.  DST  DET  Lions  DST  DET,179.0,159.13,111/201,48.5
J. Jeudy  WR  CLE  Jerry Jeudy  WR  CLE,180.0,159.21,117/199,44.6
B. Grupe  K  IND  Blake Grupe  K  IND,181.0,159.58,114/205,53.2
K. Allen  WR  IND  Keenan Allen  WR  IND,182.0,160.85,123/195,45.9
B. Robinson Jr.  RB  ATL  Brian Robinson Jr.  RB  ATL,183.0,161.58,120/202,37.9
H. Mevis  K  LAR  Harrison Mevis  K  LAR,184.0,161.64,120/203,72.4
H. Butker  K  KC  Harrison Butker  K  KC,185.0,162.01,116/204,54.7
K. Sadiq  TE  NYJ  Abdomen: Questionable for Week 1 at Tennessee  Kenyon Sadiq  TE  NYJ  Abdomen: Questionable for Week 1 at Tennessee,186.0,162.88,118/206,34.1
E. Johnson  RB  KC  Emmett Johnson  RB  KC,187.0,162.91,122/203,30.4
.  DST  NO  Saints  DST  NO,188.0,163.18,123/206,33.3
E. Pineiro  K  SF  Eddy Pineiro  K  SF,189.0,163.3,122/203,62.5
C. Okonkwo  TE  WAS  Chigoziem Okonkwo  TE  WAS,190.0,164.58,121/205,30.9
K. Boutte  WR  HOU  Kayshon Boutte  WR  HOU,191.0,164.86,123/205,30.9
.  DST  BUF  Bills  DST  BUF,192.0,165.05,118/208,29.9
E. McPherson  K  CIN  Evan McPherson  K  CIN,193.0,165.06,124/206,57.1
T. Hockenson  TE  MIN  T.J. Hockenson  TE  MIN,194.0,165.51,117/213,25.5
.  DST  DAL  Cowboys  DST  DAL,195.0,165.54,116/211,26.3
C. Ridley  WR  TEN  Calvin Ridley  WR  TEN,196.0,165.92,129/205,31.5
C. Otton  TE  TB  Cade Otton  TE  TB,197.0,166.41,126/208,29.0
T. Dell  WR  HOU  Knee - ACL + MCL: Injured Reserve. Expected Return - Week 5  Tank Dell  WR  HOU  Knee - ACL + MCL: Injured Reserve. Expected Return - Week 5,198.0,167.01,121/211,25.7
G. Dulcich  TE  MIA  Dolphins' Greg Dulcich: Minimal preseason action  Greg Dulcich  TE  MIA  Dolphins' Greg Dulcich: Minimal preseason action,199.0,167.04,126/208,28.3
C. Santos  K  CHI  Cairo Santos  K  CHI,200.0,167.05,127/208,55.7
N. Folk  K  ATL  Nick Folk  K  ATL,201.0,167.15,120/215,20.0
W. Reichard  K  MIN  Will Reichard  K  MIN,202.0,167.77,122/211,46.7
.  DST  CLE  Browns  DST  CLE,203.0,167.78,127/208,27.2
A. Barner  TE  SEA  AJ Barner  TE  SEA,204.0,167.96,119/209,24.9
.  DST  KC  Chiefs  DST  KC,205.0,168.18,124/210,34.3
C. Kupp  WR  SEA  Cooper Kupp  WR  SEA,206.0,168.74,119/209,28.2
.  DST  GB  Packers  DST  GB,207.0,169.33,129/209,29.7
T. Loop  K  BAL  Tyler Loop  K  BAL,208.0,169.51,131/212,48.5
.  DST  CHI  Bears  DST  CHI,209.0,169.88,126/215,21.0
J. James  RB  SF  Jordan James  RB  SF,210.0,170.02,128/211,28.6
C. McLaughlin  K  TB  Chase McLaughlin  K  TB,211.0,170.22,130/212,45.9
J. Jennings  WR  MIN  Jauan Jennings  WR  MIN,212.0,170.9,132/209,26.8
J. Nailor  WR  LV  Jalen Nailor  WR  LV,213.0,171.35,128/212,23.1
W. Lutz  K  DEN  Wil Lutz  K  DEN,214.0,171.99,125/220,25.3
A. Borregales  K  NE  Andres Borregales  K  NE,215.0,174.43,133/222,22.4
