player,name_key,position,espn_player_id,espn_adp,espn_ppr_room_rank,espn_auction
Jahmyr Gibbs,jahmyr gibbs,RB,4429795,1.33,1.0,57.0
Bijan Robinson,bijan robinson,RB,4430807,2.38,2.0,56.0
Ja'Marr Chase,ja marr chase,WR,4362628,4.28,3.0,56.0
Puka Nacua,puka nacua,WR,4426515,5.28,4.0,55.0
Jonathan Taylor,jonathan taylor,RB,4242335,6.23,5.0,54.0
Jaxon Smith-Njigba,jaxon smith njigba,WR,4430878,6.25,6.0,53.0
Christian McCaffrey,christian mccaffrey,RB,3117251,7.68,7.0,52.0
Amon-Ra St. Brown,amon ra st brown,WR,4374302,8.36,8.0,52.0
James Cook III,james cook,RB,4379399,10.23,9.0,51.0
CeeDee Lamb,ceedee lamb,WR,4241389,11.8,10.0,50.0
Justin Jefferson,justin jefferson,WR,4262921,12.66,11.0,48.0
De'Von Achane,de von achane,RB,4429160,12.28,12.0,46.0
Omarion Hampton,omarion hampton,RB,4685382,18.58,13.0,45.0
Chase Brown,chase brown,RB,4362238,17.2,14.0,43.0
Saquon Barkley,saquon barkley,RB,3929630,14.03,15.0,42.0
Derrick Henry,derrick henry,RB,3043078,16.64,16.0,40.0
Ashton Jeanty,ashton jeanty,RB,4890973,21.72,17.0,38.0
Drake London,drake london,WR,4426502,20.17,18.0,37.0
Jeremiyah Love,jeremiyah love,RB,4870808,25.97,19.0,36.0
A.J. Brown,a j brown,WR,4047646,21.19,20.0,35.0
Trey McBride,trey mcbride,TE,4361307,22.78,21.0,34.0
Brock Bowers,brock bowers,TE,4432665,23.97,22.0,33.0
Nico Collins,nico collins,WR,4258173,25.75,23.0,32.0
Chris Olave,chris olave,WR,4361370,29.45,24.0,32.0
Rashee Rice,rashee rice,WR,4428331,29.07,25.0,31.0
Josh Allen,josh allen,QB,3918298,19.31,26.0,30.0
George Pickens,george pickens,WR,4426354,28.36,27.0,30.0
Kenneth Walker III,kenneth walker,RB,4567048,24.9,28.0,29.0
Garrett Wilson,garrett wilson,WR,4569618,37.11,29.0,28.0
Breece Hall,breece hall,RB,4427366,35.89,30.0,27.0
Javonte Williams,javonte williams,RB,4361579,32.91,31.0,26.0
Kyren Williams,kyren williams,RB,4430737,35.46,32.0,25.0
Malik Nabers,malik nabers,WR,4595348,34.84,33.0,24.0
DeVonta Smith,devonta smith,WR,4241478,36.81,34.0,23.0
Travis Etienne Jr.,travis etienne,RB,4239996,41.07,35.0,22.0
Tetairoa McMillan,tetairoa mcmillan,WR,4685472,42.09,36.0,22.0
Zay Flowers,zay flowers,WR,4429615,44.18,38.0,22.0
Emeka Egbuka,emeka egbuka,WR,4567750,44.96,39.0,21.0
Quinshon Judkins,quinshon judkins,RB,4685702,48.99,40.0,21.0
Ladd McConkey,ladd mcconkey,WR,4612826,46.03,41.0,20.0
Tee Higgins,tee higgins,WR,4239993,51.14,42.0,19.0
Colston Loveland,colston loveland,TE,4723086,42.54,43.0,19.0
Lamar Jackson,lamar jackson,QB,3916387,34.95,44.0,18.0
Davante Adams,davante adams,WR,16800,46.17,45.0,17.0
Cam Skattebo,cam skattebo,RB,4696981,45.06,46.0,17.0
D'Andre Swift,d andre swift,RB,4259545,52.19,47.0,15.0
Bhayshul Tuten,bhayshul tuten,RB,4882093,61.69,48.0,15.0
Jaylen Waddle,jaylen waddle,WR,4372016,52.2,49.0,14.0
Bucky Irving,bucky irving,RB,4596448,56.89,50.0,13.0
Terry McLaurin,terry mclaurin,WR,3121422,60.95,51.0,13.0
DJ Moore,dj moore,WR,3915416,60.8,52.0,12.0
Tyler Warren,tyler warren,TE,4431459,52.09,53.0,11.0
Jameson Williams,jameson williams,WR,4426388,64.33,54.0,11.0
Rome Odunze,rome odunze,WR,4431299,64.8,55.0,10.0
Jayden Daniels,jayden daniels,QB,4426348,53.03,56.0,10.0
Drake Maye,drake maye,QB,4431452,47.3,58.0,10.0
David Montgomery,david montgomery,RB,4035538,61.92,60.0,10.0
Jadarian Price,jadarian price,RB,4685512,67.53,62.0,9.0
Luther Burden III,luther burden,WR,4685278,75.16,64.0,9.0
TreVeyon Henderson,treveyon henderson,RB,4432710,77.87,66.0,9.0
Carnell Tate,carnell tate,WR,4871023,77.39,67.0,8.0
Mike Evans,mike evans,WR,16737,84.49,68.0,8.0
Marvin Harrison Jr.,marvin harrison,WR,4432708,78.97,69.0,8.0
Joe Burrow,joe burrow,QB,3915511,53.89,70.0,7.0
Rhamondre Stevenson,rhamondre stevenson,RB,4569173,78.78,72.0,7.0
Jalen Hurts,jalen hurts,QB,4040715,54.61,73.0,7.0
Michael Pittman Jr.,michael pittman,WR,4035687,89.63,74.0,7.0
Tony Pollard,tony pollard,RB,3916148,88.63,75.0,6.0
Harold Fannin Jr.,harold fannin,TE,5083076,70.78,76.0,6.0
Kyle Pitts Sr.,kyle pitts,TE,4360248,68.52,77.0,6.0
DK Metcalf,dk metcalf,WR,4047650,85.22,78.0,6.0
George Kittle,george kittle,TE,3040151,74.37,79.0,6.0
Courtland Sutton,courtland sutton,WR,3128429,81.19,80.0,6.0
Christian Watson,christian watson,WR,4248528,89.11,81.0,5.0
Dak Prescott,dak prescott,QB,2577417,72.47,85.0,5.0
Parker Washington,parker washington,WR,4432620,89.8,87.0,5.0
Jaylen Warren,jaylen warren,RB,4569987,87.4,88.0,5.0
Sam LaPorta,sam laporta,TE,4430027,73.81,89.0,4.0
Kenny Gainwell,kenny gainwell,RB,4371733,101.06,90.0,4.0
Jaxson Dart,jaxson dart,QB,4689114,83.2,91.0,4.0
Josh Jacobs,josh jacobs,RB,4047365,70.07,92.0,4.0
Wan'Dale Robinson,wan dale robinson,WR,4569587,113.38,93.0,4.0
Jonathon Brooks,jonathon brooks,RB,4678008,104.82,95.0,4.0
Justin Herbert,justin herbert,QB,4038941,86.77,97.0,4.0
Michael Wilson,michael wilson,WR,4360761,102.6,100.0,4.0
MarShawn Lloyd,marshawn lloyd,RB,4429023,122.86,102.0,4.0
Caleb Williams,caleb williams,QB,4431611,89.92,104.0,3.0
Rico Dowdle,rico dowdle,RB,4038815,95.27,106.0,3.0
Stefon Diggs,stefon diggs,WR,2976212,102.81,107.0,3.0
Alec Pierce,alec pierce,WR,4360078,108.52,108.0,3.0
Travis Hunter,travis hunter,WR,4685415,118.88,109.0,3.0
Tucker Kraft,tucker kraft,TE,4572680,91.26,110.0,3.0
Chuba Hubbard,chuba hubbard,RB,4241416,108.39,111.0,3.0
Jakobi Meyers,jakobi meyers,WR,3916433,122.35,112.0,3.0
Trevor Lawrence,trevor lawrence,QB,4360310,100.36,114.0,3.0
Aaron Jones Sr.,aaron jones,RB,3042519,114.41,117.0,3.0
Brian Thomas Jr.,brian thomas,WR,4432773,113.49,118.0,2.0
Brock Purdy,brock purdy,QB,4361741,110.18,120.0,2.0
Rachaad White,rachaad white,RB,4697815,125.63,121.0,2.0
J.K. Dobbins,j k dobbins,RB,4241985,111.93,122.0,2.0
Kyle Monangai,kyle monangai,RB,4608686,123.8,124.0,2.0
Travis Kelce,travis kelce,TE,15847,94.91,125.0,2.0
Matthew Golden,matthew golden,WR,4701936,112.05,126.0,2.0
Chris Godwin Jr.,chris godwin,WR,3116165,122.51,127.0,2.0
Jordan Addison,jordan addison,WR,4429205,120.53,130.0,2.0
Josh Downs,josh downs,WR,4688813,136.59,131.0,2.0
Dallas Goedert,dallas goedert,TE,3121023,103.61,132.0,2.0
RJ Harvey,rj harvey,RB,4568490,126.03,133.0,2.0
Patrick Mahomes,patrick mahomes,QB,3139477,108.66,134.0,2.0
Khalil Shakir,khalil shakir,WR,4373678,139.9,135.0,2.0
Blake Corum,blake corum,RB,4429096,126.01,138.0,2.0
Bo Nix,bo nix,QB,4426338,102.45,139.0,2.0
Matthew Stafford,matthew stafford,QB,12483,92.7,140.0,2.0
Jake Ferguson,jake ferguson,TE,4242355,110.49,141.0,2.0
Makai Lemon,makai lemon,WR,4870795,132.35,144.0,2.0
Isaiah Likely,isaiah likely,TE,4361050,122.6,145.0,2.0
Quentin Johnston,quentin johnston,WR,4429025,130.42,146.0,2.0
Jacory Croskey-Merritt,jacory croskey merritt,RB,4575131,135.86,147.0,2.0
Jayden Reed,jayden reed,WR,4362249,138.85,148.0,2.0
Mark Andrews,mark andrews,TE,3116365,126.38,150.0,2.0
De'Zhaun Stribling,de zhaun stribling,WR,4710714,139.28,151.0,1.0
Kyler Murray,kyler murray,QB,3917315,137.73,152.0,1.0
Xavier Worthy,xavier worthy,WR,4683062,130.35,153.0,1.0
Romeo Doubs,romeo doubs,WR,4361432,147.58,154.0,1.0
Jalen Coker,jalen coker,WR,4695883,154.63,156.0,1.0
Dalton Kincaid,dalton kincaid,TE,4385690,130.84,157.0,1.0
Tyjae Spears,tyjae spears,RB,4428557,146.69,158.0,1.0
Tyler Shough,tyler shough,QB,4360689,152.49,160.0,1.0
Jordan Mason,jordan mason,RB,4360569,138.98,161.0,1.0
Deebo Samuel Sr.,deebo samuel,WR,3126486,142.8,163.0,1.0
Jared Goff,jared goff,QB,3046779,136.45,164.0,1.0
Woody Marks,woody marks,RB,4429059,151.72,165.0,1.0
KC Concepcion,kc concepcion,WR,4870653,146.67,171.0,1.0
Jalen McMillan,jalen mcmillan,WR,4430834,164.07,173.0,1.0
Tank Dell,tank dell,WR,4366031,164.16,175.0,1.0
Zach Charbonnet,zach charbonnet,RB,4426385,153.07,177.0,1.0
Jonah Coleman,jonah coleman,RB,4702555,166.75,181.0,0.0
Baker Mayfield,baker mayfield,QB,3052587,146.26,182.0,0.0
Isiah Pacheco,isiah pacheco,RB,4361529,159.84,184.0,0.0
Chris Rodriguez Jr.,chris rodriguez,RB,4362619,164.44,188.0,0.0
Daniel Jones,daniel jones,QB,3917792,159.96,190.0,0.0
Juwan Johnson,juwan johnson,TE,3929645,158.04,191.0,0.0
Alvin Kamara,alvin kamara,RB,3054850,161.22,192.0,0.0
Tyler Allgeier,tyler allgeier,RB,4373626,162.69,195.0,0.0
Mike Washington Jr.,mike washington,RB,4686658,163.97,198.0,0.0
Dylan Sampson,dylan sampson,RB,5081397,169.17,199.0,0.0
Hunter Henry,hunter henry,TE,3046439,152.63,200.0,0.0
T.J. Hockenson,t j hockenson,TE,4036133,151.36,201.0,0.0
Keaton Mitchell,keaton mitchell,RB,4596334,169.35,203.0,0.0
Keenan Allen,keenan allen,WR,15818,165.41,205.0,0.0
Samaje Perine,samaje perine,RB,3116389,171.14,206.0,0.0
Jordan Love,jordan love,QB,4036378,155.38,208.0,0.0
Brian Robinson Jr.,brian robinson,RB,4241474,167.75,211.0,0.0
Terrance Ferguson,terrance ferguson,TE,4570037,168.61,213.0,0.0
Rashid Shaheed,rashid shaheed,WR,4032473,160.65,214.0,0.0
Denzel Boston,denzel boston,WR,4832800,169.07,215.0,0.0
Jerry Jeudy,jerry jeudy,WR,4241463,168.71,216.0,0.0
Calvin Ridley,calvin ridley,WR,3925357,168.5,218.0,0.0
Adonai Mitchell,adonai mitchell,WR,4597500,171.22,221.0,0.0
Caleb Douglas,caleb douglas,WR,4869645,170.83,222.0,0.0
Malik Willis,malik willis,QB,4242512,167.56,223.0,0.0
Jordyn Tyson,jordyn tyson,WR,4880281,168.0,226.0,0.0
Tre Tucker,tre tucker,WR,4428718,169.3,227.0,0.0
Jalen Nailor,jalen nailor,WR,4382466,171.15,228.0,0.0
Braelon Allen,braelon allen,RB,4685247,170.94,229.0,0.0
Tank Bigsby,tank bigsby,RB,4429013,169.64,230.0,0.0
Kenyon Sadiq,kenyon sadiq,TE,5083315,163.88,234.0,0.0
Rashod Bateman,rashod bateman,WR,4360939,171.45,235.0,0.0
Dontayvion Wicks,dontayvion wicks,WR,4428850,170.99,236.0,0.0
Devaughn Vele,devaughn vele,WR,4569559,171.65,237.0,0.0
Jaylin Noel,jaylin noel,WR,4586312,171.8,238.0,0.0
Ray Davis,ray davis,RB,4429501,171.03,239.0,0.0
Najee Harris,najee harris,RB,4241457,170.2,240.0,0.0
Brenton Strange,brenton strange,TE,4430539,167.71,274.0,0.0
Justice Hill,justice hill,RB,4038441,168.78,276.0,0.0
Kaelon Black,kaelon black,RB,4696044,170.35,281.0,0.0
Ja'Kobi Lane,ja kobi lane,WR,4870847,168.85,283.0,0.0
C.J. Stroud,c j stroud,QB,4432577,165.41,285.0,0.0
Sam Darnold,sam darnold,QB,3912547,162.47,287.0,0.0
Jauan Jennings,jauan jennings,WR,3886598,171.13,290.0,0.0
Malachi Fields,malachi fields,WR,4682648,170.41,293.0,0.0
Germie Bernard,germie bernard,WR,4685261,171.31,296.0,0.0
Tre' Harris,tre harris,WR,4686612,171.16,297.0,0.0
Ryan Flournoy,ryan flournoy,WR,5083754,171.09,299.0,0.0
Pat Freiermuth,pat freiermuth,TE,4361411,169.68,301.0,0.0
Dalton Schultz,dalton schultz,TE,3117256,168.83,303.0,0.0
Zachariah Branch,zachariah branch,WR,4870612,170.85,305.0,0.0
Omar Cooper Jr.,omar cooper,WR,4723820,171.16,306.0,0.0
Kayshon Boutte,kayshon boutte,WR,4429022,170.57,307.0,0.0
Malik Washington,malik washington,WR,4569603,170.11,308.0,0.0
Kimani Vidal,kimani vidal,RB,4430968,171.0,310.0,0.0
Jaylen Wright,jaylen wright,RB,4682745,170.63,311.0,0.0
Ollie Gordon II,ollie gordon,RB,4711533,170.68,312.0,0.0
Gunnar Helm,gunnar helm,TE,4686728,170.78,313.0,0.0
Chig Okonkwo,chig okonkwo,TE,4360635,170.19,315.0,0.0
AJ Barner,aj barner,TE,4576297,169.77,317.0,0.0
Bryce Young,bryce young,QB,4685720,168.9,319.0,0.0
Cam Ward,cam ward,QB,4688380,169.21,320.0,0.0
Jacoby Brissett,jacoby brissett,QB,2578570,169.93,321.0,0.0
Ty Johnson,ty johnson,RB,3915411,170.75,322.0,0.0
Chris Brooks,chris brooks,RB,3149687,170.35,324.0,0.0
Cooper Kupp,cooper kupp,WR,2977187,169.34,325.0,0.0
Brashard Smith,brashard smith,RB,4596602,170.25,326.0,0.0
Malik Davis,malik davis,RB,4240603,170.28,327.0,0.0
Xavier Legette,xavier legette,WR,4430034,170.74,328.0,0.0
Jahan Dotson,jahan dotson,WR,4361409,170.67,329.0,0.0
Xavier Hutchinson,xavier hutchinson,WR,4686422,170.22,330.0,0.0
Jalen Tolbert,jalen tolbert,WR,4249417,170.55,331.0,0.0
Chris Bell,chris bell,WR,4869961,170.54,332.0,0.0
DeMario Douglas,demario douglas,WR,4427095,170.48,333.0,0.0
Darius Slayton,darius slayton,WR,3916945,170.56,335.0,0.0
Antonio Williams,antonio williams,WR,5081432,170.44,337.0,0.0
Emmett Johnson,emmett johnson,RB,4832955,169.91,343.0,0.0
Isaiah Davis,isaiah davis,RB,4695404,170.54,344.0,0.0
Jacob Saylors,jacob saylors,RB,4383429,170.09,345.0,0.0
LeQuint Allen Jr.,lequint allen,RB,4911851,170.35,346.0,0.0
George Holani,george holani,RB,4429835,170.32,349.0,0.0
Tyrone Tracy Jr.,tyrone tracy,RB,4360516,170.36,350.0,0.0
Sean Tucker,sean tucker,RB,4430871,170.35,351.0,0.0
Seth McGowan,seth mcgowan,RB,4686468,170.26,352.0,0.0
Jordan James,jordan james,RB,4685397,170.77,353.0,0.0
Will Shipley,will shipley,RB,4431545,170.15,355.0,0.0
Emanuel Wilson,emanuel wilson,RB,4887558,170.2,356.0,0.0
Emari Demercado,emari demercado,RB,4362478,170.27,357.0,0.0
Tyquan Thornton,tyquan thornton,WR,4362921,170.35,358.0,0.0
Keon Coleman,keon coleman,WR,4635008,170.26,359.0,0.0
Greg Dulcich,greg dulcich,TE,4367209,170.48,366.0,0.0
Darren Waller,darren waller,TE,2576925,170.39,367.0,0.0
Cade Otton,cade otton,TE,4243331,170.33,369.0,0.0
Isaac TeSlaa,isaac teslaa,WR,5123663,170.29,370.0,0.0
Pat Bryant,pat bryant,WR,4600981,170.38,371.0,0.0
Marvin Mims Jr.,marvin mims,WR,4686472,170.16,372.0,0.0
Andrei Iosivas,andrei iosivas,WR,4368003,170.14,376.0,0.0
Kaleb Johnson,kaleb johnson,RB,4819231,169.95,378.0,0.0
Nicholas Singleton,nicholas singleton,RB,4685555,170.34,380.0,0.0
Geno Smith,geno smith,QB,15864,170.04,382.0,0.0
Fernando Mendoza,fernando mendoza,QB,4837248,168.51,385.0,0.0
Aaron Rodgers,aaron rodgers,QB,8439,169.2,387.0,0.0
Deshaun Watson,deshaun watson,QB,3122840,170.11,390.0,0.0
Kevin Coleman Jr.,kevin coleman,WR,4685307,170.06,391.0,0.0
KaVontae Turpin,kavontae turpin,WR,3676833,169.78,392.0,0.0
Jack Bech,jack bech,WR,4603186,170.2,393.0,0.0
Tory Horton,tory horton,WR,4597703,170.19,395.0,0.0
Kendre Miller,kendre miller,RB,4599739,170.18,396.0,0.0
Tahj Brooks,tahj brooks,RB,4429299,170.15,397.0,0.0
Demond Claiborne,demond claiborne,RB,4832846,170.3,398.0,0.0
Rasheen Ali,rasheen ali,RB,4690013,170.09,399.0,0.0
Kaytron Allen,kaytron allen,RB,4685246,170.35,402.0,0.0
DJ Giddens,dj giddens,RB,4874509,170.13,403.0,0.0
Sione Vaki,sione vaki,RB,4912274,170.03,404.0,0.0
Kene Nwangwu,kene nwangwu,RB,4035537,170.1,405.0,0.0
Ted Hurst III,ted hurst,WR,5220680,170.17,406.0,0.0
Evan Engram,evan engram,TE,3051876,170.03,412.0,0.0
David Njoku,david njoku,TE,3123076,169.72,414.0,0.0
Oronde Gadsden,oronde gadsden,TE,4595342,170.22,416.0,0.0
Mike Gesicki,mike gesicki,TE,3116164,170.22,417.0,0.0
Michael Mayer,michael mayer,TE,4429086,170.22,418.0,0.0
Darnell Mooney,darnell mooney,WR,4040655,170.38,419.0,0.0
Mack Hollins,mack hollins,WR,2991662,170.1,421.0,0.0
Tua Tagovailoa,tua tagovailoa,QB,4241479,170.09,422.0,0.0
Shedeur Sanders,shedeur sanders,QB,4432762,169.88,429.0,0.0
Kirk Cousins,kirk cousins,QB,14880,169.98,430.0,0.0
Bam Knight,bam knight,RB,4427728,170.09,431.0,0.0
Dylan Laube,dylan laube,RB,4366963,170.06,432.0,0.0
Tyler Badie,tyler badie,RB,4362748,170.05,433.0,0.0
Ameer Abdullah,ameer abdullah,RB,2576336,170.0,435.0,0.0
Adam Randall,adam randall,RB,4685526,170.24,436.0,0.0
James Conner,james conner,RB,3045147,170.11,437.0,0.0
Eli Heidenreich,eli heidenreich,RB,5081508,169.99,438.0,0.0
Michael Penix Jr.,michael penix,QB,4360423,170.1,440.0,0.0
Jake Tonges,jake tonges,TE,4259147,170.13,441.0,0.0
Colby Parkinson,colby parkinson,TE,4242557,170.21,442.0,0.0
Erick All Jr.,erick all,TE,4427834,170.04,443.0,0.0
Darnell Washington,darnell washington,TE,4430802,169.84,445.0,0.0
J.J. McCarthy,j j mccarthy,QB,4433970,169.9,447.0,0.0
Carson Beck,carson beck,QB,4430841,170.01,451.0,0.0
Justin Fields,justin fields,QB,4362887,169.97,453.0,0.0
Joe Flacco,joe flacco,QB,11252,169.97,454.0,0.0
Mac Jones,mac jones,QB,4241464,169.98,455.0,0.0
Jam Miller,jam miller,RB,4685477,170.01,456.0,0.0
Trey Benson,trey benson,RB,4429275,169.98,457.0,0.0
Riley Nowakowski,riley nowakowski,RB,4693370,169.99,458.0,0.0
Dawson Knox,dawson knox,TE,3930086,169.81,459.0,0.0
Elijah Arroyo,elijah arroyo,TE,4678006,169.93,460.0,0.0
Mason Taylor,mason taylor,TE,4808766,170.0,464.0,0.0
Theo Johnson,theo johnson,TE,4429148,170.11,465.0,0.0
Cole Kmet,cole kmet,TE,4258595,169.75,466.0,0.0
Ja'Tavion Sanders,ja tavion sanders,TE,4431588,169.95,467.0,0.0
Noah Gray,noah gray,TE,4240472,169.92,468.0,0.0
Eli Stowers,eli stowers,TE,4431574,169.97,469.0,0.0
Tyler Higbee,tyler higbee,TE,2573401,169.88,470.0,0.0
Max Klare,max klare,TE,4833029,169.99,471.0,0.0
Drew Sample,drew sample,TE,3127310,169.97,472.0,0.0
Eli Raridon,eli raridon,TE,4831959,169.98,473.0,0.0
Ty Simpson,ty simpson,QB,4685522,169.97,476.0,0.0
Jameis Winston,jameis winston,QB,2969939,169.96,477.0,0.0
Anthony Richardson Sr.,anthony richardson,QB,4429084,169.98,478.0,0.0
Jalon Daniels,jalon daniels,QB,4596472,169.95,479.0,0.0
Jarrett Stidham,jarrett stidham,QB,3892775,169.99,480.0,0.0
Tommy DeVito,tommy devito,QB,4240391,169.95,482.0,0.0
Marcus Mariota,marcus mariota,QB,2576980,169.99,483.0,0.0
Tyson Bagent,tyson bagent,QB,4434153,169.98,484.0,0.0
Sam Howell,sam howell,QB,4426875,169.97,485.0,0.0
Tanner McKee,tanner mckee,QB,4685201,169.98,486.0,0.0
