player,name_key,team,position,yahoo_player_id,yahoo_adp,yahoo_auction,yahoo_pct_drafted
Jahmyr Gibbs,jahmyr gibbs,DET,RB,40059,1.3,73.5,1.0
Bijan Robinson,bijan robinson,ATL,RB,40055,2.0,71.5,1.0
Ja'Marr Chase,ja marr chase,CIN,WR,33393,3.5,64.4,1.0
Puka Nacua,puka nacua,LAR,WR,40168,4.9,61.2,1.0
Jonathan Taylor,jonathan taylor,IND,RB,32711,6.3,59.3,1.0
Christian McCaffrey,christian mccaffrey,SF,RB,30121,5.9,59.7,1.0
Amon-Ra St. Brown,amon ra st brown,DET,WR,33500,7.9,56.6,1.0
Jaxon Smith-Njigba,jaxon smith njigba,SEA,WR,40041,7.2,58.5,1.0
James Cook III,james cook,BUF,RB,34019,9.4,54.2,1.0
Saquon Barkley,saquon barkley,PHI,RB,30972,11.4,49.0,1.0
CeeDee Lamb,ceedee lamb,DAL,WR,32687,11.0,50.5,1.0
Kenneth Walker III,kenneth walker,KC,RB,33996,15.5,43.9,1.0
Justin Jefferson,justin jefferson,MIN,WR,32692,13.2,47.0,1.0
Chase Brown,chase brown,CIN,RB,40196,15.8,46.2,1.0
De'Von Achane,de von achane,MIA,RB,40118,15.3,43.8,1.0
Omarion Hampton,omarion hampton,LAC,RB,41807,18.3,43.9,1.0
Derrick Henry,derrick henry,BAL,RB,29279,17.2,40.5,1.0
Nico Collins,nico collins,HOU,WR,33477,21.7,35.1,1.0
Brock Bowers,brock bowers,LV,TE,40878,21.0,35.7,1.0
Drake London,drake london,ATL,WR,33963,20.0,37.5,1.0
Ashton Jeanty,ashton jeanty,LV,RB,41791,17.4,43.3,1.0
George Pickens,george pickens,DAL,WR,34007,22.5,31.8,1.0
A.J. Brown,a j brown,NE,WR,31883,24.1,31.8,1.0
Malik Nabers,malik nabers,NYG,WR,40899,30.6,27.2,1.0
Chris Olave,chris olave,NO,WR,33966,31.5,24.7,1.0
DeVonta Smith,devonta smith,PHI,WR,33398,29.5,25.2,1.0
Kyren Williams,kyren williams,LAR,RB,34120,28.1,27.1,1.0
Jeremiyah Love,jeremiyah love,ARI,RB,42625,29.7,27.8,1.0
Tee Higgins,tee higgins,CIN,WR,32703,33.5,21.0,1.0
Breece Hall,breece hall,NYJ,RB,33991,34.7,22.3,1.0
Trey McBride,trey mcbride,ARI,TE,34010,26.9,28.7,1.0
Josh Allen,josh allen,BUF,QB,30977,20.4,29.8,1.0
Zay Flowers,zay flowers,BAL,WR,40039,35.7,19.0,1.0
Javonte Williams,javonte williams,DAL,RB,33423,33.9,23.8,1.0
Jaylen Waddle,jaylen waddle,DEN,WR,33394,40.2,16.5,1.0
Rashee Rice,rashee rice,KC,WR,40084,35.5,22.1,1.0
Colston Loveland,colston loveland,CHI,TE,41795,39.3,18.2,1.0
Garrett Wilson,garrett wilson,NYJ,WR,33965,48.2,14.0,1.0
Tetairoa McMillan,tetairoa mcmillan,CAR,WR,41793,41.9,16.4,1.0
Ladd McConkey,ladd mcconkey,LAC,WR,40908,44.7,15.0,1.0
Travis Etienne Jr.,travis etienne,NO,RB,33413,42.2,17.9,1.0
D'Andre Swift,d andre swift,CHI,RB,32705,45.8,14.7,1.0
Emeka Egbuka,emeka egbuka,TB,WR,41804,45.4,14.1,1.0
Luther Burden III,luther burden,CHI,WR,41824,58.1,10.5,1.0
Terry McLaurin,terry mclaurin,WAS,WR,31908,54.1,10.2,1.0
Cam Skattebo,cam skattebo,NYG,RB,41922,42.4,16.7,1.0
DJ Moore,dj moore,BUF,WR,30994,59.5,9.1,1.0
Tyler Warren,tyler warren,IND,TE,41799,47.1,13.0,1.0
Rome Odunze,rome odunze,CHI,WR,40901,66.4,6.4,1.0
Lamar Jackson,lamar jackson,BAL,QB,31002,38.5,15.1,1.0
Bucky Irving,bucky irving,TB,RB,40993,54.4,11.2,1.0
Jameson Williams,jameson williams,DET,WR,33967,65.7,6.6,1.0
Christian Watson,christian watson,GB,WR,33989,67.8,6.1,1.0
Bhayshul Tuten,bhayshul tuten,JAX,RB,41900,61.4,9.7,1.0
Parker Washington,parker washington,JAX,WR,40234,77.8,4.4,1.0
Davante Adams,davante adams,LAR,WR,27581,56.4,9.7,1.0
David Montgomery,david montgomery,HOU,RB,31905,53.1,12.2,1.0
Quinshon Judkins,quinshon judkins,CLE,RB,41821,54.4,11.4,1.0
Jadarian Price,jadarian price,SEA,RB,42654,64.1,9.8,1.0
Mike Evans,mike evans,SF,WR,27535,69.2,5.9,1.0
Drake Maye,drake maye,NE,QB,40881,47.6,9.4,1.0
Rhamondre Stevenson,rhamondre stevenson,NE,RB,33508,77.7,4.1,1.0
Joe Burrow,joe burrow,CIN,QB,32671,50.1,8.5,1.0
TreVeyon Henderson,treveyon henderson,NE,RB,41823,66.4,7.4,1.0
Jayden Daniels,jayden daniels,WAS,QB,40896,55.0,6.5,1.0
Jalen Hurts,jalen hurts,PHI,QB,32723,56.8,6.1,1.0
Tucker Kraft,tucker kraft,GB,TE,40102,60.4,6.0,1.0
Marvin Harrison Jr.,marvin harrison,ARI,WR,40893,78.3,3.7,1.0
Jaylen Warren,jaylen warren,PIT,RB,34447,76.3,4.3,1.0
Sam LaPorta,sam laporta,DET,TE,40064,63.2,4.6,1.0
Caleb Williams,caleb williams,CHI,QB,40900,66.9,3.7,1.0
Brian Thomas Jr.,brian thomas,JAX,WR,40883,84.1,2.6,1.0
Carnell Tate,carnell tate,TEN,WR,42626,81.4,3.3,1.0
Justin Herbert,justin herbert,LAC,QB,32676,70.3,3.6,1.0
Jonathon Brooks,jonathon brooks,CAR,RB,40926,91.8,4.1,0.95
DK Metcalf,dk metcalf,PIT,WR,31896,85.8,2.3,1.0
Harold Fannin Jr.,harold fannin,CLE,TE,41877,70.9,3.5,1.0
Dak Prescott,dak prescott,DAL,QB,29369,73.3,3.6,1.0
Kyle Pitts Sr.,kyle pitts,ATL,TE,33392,72.3,3.5,1.0
Trevor Lawrence,trevor lawrence,JAX,QB,33389,83.9,2.5,1.0
Rico Dowdle,rico dowdle,PIT,RB,33100,86.5,3.4,1.0
Tony Pollard,tony pollard,TEN,RB,31960,85.9,3.5,1.0
Chris Godwin Jr.,chris godwin,TB,WR,30197,95.8,2.0,1.0
MarShawn Lloyd,marshawn lloyd,GB,RB,40971,100.2,4.0,0.25
J.K. Dobbins,j k dobbins,DEN,RB,32725,94.9,2.5,1.0
Michael Wilson,michael wilson,ARI,WR,40121,100.8,1.8,0.99
Josh Downs,josh downs,IND,WR,40126,106.8,1.4,0.97
George Kittle,george kittle,SF,TE,30259,83.3,3.2,1.0
Chuba Hubbard,chuba hubbard,CAR,RB,33514,90.1,3.6,1.0
Jacory Croskey-Merritt,jacory croskey merritt,WAS,RB,42010,107.0,2.0,0.95
Quentin Johnston,quentin johnston,LAC,WR,40051,109.7,1.4,0.95
Stefon Diggs,stefon diggs,WAS,WR,28534,104.5,1.7,0.82
Blake Corum,blake corum,LAR,RB,40962,99.5,3.0,1.0
De'Zhaun Stribling,de zhaun stribling,SF,WR,42655,109.2,2.4,0.55
Jordan Addison,jordan addison,MIN,WR,40042,115.7,1.2,0.97
Jayden Reed,jayden reed,GB,WR,40063,116.9,1.2,0.95
Brock Purdy,brock purdy,SF,QB,34218,98.4,1.4,0.99
Alec Pierce,alec pierce,IND,WR,34008,95.7,2.6,0.99
KC Concepcion,kc concepcion,CLE,WR,42646,123.8,1.3,0.58
Courtland Sutton,courtland sutton,DEN,WR,31010,105.6,1.7,0.99
Matthew Golden,matthew golden,GB,WR,41808,126.0,1.2,0.69
Bo Nix,bo nix,DEN,QB,40875,98.9,1.5,0.99
Jordan Mason,jordan mason,MIN,RB,34320,112.7,2.3,0.92
Michael Pittman Jr.,michael pittman,PIT,WR,32704,120.8,1.3,0.92
Makai Lemon,makai lemon,PHI,WR,42642,116.6,1.4,0.87
Jaxson Dart,jaxson dart,NYG,QB,41810,91.8,2.5,1.0
Dalton Kincaid,dalton kincaid,BUF,TE,40048,97.8,1.4,1.0
Josh Jacobs,josh jacobs,GB,RB,31856,46.1,19.8,0.99
Kyle Monangai,kyle monangai,CHI,RB,42025,108.9,2.1,0.94
RJ Harvey,rj harvey,DEN,RB,41845,108.3,2.2,0.96
Chris Rodriguez Jr.,chris rodriguez,JAX,RB,40231,130.8,1.2,0.44
Wan'Dale Robinson,wan dale robinson,TEN,WR,33998,130.8,1.3,0.48
Matthew Stafford,matthew stafford,LAR,QB,9265,99.7,1.7,0.98
Kenny Gainwell,kenny gainwell,TB,RB,33538,119.8,1.9,0.84
Kyler Murray,kyler murray,MIN,QB,31833,112.6,1.3,0.92
Rachaad White,rachaad white,WAS,RB,34047,124.0,1.4,0.64
Jalen Coker,jalen coker,CAR,WR,41293,133.3,1.1,0.27
Jared Goff,jared goff,DET,QB,29235,113.8,1.3,0.93
Dallas Goedert,dallas goedert,PHI,TE,31019,105.4,1.4,0.99
Patrick Mahomes,patrick mahomes,KC,QB,30123,103.1,2.1,0.98
Travis Kelce,travis kelce,KC,TE,26686,94.7,2.1,1.0
Jordan Love,jordan love,GB,QB,32696,123.0,1.1,0.65
Isaiah Likely,isaiah likely,NYG,TE,34095,109.5,1.8,0.99
Romeo Doubs,romeo doubs,NE,WR,34088,132.0,1.1,0.29
Aaron Jones Sr.,aaron jones,MIN,RB,30295,124.1,1.6,0.65
Jakobi Meyers,jakobi meyers,JAX,WR,32231,130.2,1.1,0.45
Keaton Mitchell,keaton mitchell,LAC,RB,40641,131.7,1.2,0.11
Mike Washington Jr.,mike washington,LV,RB,42744,123.3,2.9,0.18
Jordyn Tyson,jordyn tyson,NO,WR,42630,100.2,1.9,0.66
Xavier Worthy,xavier worthy,KC,WR,40877,129.1,1.1,0.38
Woody Marks,woody marks,HOU,RB,41902,130.7,1.2,0.14
Malik Willis,malik willis,MIA,QB,34042,125.1,1.1,0.36
Rashid Shaheed,rashid shaheed,SEA,WR,34659,128.4,1.1,0.15
Mark Andrews,mark andrews,BAL,TE,31056,113.2,1.2,0.97
Baker Mayfield,baker mayfield,TB,QB,30971,125.9,1.1,0.41
Tyler Allgeier,tyler allgeier,ARI,RB,34107,130.0,1.3,0.2
Tank Bigsby,tank bigsby,PHI,RB,40095,129.6,1.2,0.07
Tyler Shough,tyler shough,NO,QB,41825,130.1,1.2,0.24
Tyjae Spears,tyjae spears,TEN,RB,40119,132.6,1.1,0.05
Khalil Shakir,khalil shakir,BUF,WR,34104,130.9,1.1,0.12
Juwan Johnson,juwan johnson,NO,TE,33113,124.2,1.1,0.52
Jonah Coleman,jonah coleman,DEN,RB,42730,129.2,1.3,0.07
Denzel Boston,denzel boston,CLE,WR,42661,131.4,1.3,0.04
Zach Charbonnet,zach charbonnet,SEA,RB,40075,130.5,2.0,0.28
Keenan Allen,keenan allen,IND,WR,26699,125.7,1.1,0.05
Jake Ferguson,jake ferguson,DAL,TE,34085,117.2,1.2,0.92
Tre Tucker,tre tucker,LV,WR,40114,128.1,1.1,0.02
Dalton Schultz,dalton schultz,HOU,TE,31107,126.6,1.0,0.24
Deebo Samuel Sr.,deebo samuel,SF,WR,31868,127.3,1.3,0.23
Sam Darnold,sam darnold,SEA,QB,30973,122.5,1.2,0.17
Ray Davis,ray davis,BUF,RB,40980,123.3,1.1,0.02
Chig Okonkwo,chig okonkwo,WAS,TE,34099,126.5,1.0,0.43
Terrance Ferguson,terrance ferguson,LAR,TE,41831,127.3,1.1,0.06
Kaelon Black,kaelon black,SF,RB,42712,130.5,1.2,0.03
Brian Robinson,brian robinson,ATL,RB,34054,119.5,18.4,0.06
Braelon Allen,braelon allen,NYJ,RB,40981,127.9,1.1,0.02
Daniel Jones,daniel jones,IND,QB,31838,127.1,1.1,0.06
Hunter Henry,hunter henry,NE,TE,29269,127.5,1.1,0.52
C.J. Stroud,c j stroud,HOU,QB,40030,125.5,1.2,0.09
Brenton Strange,brenton strange,JAX,TE,40078,129.4,1.0,0.32
Emmett Johnson,emmett johnson,KC,RB,42796,126.6,1.5,0.02
Ja'Kobi Lane,ja kobi lane,BAL,WR,42702,126.9,1.2,0.03
Travis Hunter,travis hunter,JAX,WR,99001,125.5,1.1,0.06
Jalen Nailor,jalen nailor,LV,WR,34147,129.2,1.1,0.02
Isiah Pacheco,isiah pacheco,DET,RB,34207,125.5,1.2,0.09
Cam Ward,cam ward,TEN,QB,41786,124.3,1.3,0.02
AJ Barner,aj barner,SEA,TE,41001,125.5,1.1,0.06
Bryce Young,bryce young,CAR,QB,40029,121.5,1.4,0.02
Alvin Kamara,alvin kamara,NO,RB,30180,125.9,1.3,0.14
Greg Dulcich,greg dulcich,MIA,TE,34036,131.4,1.3,0.02
Kenyon Sadiq,kenyon sadiq,NYJ,TE,42638,130.0,1.1,0.11
T.J. Hockenson,t j hockenson,MIN,TE,31840,128.4,1.2,0.09
Jauan Jennings,jauan jennings,MIN,WR,32887,126.0,1.1,0.02
Oronde Gadsden,oronde gadsden,LAC,TE,41951,126.6,1.0,0.2
Tyrone Tracy Jr.,tyrone tracy,NYG,RB,41048,130.8,1.2,0.13
James Conner,james conner,ARI,RB,30218,125.7,1.1,0.02
Cooper Kupp,cooper kupp,SEA,WR,30182,120.2,1.0,0.04
Fernando Mendoza,fernando mendoza,LV,QB,42623,118.7,1.2,0.04
Aaron Rodgers,aaron rodgers,PIT,QB,7200,116.1,1.5,0.02
Isaac TeSlaa,isaac teslaa,DET,WR,41865,124.4,1.0,0.02
Pat Freiermuth,pat freiermuth,PIT,TE,33443,124.4,1.4,0.03
David Njoku,david njoku,LAC,TE,30142,124.2,1.2,0.03
Tyreek Hill,tyreek hill,MIA,WR,29399,129.4,1.4,0.02
Ricky Pearsall,ricky pearsall,SF,WR,40892,114.9,1.2,0.26
Jayden Higgins,jayden higgins,HOU,WR,41819,133.0,1.1,0.1
