year,team,conference,division,ranking,rating,source_year
2016,Alabama,SEC,West,1,33.5909660546146,2016
2016,Washington,Pac-12,North,2,27.2880505579715,2016
2016,Clemson,ACC,Atlantic,3,25.2604080772959,2016
2016,Michigan,Big Ten,East,4,24.0916014083985,2016
2016,Ohio State,Big Ten,East,5,23.2929520972127,2016
2016,LSU,SEC,West,6,21.2080450323098,2016
2016,USC,Pac-12,South,7,19.3643817199526,2016
2016,Wisconsin,Big Ten,West,8,17.930120223639,2016
2016,Florida State,ACC,Atlantic,9,17.4955221215209,2016
2016,Penn State,Big Ten,East,10,17.4879746171228,2016
2016,Louisville,ACC,Atlantic,11,17.2853109818589,2016
2016,Oklahoma,Big 12,,12,17.2134845290694,2016
2016,Miami,ACC,Coastal,13,16.8084437845902,2016
2016,Auburn,SEC,West,14,16.7907197781429,2016
2016,Washington State,Pac-12,North,15,15.4777914064518,2016
2016,Colorado,Pac-12,South,16,15.2611738154604,2016
2016,Virginia Tech,ACC,Coastal,17,14.956628450091,2016
2016,Western Michigan,Mid-American,West,18,13.4793842599415,2016
2016,Stanford,Pac-12,North,19,12.6886624356549,2016
2016,Oklahoma State,Big 12,,20,12.4161229292341,2016
2016,Florida,SEC,East,21,12.3887845408199,2016
2016,Texas A&M,SEC,West,22,11.4678757205457,2016
2016,Iowa,Big Ten,West,23,11.0199916533439,2016
2016,Pittsburgh,ACC,Coastal,24,10.5944254801065,2016
2016,Tennessee,SEC,East,25,10.4427100326983,2016
2016,West Virginia,Big 12,,26,10.4358013428621,2016
2016,North Carolina,ACC,Coastal,27,10.2092822804054,2016
2016,Western Kentucky,Conference USA,East,28,10.0921106819454,2016
2016,Northwestern,Big Ten,West,29,9.92458732097194,2016
2016,Kansas State,Big 12,,30,9.71369830781239,2016
2016,Utah,Pac-12,South,31,9.21966229726325,2016
2016,Minnesota,Big Ten,West,32,9.04073219302645,2016
2016,Temple,American Athletic,East,33,7.79586762611985,2016
2016,NC State,ACC,Atlantic,34,7.64172867058333,2016
2016,Georgia Tech,ACC,Coastal,35,7.32200059392706,2016
2016,BYU,FBS Independents,,36,7.31924800603024,2016
2016,South Florida,American Athletic,East,37,7.20727313797873,2016
2016,Boise State,Mountain West,Mountain,38,6.94901988885047,2016
2016,Nebraska,Big Ten,West,39,6.87178032436094,2016
2016,Notre Dame,FBS Independents,,40,6.44617550300473,2016
2016,Ole Miss,SEC,West,41,6.10582640632454,2016
2016,Tulsa,American Athletic,West,42,5.87904349441916,2016
2016,Houston,American Athletic,West,43,5.37204177299931,2016
2016,San Diego State,Mountain West,West,44,5.37175144651864,2016
2016,Toledo,Mid-American,West,45,4.98993693781041,2016
2016,App State,Sun Belt,,46,4.96843286695315,2016
2016,Georgia,SEC,East,47,4.71899551570444,2016
2016,TCU,Big 12,,48,4.28412900137947,2016
2016,Arkansas,SEC,West,49,4.1624853910264,2016
2016,Memphis,American Athletic,West,50,3.97130228592342,2016
2016,Baylor,Big 12,,51,3.85847550240111,2016
2016,Mississippi State,SEC,West,52,3.45548517941222,2016
2016,UCLA,Pac-12,South,53,3.42025145565521,2016
2016,Vanderbilt,SEC,East,54,2.6184920489754,2016
2016,Texas,Big 12,,55,2.59769625975196,2016
2016,Navy,American Athletic,West,56,2.4539236509197,2016
2016,Oregon,Pac-12,North,57,2.2041742780277,2016
2016,California,Pac-12,North,58,1.97095066689327,2016
2016,Oregon State,Pac-12,North,59,1.60151542799765,2016
2016,Troy,Sun Belt,,60,1.56028526728434,2016
2016,Louisiana Tech,Conference USA,West,61,1.54401530221678,2016
2016,Air Force,Mountain West,Mountain,62,1.24413167042028,2016
2016,Colorado State,Mountain West,Mountain,63,1.16686300007913,2016
2016,Michigan State,Big Ten,East,64,1.14983646863316,2016
2016,Texas Tech,Big 12,,65,1.00437796529513,2016
2016,Indiana,Big Ten,East,66,0.964736595035601,2016
2016,Kentucky,SEC,East,67,0.250433351991331,2016
2016,Wake Forest,ACC,Atlantic,68,0.229473491449829,2016
2016,Maryland,Big Ten,East,69,-0.782979072147935,2016
2016,Duke,ACC,Coastal,70,-0.983639864705779,2016
2016,UCF,American Athletic,East,71,-1.15978341223176,2016
2016,Arkansas State,Sun Belt,,72,-1.1979580664355,2016
2016,Iowa State,Big 12,,73,-1.71218230642298,2016
2016,Wyoming,Mountain West,Mountain,74,-1.90093717178037,2016
2016,Arizona State,Pac-12,South,75,-2.14001802841997,2016
2016,Boston College,ACC,Atlantic,76,-2.39562977344233,2016
2016,South Carolina,SEC,East,77,-2.83243258319577,2016
2016,Northern Illinois,Mid-American,West,78,-3.17398896545236,2016
2016,Missouri,SEC,East,79,-3.61081264315853,2016
2016,Idaho,Sun Belt,,80,-4.14721652641567,2016
2016,Old Dominion,Conference USA,East,81,-4.1842763802168,2016
2016,Ohio,Mid-American,East,82,-4.57662325532245,2016
2016,Arizona,Pac-12,South,83,-4.90379928728076,2016
2016,Army,FBS Independents,,84,-5.23833283288768,2016
2016,New Mexico,Mountain West,Mountain,85,-5.3497250531459,2016
2016,Virginia,ACC,Coastal,86,-5.35803356528149,2016
2016,Syracuse,ACC,Atlantic,87,-6.88623754801191,2016
2016,Miami (OH),Mid-American,East,88,-7.07463989628732,2016
2016,UTSA,Conference USA,West,89,-7.34721318830964,2016
2016,Georgia Southern,Sun Belt,,90,-7.81579865860589,2016
2016,SMU,American Athletic,West,91,-8.33634219854246,2016
2016,Eastern Michigan,Mid-American,West,92,-8.72409398985751,2016
2016,Southern Miss,Conference USA,West,93,-8.77826627781831,2016
2016,Central Michigan,Mid-American,West,94,-9.09453952526874,2016
2016,Utah State,Mountain West,Mountain,95,-9.29726200658449,2016
2016,Middle Tennessee,Conference USA,East,96,-9.3881597580781,2016
2016,Louisiana,Sun Belt,,97,-9.84118661985666,2016
2016,South Alabama,Sun Belt,,98,-10.0200896883735,2016
2016,Illinois,Big Ten,West,99,-10.0826285377318,2016
2016,Tulane,American Athletic,West,100,-10.3280185906873,2016
2016,Kent State,Mid-American,East,101,-10.5037917058314,2016
2016,Rutgers,Big Ten,East,102,-10.943587006571,2016
2016,Hawai'i,Mountain West,West,103,-11.4425112541058,2016
2016,Akron,Mid-American,East,104,-11.6409521720859,2016
2016,Cincinnati,American Athletic,East,105,-11.684403612296,2016
2016,Ball State,Mid-American,West,106,-12.2033638339111,2016
2016,Purdue,Big Ten,West,107,-12.6826430411991,2016
2016,Bowling Green,Mid-American,East,108,-12.7386297164621,2016
2016,East Carolina,American Athletic,East,109,-13.1862205404302,2016
2016,Nevada,Mountain West,West,110,-13.6989851585147,2016
2016,Georgia State,Sun Belt,,111,-14.6389784933595,2016
2016,UNLV,Mountain West,West,112,-15.2844267126864,2016
2016,Kansas,Big 12,,113,-15.6630652216379,2016
2016,North Texas,Conference USA,West,114,-16.5075815249903,2016
2016,Massachusetts,FBS Independents,,115,-17.0026154201823,2016
2016,San José State,Mountain West,West,116,-17.2147176401644,2016
2016,UConn,American Athletic,East,117,-17.4699291685785,2016
2016,New Mexico State,Sun Belt,,118,-18.5960332199423,2016
2016,Florida International,Conference USA,East,119,-19.1137193361212,2016
2016,Charlotte,Conference USA,East,120,-19.6006376881824,2016
2016,UL Monroe,Sun Belt,,121,-19.6154685511281,2016
2016,Marshall,Conference USA,East,122,-20.0244313143606,2016
2016,Florida Atlantic,Conference USA,East,123,-20.0269984643843,2016
2016,Fresno State,Mountain West,West,124,-20.5376723544043,2016
2016,Rice,Conference USA,West,125,-20.6010344688383,2016
2016,UTEP,Conference USA,West,126,-21.2956131028673,2016
2016,Buffalo,Mid-American,East,127,-22.7968684591142,2016
2016,Texas State,Sun Belt,,128,-29.2318381303815,2016
2017,Georgia,SEC,East,1,27.0164531385255,2017
2017,Alabama,SEC,West,2,26.3060179322481,2017
2017,Clemson,ACC,Atlantic,3,25.9111063647982,2017
2017,Penn State,Big Ten,East,4,25.5987528157465,2017
2017,Ohio State,Big Ten,East,5,25.5778370246385,2017
2017,Wisconsin,Big Ten,West,6,24.7492194308228,2017
2017,Auburn,SEC,West,7,23.6191305799199,2017
2017,Oklahoma,Big 12,,8,22.6831040775295,2017
2017,Notre Dame,FBS Independents,,9,21.959653081204,2017
2017,UCF,American Athletic,East,10,20.6959054358322,2017
2017,Washington,Pac-12,North,11,20.0662803526103,2017
2017,Oklahoma State,Big 12,,12,18.425085780182,2017
2017,TCU,Big 12,,13,16.7864365163013,2017
2017,Iowa,Big Ten,West,14,16.2756896302117,2017
2017,Miami,ACC,Coastal,15,15.8091999269009,2017
2017,Virginia Tech,ACC,Coastal,16,14.813382014659,2017
2017,Iowa State,Big 12,,17,14.2790223637207,2017
2017,Mississippi State,SEC,West,18,14.0870176819688,2017
2017,Wake Forest,ACC,Atlantic,19,13.7873319551826,2017
2017,NC State,ACC,Atlantic,20,13.6723026611975,2017
2017,Louisville,ACC,Atlantic,21,13.2800344564996,2017
2017,Northwestern,Big Ten,West,22,13.1430488250108,2017
2017,Michigan,Big Ten,East,23,12.9120986672868,2017
2017,Michigan State,Big Ten,East,24,12.785506440005,2017
2017,Stanford,Pac-12,North,25,12.5403389470165,2017
2017,LSU,SEC,West,26,12.064126228206,2017
2017,USC,Pac-12,South,27,11.8614513068255,2017
2017,Boston College,ACC,Atlantic,28,11.1763068016829,2017
2017,Texas,Big 12,,29,11.1331117875227,2017
2017,Purdue,Big Ten,West,30,10.8313399208933,2017
2017,Memphis,American Athletic,West,31,10.5167012900206,2017
2017,Florida State,ACC,Atlantic,32,10.0831350696218,2017
2017,Florida Atlantic,Conference USA,East,33,9.54547051192018,2017
2017,South Florida,American Athletic,East,34,8.9384687841088,2017
2017,Georgia Tech,ACC,Coastal,35,8.6666464681641,2017
2017,Duke,ACC,Coastal,36,8.34258064029621,2017
2017,Boise State,Mountain West,Mountain,37,7.68447172099942,2017
2017,Utah,Pac-12,South,38,7.3204491486255,2017
2017,South Carolina,SEC,East,39,7.29522125966418,2017
2017,Kansas State,Big 12,,40,7.27275434272494,2017
2017,Washington State,Pac-12,North,41,6.5577653232264,2017
2017,West Virginia,Big 12,,42,6.50630147216285,2017
2017,Navy,American Athletic,West,43,6.05995127040955,2017
2017,Indiana,Big Ten,East,44,5.99142470678407,2017
2017,Texas A&M,SEC,West,45,5.43885846914921,2017
2017,Missouri,SEC,East,46,5.33086334455447,2017
2017,Texas Tech,Big 12,,47,4.76658949752651,2017
2017,Oregon,Pac-12,North,48,4.59333163396184,2017
2017,Pittsburgh,ACC,Coastal,49,3.89430903036652,2017
2017,Toledo,Mid-American,West,50,3.83864286873888,2017
2017,Arizona,Pac-12,South,51,3.41128037170948,2017
2017,Fresno State,Mountain West,West,52,3.31817852056457,2017
2017,San Diego State,Mountain West,West,53,3.14522315454417,2017
2017,Ohio,Mid-American,East,54,2.83564605816735,2017
2017,Minnesota,Big Ten,West,55,2.82346139898999,2017
2017,Houston,American Athletic,West,56,2.70636856766759,2017
2017,Arizona State,Pac-12,South,57,2.58581672689037,2017
2017,California,Pac-12,North,58,1.94250968331527,2017
2017,Ole Miss,SEC,West,59,1.62888776088941,2017
2017,App State,Sun Belt,,60,1.59446064798994,2017
2017,Troy,Sun Belt,,61,1.24301689477253,2017
2017,Syracuse,ACC,Atlantic,62,1.02534234907904,2017
2017,Army,FBS Independents,,63,0.874934707123565,2017
2017,UCLA,Pac-12,South,64,0.804297831536296,2017
2017,Kentucky,SEC,East,65,0.549817600954807,2017
2017,Northern Illinois,Mid-American,West,66,-0.143387687415995,2017
2017,Virginia,ACC,Coastal,67,-0.798333783964875,2017
2017,Maryland,Big Ten,East,68,-0.839542478780622,2017
2017,Florida,SEC,East,69,-0.894821131058979,2017
2017,Nebraska,Big Ten,West,70,-0.915860501685762,2017
2017,Temple,American Athletic,East,71,-1.58837956154596,2017
2017,SMU,American Athletic,West,72,-1.96021587452081,2017
2017,North Carolina,ACC,Coastal,73,-2.27528441097481,2017
2017,Wyoming,Mountain West,Mountain,74,-2.33538660669602,2017
2017,Colorado State,Mountain West,Mountain,75,-2.56529382428112,2017
2017,Marshall,Conference USA,East,76,-2.65534074964455,2017
2017,Colorado,Pac-12,South,77,-2.7787592103272,2017
2017,Arkansas State,Sun Belt,,78,-2.91013159634995,2017
2017,Tulane,American Athletic,West,79,-3.56130432375264,2017
2017,Eastern Michigan,Mid-American,West,80,-4.22235512147387,2017
2017,Baylor,Big 12,,81,-4.24401443111903,2017
2017,Buffalo,Mid-American,East,82,-4.2859791396084,2017
2017,Western Michigan,Mid-American,West,83,-4.37778804624496,2017
2017,Arkansas,SEC,West,84,-4.73081024990518,2017
2017,Vanderbilt,SEC,East,85,-5.0582764260831,2017
2017,Utah State,Mountain West,Mountain,86,-5.2024435474912,2017
2017,Louisiana Tech,Conference USA,West,87,-5.27065712930085,2017
2017,Central Michigan,Mid-American,West,88,-5.55123965582888,2017
2017,Rutgers,Big Ten,East,89,-6.14533379922621,2017
2017,Tennessee,SEC,East,90,-7.33428019414813,2017
2017,Air Force,Mountain West,Mountain,91,-7.83373014581196,2017
2017,North Texas,Conference USA,West,92,-8.24512910286371,2017
2017,Miami (OH),Mid-American,East,93,-8.43381464777958,2017
2017,Tulsa,American Athletic,West,94,-8.69565062090988,2017
2017,Middle Tennessee,Conference USA,East,95,-8.84784699875761,2017
2017,Akron,Mid-American,East,96,-8.90010958104075,2017
2017,UTSA,Conference USA,West,97,-9.00576320290248,2017
2017,Nevada,Mountain West,West,98,-9.19169312601915,2017
2017,Southern Miss,Conference USA,West,99,-9.67398238289108,2017
2017,UNLV,Mountain West,West,100,-9.85757304019206,2017
2017,Massachusetts,FBS Independents,,101,-10.2791481679134,2017
2017,BYU,FBS Independents,,102,-10.578498435647,2017
2017,Florida International,Conference USA,East,103,-10.9290355804247,2017
2017,New Mexico State,Sun Belt,,104,-11.2451848556458,2017
2017,Illinois,Big Ten,West,105,-11.3841536175125,2017
2017,Georgia State,Sun Belt,,106,-12.5615617114764,2017
2017,Cincinnati,American Athletic,East,107,-12.582052767938,2017
2017,UL Monroe,Sun Belt,,108,-12.7437987384737,2017
2017,UConn,American Athletic,East,109,-13.523028033366,2017
2017,UAB,Conference USA,West,110,-13.6410495993802,2017
2017,Bowling Green,Mid-American,East,111,-14.2654834287816,2017
2017,East Carolina,American Athletic,East,112,-14.7869214143453,2017
2017,Idaho,Sun Belt,,113,-14.9334981182654,2017
2017,Western Kentucky,Conference USA,East,114,-14.9641077425108,2017
2017,New Mexico,Mountain West,Mountain,115,-16.1953209796155,2017
2017,South Alabama,Sun Belt,,116,-16.2958488907452,2017
2017,Oregon State,Pac-12,North,117,-16.5419833900057,2017
2017,Coastal Carolina,Sun Belt,,118,-17.3502876662125,2017
2017,Kansas,Big 12,,119,-17.3733820173736,2017
2017,Georgia Southern,Sun Belt,,120,-17.3817188452838,2017
2017,Louisiana,Sun Belt,,121,-20.0047772392452,2017
2017,Hawai'i,Mountain West,West,122,-20.3151412525504,2017
2017,Old Dominion,Conference USA,East,123,-20.610412699361,2017
2017,Kent State,Mid-American,East,124,-22.6896687324436,2017
2017,Rice,Conference USA,West,125,-24.4422751272538,2017
2017,Texas State,Sun Belt,,126,-25.0089248440515,2017
2017,Charlotte,Conference USA,East,127,-25.4352243392068,2017
2017,San José State,Mountain West,West,128,-26.7242165364593,2017
2017,Ball State,Mid-American,West,129,-27.915031088187,2017
2017,UTEP,Conference USA,West,130,-28.9472230820953,2017
2018,Alabama,SEC,West,1,33.5327042463214,2018
2018,Clemson,ACC,Atlantic,2,32.7059959299744,2018
2018,Georgia,SEC,East,3,26.2706652614136,2018
2018,Oklahoma,Big 12,,4,21.3999485607172,2018
2018,Mississippi State,SEC,West,5,19.8323291150704,2018
2018,Florida,SEC,East,6,19.2588532505304,2018
2018,Michigan,Big Ten,East,7,19.0241409567723,2018
2018,Missouri,SEC,East,8,18.8779384668495,2018
2018,LSU,SEC,West,9,18.3332724270277,2018
2018,Ohio State,Big Ten,East,10,18.0599350811724,2018
2018,West Virginia,Big 12,,11,17.9429059119813,2018
2018,Texas A&M,SEC,West,12,17.932921991502,2018
2018,Notre Dame,FBS Independents,,13,17.7430716435744,2018
2018,Iowa,Big Ten,West,14,15.3671837226169,2018
2018,Auburn,SEC,West,15,15.0330922527981,2018
2018,Penn State,Big Ten,East,16,14.9092181850175,2018
2018,UCF,American Athletic,East,17,14.8573048889344,2018
2018,Kentucky,SEC,East,18,14.6950441413547,2018
2018,Utah State,Mountain West,Mountain,19,13.9033400339094,2018
2018,Washington State,Pac-12,North,20,12.9467511875473,2018
2018,Fresno State,Mountain West,West,21,12.7978845268557,2018
2018,Washington,Pac-12,North,22,12.1724690722356,2018
2018,Syracuse,ACC,Atlantic,23,12.105286915107,2018
2018,Texas,Big 12,,24,12.0982617584398,2018
2018,Iowa State,Big 12,,25,11.352222118128,2018
2018,App State,Sun Belt,East,26,10.6563299032509,2018
2018,Utah,Pac-12,South,27,10.5676810732455,2018
2018,Vanderbilt,SEC,East,28,9.92576388347224,2018
2018,South Carolina,SEC,East,29,9.65238257014932,2018
2018,Oklahoma State,Big 12,,30,9.564103228225,2018
2018,Army,FBS Independents,,31,9.50839781189653,2018
2018,Boise State,Mountain West,Mountain,32,9.3240336559705,2018
2018,Wisconsin,Big Ten,West,33,8.8010659826997,2018
2018,Stanford,Pac-12,North,34,8.25699518642176,2018
2018,NC State,ACC,Atlantic,35,7.87620574495056,2018
2018,Virginia,ACC,Coastal,36,7.6330925270792,2018
2018,Purdue,Big Ten,West,37,7.62325096218693,2018
2018,Ohio,Mid-American,East,38,7.37917048107857,2018
2018,Cincinnati,American Athletic,East,39,7.34008522125488,2018
2018,Texas Tech,Big 12,,40,7.2642034290667,2018
2018,Miami,ACC,Coastal,41,6.89100899434925,2018
2018,Duke,ACC,Coastal,42,6.36280865238864,2018
2018,Northwestern,Big Ten,West,43,6.34600890131443,2018
2018,Michigan State,Big Ten,East,44,6.20117821309371,2018
2018,Pittsburgh,ACC,Coastal,45,5.81404423660701,2018
2018,Minnesota,Big Ten,West,46,5.50261574323855,2018
2018,Boston College,ACC,Atlantic,47,5.26657166104899,2018
2018,Oregon,Pac-12,North,48,5.16856110077245,2018
2018,Arizona State,Pac-12,South,49,4.39687039925173,2018
2018,TCU,Big 12,,50,4.32844794930985,2018
2018,Maryland,Big Ten,East,51,3.96216867686133,2018
2018,Kansas State,Big 12,,52,3.90194431893174,2018
2018,Temple,American Athletic,East,53,3.70047287070817,2018
2018,Ole Miss,SEC,West,54,3.45816331017397,2018
2018,Georgia Tech,ACC,Coastal,55,3.43042231678247,2018
2018,BYU,FBS Independents,,56,3.23929559980626,2018
2018,Baylor,Big 12,,57,2.63689040369011,2018
2018,Nebraska,Big Ten,West,58,2.51308492847771,2018
2018,Indiana,Big Ten,East,59,1.54505355943428,2018
2018,USC,Pac-12,South,60,1.28241750968645,2018
2018,Memphis,American Athletic,West,61,1.15728542679805,2018
2018,Tennessee,SEC,East,62,0.934055289857118,2018
2018,Wake Forest,ACC,Atlantic,63,0.82901143780098,2018
2018,UAB,Conference USA,West,64,0.647755822815336,2018
2018,Buffalo,Mid-American,East,65,0.493405803898169,2018
2018,California,Pac-12,North,66,0.309442121162968,2018
2018,Georgia Southern,Sun Belt,East,67,-0.405632803575051,2018
2018,Middle Tennessee,Conference USA,East,68,-0.858745453506089,2018
2018,Houston,American Athletic,West,69,-1.06325090018473,2018
2018,Kansas,Big 12,,70,-1.21339893967841,2018
2018,Troy,Sun Belt,East,71,-1.35254281412702,2018
2018,Toledo,Mid-American,West,72,-1.58113617237025,2018
2018,Marshall,Conference USA,East,73,-1.58849348533,2018
2018,Air Force,Mountain West,Mountain,74,-1.79067775241451,2018
2018,Miami (OH),Mid-American,East,75,-2.1978689827172,2018
2018,North Texas,Conference USA,West,76,-2.28023620818942,2018
2018,Colorado,Pac-12,South,77,-2.40756980016403,2018
2018,Wyoming,Mountain West,Mountain,78,-2.42107187652821,2018
2018,Virginia Tech,ACC,Coastal,79,-2.64869223882288,2018
2018,Arizona,Pac-12,South,80,-2.77840955815168,2018
2018,Arkansas State,Sun Belt,West,81,-2.78315571389982,2018
2018,Florida State,ACC,Atlantic,82,-2.80733525166506,2018
2018,Eastern Michigan,Mid-American,West,83,-3.39013326876502,2018
2018,Florida International,Conference USA,East,84,-3.41905684586853,2018
2018,Nevada,Mountain West,West,85,-3.90137750083293,2018
2018,UCLA,Pac-12,South,86,-3.95780204889263,2018
2018,Florida Atlantic,Conference USA,East,87,-4.03334750521993,2018
2018,Northern Illinois,Mid-American,West,88,-4.45948076547742,2018
2018,San Diego State,Mountain West,West,89,-4.81466267622986,2018
2018,Tulane,American Athletic,West,90,-5.35366113742525,2018
2018,North Carolina,ACC,Coastal,91,-6.49294936271597,2018
2018,Southern Miss,Conference USA,West,92,-6.77112557272478,2018
2018,Arkansas,SEC,West,93,-7.15777478158719,2018
2018,Louisiana,Sun Belt,West,94,-7.43107232004639,2018
2018,Louisiana Tech,Conference USA,West,95,-7.93638317877828,2018
2018,SMU,American Athletic,West,96,-9.37508260011845,2018
2018,Navy,American Athletic,West,97,-9.74060508344726,2018
2018,Hawai'i,Mountain West,West,98,-10.1206054963731,2018
2018,Western Michigan,Mid-American,West,99,-10.2607398918127,2018
2018,Liberty,FBS Independents,,100,-10.2638242878996,2018
2018,Illinois,Big Ten,West,101,-10.5213327355491,2018
2018,UL Monroe,Sun Belt,West,102,-10.9141068810248,2018
2018,South Florida,American Athletic,East,103,-10.9742818603665,2018
2018,Tulsa,American Athletic,West,104,-11.9906009780174,2018
2018,Charlotte,Conference USA,East,105,-12.1731256401174,2018
2018,Rutgers,Big Ten,East,106,-12.8899834922041,2018
2018,San José State,Mountain West,West,107,-14.0968213143407,2018
2018,Akron,Mid-American,East,108,-14.5105761133114,2018
2018,UNLV,Mountain West,West,109,-14.7413804642979,2018
2018,Colorado State,Mountain West,Mountain,110,-14.8908711044675,2018
2018,Western Kentucky,Conference USA,East,111,-15.2007234236182,2018
2018,New Mexico,Mountain West,Mountain,112,-15.3899105673124,2018
2018,Louisville,ACC,Atlantic,113,-15.4485203413512,2018
2018,East Carolina,American Athletic,East,114,-15.7031128967639,2018
2018,Coastal Carolina,Sun Belt,East,115,-15.8533270971039,2018
2018,Oregon State,Pac-12,North,116,-16.0449013818998,2018
2018,Ball State,Mid-American,West,117,-16.4331010167549,2018
2018,Massachusetts,FBS Independents,,118,-18.3943967516993,2018
2018,Old Dominion,Conference USA,East,119,-18.8766340192483,2018
2018,Central Michigan,Mid-American,West,120,-18.946332522748,2018
2018,Kent State,Mid-American,East,121,-19.3949918408822,2018
2018,Georgia State,Sun Belt,East,122,-19.4180001852797,2018
2018,Texas State,Sun Belt,West,123,-19.7872455914861,2018
2018,Bowling Green,Mid-American,East,124,-20.9507197404044,2018
2018,New Mexico State,FBS Independents,,125,-21.6928522780343,2018
2018,UTSA,Conference USA,West,126,-21.7845260267007,2018
2018,South Alabama,Sun Belt,West,127,-22.1441588947061,2018
2018,Rice,Conference USA,West,128,-23.9736162263957,2018
2018,UTEP,Conference USA,West,129,-24.7416161563248,2018
2018,UConn,American Athletic,East,130,-27.9048187371084,2018
2019,LSU,SEC,West,1,34.190488393092,2019
2019,Ohio State,Big Ten,East,2,32.7805589509572,2019
2019,Alabama,SEC,West,3,28.8471354077853,2019
2019,Clemson,ACC,Atlantic,4,28.6333665588542,2019
2019,Auburn,SEC,West,5,22.0979621711972,2019
2019,Georgia,SEC,East,6,21.7080707239678,2019
2019,Oregon,Pac-12,North,7,20.9534920860063,2019
2019,Oklahoma,Big 12,,8,20.0669936165283,2019
2019,Penn State,Big Ten,East,9,19.9825139334961,2019
2019,Wisconsin,Big Ten,West,10,19.8835063272648,2019
2019,Florida,SEC,East,11,19.8157293741929,2019
2019,Utah,Pac-12,South,12,18.8141079482363,2019
2019,Notre Dame,FBS Independents,,13,18.8069051499439,2019
2019,Michigan,Big Ten,East,14,18.0934383490598,2019
2019,Texas,Big 12,,15,15.9715403557231,2019
2019,Iowa,Big Ten,West,16,15.7369192549828,2019
2019,Washington,Pac-12,North,17,15.6389857367824,2019
2019,Minnesota,Big Ten,West,18,15.201015944865,2019
2019,Baylor,Big 12,,19,14.6776936441665,2019
2019,Memphis,American Athletic,West,20,14.4105350268685,2019
2019,Iowa State,Big 12,,21,13.6365484787066,2019
2019,UCF,American Athletic,East,22,13.2815235657011,2019
2019,Navy,American Athletic,West,23,12.902487989567,2019
2019,Texas A&M,SEC,West,24,12.0703178880482,2019
2019,App State,Sun Belt,East,25,11.49428224091,2019
2019,Oklahoma State,Big 12,,26,10.7794080025893,2019
2019,Kansas State,Big 12,,27,10.3885375186749,2019
2019,Air Force,Mountain West,Mountain,28,10.1848820707413,2019
2019,TCU,Big 12,,29,9.61554519755423,2019
2019,USC,Pac-12,South,30,9.48801154954635,2019
2019,Cincinnati,American Athletic,East,31,8.91577054764879,2019
2019,Boise State,Mountain West,Mountain,32,8.8630038098182,2019
2019,Florida Atlantic,Conference USA,East,33,8.14725637914066,2019
2019,Louisiana,Sun Belt,West,34,7.73557326547729,2019
2019,North Carolina,ACC,Coastal,35,7.70020704989305,2019
2019,SMU,American Athletic,West,36,7.66547556586291,2019
2019,Indiana,Big Ten,East,37,6.75594075564415,2019
2019,Washington State,Pac-12,North,38,6.6872375695115,2019
2019,Ole Miss,SEC,West,39,6.5414407255494,2019
2019,Virginia,ACC,Coastal,40,6.32897286307757,2019
2019,Arizona State,Pac-12,South,41,5.7264481097762,2019
2019,Kentucky,SEC,East,42,5.56595823986507,2019
2019,Michigan State,Big Ten,East,43,5.13204888707473,2019
2019,Mississippi State,SEC,West,44,4.95551011615039,2019
2019,Tulane,American Athletic,West,45,4.66752134173868,2019
2019,Virginia Tech,ACC,Coastal,46,4.52435830436928,2019
2019,Missouri,SEC,East,47,4.42704584952078,2019
2019,California,Pac-12,North,48,4.22459267942796,2019
2019,Tennessee,SEC,East,49,3.47974874173137,2019
2019,Nebraska,Big Ten,West,50,3.22652001650201,2019
2019,Oregon State,Pac-12,North,51,2.96911413042638,2019
2019,Wyoming,Mountain West,Mountain,52,2.53874839032514,2019
2019,Texas Tech,Big 12,,53,2.34908425964726,2019
2019,South Carolina,SEC,East,54,2.05706476931039,2019
2019,San Diego State,Mountain West,West,55,1.70127521494756,2019
2019,Miami,ACC,Coastal,56,1.05635215855028,2019
2019,Wake Forest,ACC,Atlantic,57,0.56055813753928,2019
2019,Florida State,ACC,Atlantic,58,0.175508818163483,2019
2019,Louisville,ACC,Atlantic,59,0.0896302208728734,2019
2019,Western Kentucky,Conference USA,East,60,-0.035878249679504,2019
2019,Houston,American Athletic,West,61,-0.133536026187489,2019
2019,Tulsa,American Athletic,West,62,-0.13469807580217,2019
2019,Illinois,Big Ten,West,63,-0.433716799395963,2019
2019,Purdue,Big Ten,West,64,-0.506503286200189,2019
2019,Pittsburgh,ACC,Coastal,65,-0.512775642268727,2019
2019,Buffalo,Mid-American,East,66,-0.968277285649364,2019
2019,Georgia Southern,Sun Belt,East,67,-0.992513817782303,2019
2019,BYU,FBS Independents,,68,-0.994033827030879,2019
2019,UCLA,Pac-12,South,69,-1.49285755198923,2019
2019,West Virginia,Big 12,,70,-1.65326365586264,2019
2019,Stanford,Pac-12,North,71,-1.93369479467345,2019
2019,Colorado,Pac-12,South,72,-2.16653795890312,2019
2019,Duke,ACC,Coastal,73,-2.24152948672034,2019
2019,Hawai'i,Mountain West,West,74,-2.32985511463356,2019
2019,Louisiana Tech,Conference USA,West,75,-2.6345215535332,2019
2019,Temple,American Athletic,East,76,-2.70400330768599,2019
2019,Boston College,ACC,Atlantic,77,-2.930569849568,2019
2019,Northwestern,Big Ten,West,78,-3.18719525619147,2019
2019,Western Michigan,Mid-American,West,79,-4.47798514699649,2019
2019,Fresno State,Mountain West,West,80,-4.562567452113,2019
2019,Ohio,Mid-American,East,81,-4.65826860635346,2019
2019,Marshall,Conference USA,East,82,-4.73135639816282,2019
2019,Southern Miss,Conference USA,West,83,-4.92522683530198,2019
2019,Ball State,Mid-American,West,84,-4.92882063627341,2019
2019,Kansas,Big 12,,85,-5.10451732673936,2019
2019,Utah State,Mountain West,Mountain,86,-5.31912166138565,2019
2019,Arizona,Pac-12,South,87,-5.40760923634348,2019
2019,Arkansas State,Sun Belt,West,88,-5.56946301077343,2019
2019,Maryland,Big Ten,East,89,-5.61821208260241,2019
2019,Army,FBS Independents,,90,-5.82356546170199,2019
2019,Central Michigan,Mid-American,West,91,-6.31056022647799,2019
2019,Syracuse,ACC,Atlantic,92,-6.54734148156173,2019
2019,Liberty,FBS Independents,,93,-6.70496801359241,2019
2019,Miami (OH),Mid-American,East,94,-6.96885315720611,2019
2019,Kent State,Mid-American,East,95,-7.15973160384283,2019
2019,San José State,Mountain West,West,96,-7.5458893056516,2019
2019,Arkansas,SEC,West,97,-7.61544434318696,2019
2019,Middle Tennessee,Conference USA,East,98,-7.62081411489303,2019
2019,UAB,Conference USA,West,99,-7.93476463878105,2019
2019,South Florida,American Athletic,East,100,-8.30344346112474,2019
2019,UL Monroe,Sun Belt,West,101,-8.99626427272955,2019
2019,Eastern Michigan,Mid-American,West,102,-9.34914397174972,2019
2019,Troy,Sun Belt,East,103,-9.62639900880947,2019
2019,Colorado State,Mountain West,Mountain,104,-9.88397901093365,2019
2019,Charlotte,Conference USA,East,105,-10.3141019386457,2019
2019,Georgia State,Sun Belt,East,106,-10.332522257494,2019
2019,Georgia Tech,ACC,Coastal,107,-10.8003821863589,2019
2019,Coastal Carolina,Sun Belt,East,108,-11.0512081622924,2019
2019,Florida International,Conference USA,East,109,-11.4584116326066,2019
2019,North Texas,Conference USA,West,110,-11.7634565566406,2019
2019,NC State,ACC,Atlantic,111,-11.9937798108604,2019
2019,Vanderbilt,SEC,East,112,-12.6141496123544,2019
2019,Nevada,Mountain West,West,113,-12.6267271141671,2019
2019,Rice,Conference USA,West,114,-13.4960798986601,2019
2019,Northern Illinois,Mid-American,West,115,-14.5149803158615,2019
2019,East Carolina,American Athletic,East,116,-15.2304708951631,2019
2019,Toledo,Mid-American,West,117,-16.1869212944438,2019
2019,UNLV,Mountain West,West,118,-16.5197089510661,2019
2019,Rutgers,Big Ten,East,119,-16.7145216707776,2019
2019,South Alabama,Sun Belt,West,120,-17.2125553365351,2019
2019,New Mexico,Mountain West,Mountain,121,-17.6413769450037,2019
2019,Texas State,Sun Belt,West,122,-18.7530922452737,2019
2019,Old Dominion,Conference USA,East,123,-19.7657550858911,2019
2019,New Mexico State,FBS Independents,,124,-20.0381455955055,2019
2019,UTSA,Conference USA,West,125,-21.0980956234575,2019
2019,UConn,American Athletic,East,126,-23.1682868790464,2019
2019,UTEP,Conference USA,West,127,-28.1309497388774,2019
2019,Bowling Green,Mid-American,East,128,-28.5345804539312,2019
2019,Akron,Mid-American,East,129,-34.7107087873593,2019
2019,Massachusetts,FBS Independents,,130,-40.5692293802525,2019
2020,Alabama,SEC,West,1,31.0582224833045,2020
2020,Ohio State,Big Ten,East,2,21.595129008065,2020
2020,Oklahoma,Big 12,,3,20.1806726475008,2020
2020,BYU,FBS Independents,,4,19.6318480224631,2020
2020,Georgia,SEC,East,5,18.8521192451951,2020
2020,Florida,SEC,East,6,16.2069007886935,2020
2020,Iowa,Big Ten,West,7,15.9286736038448,2020
2020,Texas A&M,SEC,West,8,14.2574948557961,2020
2020,Iowa State,Big 12,,9,14.2052460686979,2020
2020,Coastal Carolina,Sun Belt,East,10,13.8720465068665,2020
2020,Texas,Big 12,,11,13.2779663603268,2020
2020,Indiana,Big Ten,East,12,13.2346175522193,2020
2020,Northwestern,Big Ten,West,13,12.2109531677404,2020
2020,Oklahoma State,Big 12,,14,9.57416522631929,2020
2020,Wisconsin,Big Ten,West,15,9.5036900588794,2020
2020,Louisiana,Sun Belt,West,16,9.01024768626245,2020
2020,San José State,Mountain West,,17,8.56003648581052,2020
2020,App State,Sun Belt,East,18,7.97091235828848,2020
2020,Auburn,SEC,West,19,7.93960912775621,2020
2020,TCU,Big 12,,20,7.7470153500516,2020
2020,Boise State,Mountain West,,21,7.66188599867004,2020
2020,Ole Miss,SEC,West,22,6.07206740313876,2020
2020,West Virginia,Big 12,,23,5.94838454507169,2020
2020,Penn State,Big Ten,East,24,5.31270627110505,2020
2020,Air Force,Mountain West,,25,4.72561499186316,2020
2020,LSU,SEC,West,26,4.2415153837155,2020
2020,UAB,Conference USA,West,27,4.07093515746533,2020
2020,Troy,Sun Belt,East,28,3.98250505970007,2020
2020,Marshall,Conference USA,East,29,3.9493394802708,2020
2020,Kentucky,SEC,East,30,3.86821584913361,2020
2020,Arkansas,SEC,West,31,3.31537466462314,2020
2020,San Diego State,Mountain West,,32,2.83777126547104,2020
2020,Army,FBS Independents,,33,2.47454008115632,2020
2020,Nevada,Mountain West,,34,2.14172882260829,2020
2020,Georgia State,Sun Belt,East,35,1.86553875047342,2020
2020,Baylor,Big 12,,36,1.81899780170614,2020
2020,Liberty,FBS Independents,,37,1.71255150821555,2020
2020,Mississippi State,SEC,West,38,1.62245430432915,2020
2020,Georgia Southern,Sun Belt,East,39,1.24121821897765,2020
2020,Kansas State,Big 12,,40,0.990126399320858,2020
2020,Nebraska,Big Ten,West,41,0.530818685690857,2020
2020,Missouri,SEC,East,42,0.209266331900879,2020
2020,Minnesota,Big Ten,West,43,0.110837727455757,2020
2020,Tennessee,SEC,East,44,-0.305903277598417,2020
2020,Maryland,Big Ten,East,45,-0.359724894460212,2020
2020,Purdue,Big Ten,West,46,-0.375781015421765,2020
2020,Wyoming,Mountain West,,47,-0.440916754304447,2020
2020,Michigan,Big Ten,East,48,-0.583582259901984,2020
2020,Texas Tech,Big 12,,49,-1.43100219829385,2020
2020,Rutgers,Big Ten,East,50,-2.66773919082159,2020
2020,Rice,Conference USA,West,51,-2.96405409915578,2020
2020,Hawai'i,Mountain West,,52,-3.32889076904278,2020
2020,UTSA,Conference USA,West,53,-3.94989595045029,2020
2020,Michigan State,Big Ten,East,54,-4.49560597824984,2020
2020,South Carolina,SEC,East,55,-5.35681367405963,2020
2020,Fresno State,Mountain West,,56,-6.67384986208882,2020
2020,Arkansas State,Sun Belt,West,57,-7.29858762453203,2020
2020,Illinois,Big Ten,West,58,-7.36823008644087,2020
2020,Florida Atlantic,Conference USA,East,59,-8.23556081079015,2020
2020,Texas State,Sun Belt,West,60,-8.38761137110927,2020
2020,South Alabama,Sun Belt,West,61,-8.51451684956795,2020
2020,Western Kentucky,Conference USA,East,62,-10.2483000885282,2020
2020,New Mexico,Mountain West,,63,-11.1074271047414,2020
2020,Colorado State,Mountain West,,64,-11.278777338063,2020
2020,Louisiana Tech,Conference USA,West,65,-11.4728091664937,2020
2020,Middle Tennessee,Conference USA,East,66,-13.5947022766849,2020
2020,Vanderbilt,SEC,East,67,-14.4094224483278,2020
2020,Kansas,Big 12,,68,-14.6215941836398,2020
2020,Charlotte,Conference USA,East,69,-14.798243131477,2020
2020,Southern Miss,Conference USA,West,70,-14.9519859387936,2020
2020,UTEP,Conference USA,West,71,-17.1998999203922,2020
2020,Florida International,Conference USA,East,72,-17.8415029169469,2020
2020,UNLV,Mountain West,,73,-19.2340201352576,2020
2020,Utah State,Mountain West,,74,-19.2357126480363,2020
2020,North Texas,Conference USA,West,75,-19.7938569180364,2020
2020,UL Monroe,Sun Belt,West,76,-24.4625607162227,2020
2020,Massachusetts,FBS Independents,,77,-26.2081129008315,2020
2021,Georgia,SEC,East,1,27.871146476697078,2021
2021,Ohio State,Big Ten,East,2,20.994612940279083,2021
2021,Alabama,SEC,West,3,19.5094111580896,2021
2021,Michigan,Big Ten,East,4,18.290987931159698,2021
2021,Cincinnati,American Athletic,,5,16.903765098863282,2021
2021,Oklahoma State,Big 12,,6,16.473561432424923,2021
2021,Notre Dame,FBS Independents,,7,16.444035458331577,2021
2021,Utah,Pac-12,South,8,15.343753799216634,2021
2021,Wisconsin,Big Ten,West,9,13.99727287989881,2021
2021,Penn State,Big Ten,East,10,13.991440545540923,2021
2021,NC State,ACC,Atlantic,11,13.525819750816316,2021
2021,Wake Forest,ACC,Atlantic,12,12.530608409205113,2021
2021,Boise State,Mountain West,Mountain,13,12.373566617558913,2021
2021,Ole Miss,SEC,West,14,12.361975560362152,2021
2021,Texas A&M,SEC,West,15,12.192301140510184,2021
2021,Baylor,Big 12,,16,11.636647858133275,2021
2021,Michigan State,Big Ten,East,17,11.13305154955428,2021
2021,Clemson,ACC,Atlantic,18,11.088186506975456,2021
2021,Pittsburgh,ACC,Coastal,19,10.788339201565895,2021
2021,Iowa State,Big 12,,20,10.632312225719973,2021
2021,Oregon,Pac-12,North,21,9.894897305465145,2021
2021,Arkansas,SEC,West,22,9.730797281626584,2021
2021,Oklahoma,Big 12,,23,9.50965293973782,2021
2021,UCLA,Pac-12,South,24,9.202840024784981,2021
2021,Kentucky,SEC,East,25,9.003494563611222,2021
2021,Mississippi State,SEC,West,26,8.943168225314428,2021
2021,Air Force,Mountain West,Mountain,27,8.764773819870546,2021
2021,Kansas State,Big 12,,28,8.611381281355714,2021
2021,Arizona State,Pac-12,South,29,8.589224884169218,2021
2021,Iowa,Big Ten,West,30,8.589055506788279,2021
2021,Louisville,ACC,Atlantic,31,8.124058949178592,2021
2021,App State,Sun Belt,East,32,7.992801219546175,2021
2021,BYU,FBS Independents,,33,7.979151728401542,2021
2021,Tennessee,SEC,East,34,7.975693727609242,2021
2021,Purdue,Big Ten,West,35,7.8906900564198015,2021
2021,Houston,American Athletic,,36,7.710941518706212,2021
2021,Oregon State,Pac-12,North,37,7.53710327029461,2021
2021,Nebraska,Big Ten,West,38,7.259618004806979,2021
2021,Florida,SEC,East,39,7.228238833121663,2021
2021,Auburn,SEC,West,40,7.079308931299304,2021
2021,Minnesota,Big Ten,West,41,6.817116116220825,2021
2021,UTSA,Conference USA,West,42,6.360122643729211,2021
2021,Nevada,Mountain West,West,43,6.306614809824461,2021
2021,SMU,American Athletic,,44,6.136413135750912,2021
2021,Louisiana,Sun Belt,West,45,5.70395978092302,2021
2021,LSU,SEC,West,46,5.436124547326189,2021
2021,Fresno State,Mountain West,West,47,5.245444592118281,2021
2021,San Diego State,Mountain West,West,48,5.208776939420387,2021
2021,Western Kentucky,Conference USA,East,49,4.961136667819575,2021
2021,North Carolina,ACC,Coastal,50,4.655918834896022,2021
2021,Army,FBS Independents,,51,4.59067081343637,2021
2021,Washington State,Pac-12,North,52,4.525793041071216,2021
2021,Florida State,ACC,Atlantic,53,4.005811025185066,2021
2021,Texas,Big 12,,54,3.888708698927685,2021
2021,Marshall,Conference USA,East,55,3.66557152510058,2021
2021,California,Pac-12,North,56,3.5585174369205905,2021
2021,Liberty,FBS Independents,,57,3.4019171302776687,2021
2021,Miami,ACC,Coastal,58,2.8770538147875495,2021
2021,East Carolina,American Athletic,,59,2.823020766554132,2021
2021,Coastal Carolina,Sun Belt,East,60,2.768997306559628,2021
2021,Washington,Pac-12,North,61,2.301025355147294,2021
2021,Virginia,ACC,Coastal,62,2.073189588402384,2021
2021,Virginia Tech,ACC,Coastal,63,1.1920853815938681,2021
2021,Syracuse,ACC,Atlantic,64,1.0871286867273415,2021
2021,West Virginia,Big 12,,65,1.065240780447553,2021
2021,UAB,Conference USA,West,66,0.9909677326175963,2021
2021,Boston College,ACC,Atlantic,67,0.9298613366808262,2021
2021,UCF,American Athletic,,68,0.7569553022295032,2021
2021,Toledo,Mid-American,West,69,0.41971180494954297,2021
2021,USC,Pac-12,South,70,0.39771294746232755,2021
2021,Rutgers,Big Ten,East,71,0.38410213929342873,2021
2021,Utah State,Mountain West,Mountain,72,0.3555311876852727,2021
2021,South Carolina,SEC,East,73,0.033813056364994765,2021
2021,Wyoming,Mountain West,Mountain,74,-0.35467932033374083,2021
2021,Colorado State,Mountain West,Mountain,75,-0.5369814207160228,2021
2021,Illinois,Big Ten,West,76,-0.9424342757701023,2021
2021,Tulsa,American Athletic,,77,-1.1187297132567302,2021
2021,Texas Tech,Big 12,,78,-1.6785508594084622,2021
2021,Miami (OH),Mid-American,East,79,-1.9234392982771613,2021
2021,Missouri,SEC,East,80,-2.2330446313350834,2021
2021,Stanford,Pac-12,North,81,-2.65670380809385,2021
2021,TCU,Big 12,,82,-2.8157627146307806,2021
2021,Memphis,American Athletic,,83,-3.045527054646767,2021
2021,Georgia Tech,ACC,Coastal,84,-3.605889561774136,2021
2021,Maryland,Big Ten,East,85,-4.797628439378514,2021
2021,Eastern Michigan,Mid-American,West,86,-4.8713428758611546,2021
2021,Central Michigan,Mid-American,West,87,-5.250186907530168,2021
2021,Navy,American Athletic,,88,-5.545878014249666,2021
2021,Colorado,Pac-12,South,89,-5.825051985983407,2021
2021,Northern Illinois,Mid-American,West,90,-5.988619066176716,2021
2021,Georgia State,Sun Belt,East,91,-6.62709829353894,2021
2021,Tulane,American Athletic,,92,-6.643866027375802,2021
2021,UTEP,Conference USA,West,93,-6.745892641339817,2021
2021,Indiana,Big Ten,East,94,-6.873235994385914,2021
2021,Western Michigan,Mid-American,West,95,-7.04933810628511,2021
2021,Northwestern,Big Ten,West,96,-7.1568216252589005,2021
2021,Ball State,Mid-American,West,97,-7.307636163774768,2021
2021,Florida Atlantic,Conference USA,East,98,-7.614636716903635,2021
2021,Hawai'i,Mountain West,West,99,-7.753929023383701,2021
2021,Louisiana Tech,Conference USA,West,100,-7.814056830568213,2021
2021,UNLV,Mountain West,West,101,-7.913375530609218,2021
2021,Middle Tennessee,Conference USA,East,102,-8.20188806092576,2021
2021,South Alabama,Sun Belt,West,103,-8.579349331573965,2021
2021,Old Dominion,Conference USA,East,104,-9.225753388768181,2021
2021,Arizona,Pac-12,South,105,-9.24125834080933,2021
2021,San José State,Mountain West,West,106,-9.94260686835838,2021
2021,Vanderbilt,SEC,East,107,-10.185991234920106,2021
2021,Troy,Sun Belt,East,108,-10.4160380094977,2021
2021,South Florida,American Athletic,,109,-10.513622615322936,2021
2021,North Texas,Conference USA,West,110,-12.128817305495744,2021
2021,Kent State,Mid-American,East,111,-13.542119493619804,2021
2021,Ohio,Mid-American,East,112,-13.81116376193292,2021
2021,Buffalo,Mid-American,East,113,-14.437948464171491,2021
2021,UL Monroe,Sun Belt,West,114,-14.447802197417827,2021
2021,Georgia Southern,Sun Belt,East,115,-14.851308736089214,2021
2021,Kansas,Big 12,,116,-14.85919985059784,2021
2021,New Mexico,Mountain West,Mountain,117,-15.135246697016893,2021
2021,Texas State,Sun Belt,West,118,-15.61856794045387,2021
2021,Duke,ACC,Coastal,119,-15.618946674798218,2021
2021,Rice,Conference USA,West,120,-15.622863186171553,2021
2021,Charlotte,Conference USA,East,121,-16.431756075193217,2021
2021,Arkansas State,Sun Belt,West,122,-16.84030316643473,2021
2021,Bowling Green,Mid-American,East,123,-17.727087610811115,2021
2021,Southern Miss,Conference USA,West,124,-19.064840383113637,2021
2021,Temple,American Athletic,,125,-19.68098124481094,2021
2021,Massachusetts,FBS Independents,,126,-19.704561495748216,2021
2021,New Mexico State,FBS Independents,,127,-20.58640116664845,2021
2021,UConn,FBS Independents,,128,-21.3750192045276,2021
2021,Akron,Mid-American,East,129,-22.640579227210495,2021
2021,Florida International,Conference USA,East,130,-27.502344906175885,2021
2022,Georgia,SEC,East,1,27.0,2022
2022,Ohio State,Big Ten,East,2,22.5,2022
2022,Alabama,SEC,West,3,21.3,2022
2022,Michigan,Big Ten,East,4,21.1,2022
2022,Tennessee,SEC,East,5,19.9,2022
2022,Penn State,Big Ten,East,6,18.6,2022
2022,Texas,Big 12,,7,17.1,2022
2022,TCU,Big 12,,8,16.7,2022
2022,Utah,Pac-12,,9,16.6,2022
2022,Kansas State,Big 12,,10,15.5,2022
2022,LSU,SEC,West,11,14.8,2022
2022,Oregon State,Pac-12,,12,14.6,2022
2022,Oregon,Pac-12,,13,14.2,2022
2022,Florida State,ACC,Atlantic,14,14.1,2022
2022,Clemson,ACC,Atlantic,15,13.9,2022
2022,Mississippi State,SEC,West,16,13.1,2022
2022,Washington,Pac-12,,17,12.0,2022
2022,Illinois,Big Ten,West,18,11.7,2022
2022,USC,Pac-12,,19,11.4,2022
2022,Minnesota,Big Ten,West,20,10.7,2022
2022,Louisville,ACC,Atlantic,21,10.6,2022
2022,Tulane,American Athletic,,22,10.5,2022
2022,Oklahoma,Big 12,,23,10.2,2022
2022,Notre Dame,FBS Independents,,24,10.0,2022
2022,Ole Miss,SEC,West,25,9.7,2022
2022,Texas Tech,Big 12,,25,9.7,2022
2022,Iowa,Big Ten,West,27,9.5,2022
2022,Baylor,Big 12,,28,9.2,2022
2022,UCLA,Pac-12,,29,8.4,2022
2022,Iowa State,Big 12,,30,8.0,2022
2022,Kansas,Big 12,,31,7.6,2022
2022,Wake Forest,ACC,Atlantic,32,7.4,2022
2022,Duke,ACC,Coastal,33,7.0,2022
2022,Arkansas,SEC,West,34,6.5,2022
2022,Florida,SEC,East,35,6.4,2022
2022,Pittsburgh,ACC,Coastal,36,6.3,2022
2022,South Carolina,SEC,East,36,6.3,2022
2022,Maryland,Big Ten,East,38,6.2,2022
2022,Oklahoma State,Big 12,,39,5.7,2022
2022,Cincinnati,American Athletic,,39,5.7,2022
2022,NC State,ACC,Atlantic,41,5.5,2022
2022,Kentucky,SEC,East,41,5.5,2022
2022,Wisconsin,Big Ten,West,43,5.4,2022
2022,Memphis,American Athletic,,43,5.4,2022
2022,Purdue,Big Ten,West,45,5.1,2022
2022,James Madison,Sun Belt,East,46,5.0,2022
2022,UCF,American Athletic,,47,4.7,2022
2022,Washington State,Pac-12,,47,4.7,2022
2022,Syracuse,ACC,Atlantic,49,4.5,2022
2022,Missouri,SEC,East,50,4.2,2022
2022,North Carolina,ACC,Coastal,50,4.2,2022
2022,Air Force,Mountain West,Mountain,50,4.2,2022
2022,West Virginia,Big 12,,53,3.9,2022
2022,East Carolina,American Athletic,,54,3.8,2022
2022,Texas A&M,SEC,West,55,3.3,2022
2022,Auburn,SEC,West,56,3.1,2022
2022,Houston,American Athletic,,57,2.8,2022
2022,UTSA,Conference USA,,58,2.7,2022
2022,Fresno State,Mountain West,West,59,2.4,2022
2022,Troy,Sun Belt,West,59,2.4,2022
2022,SMU,American Athletic,,61,1.9,2022
2022,South Alabama,Sun Belt,West,62,1.1,2022
2022,Michigan State,Big Ten,East,62,1.1,2022
2022,South Dakota State,MVFC,,62,1.1,2022
2022,Boise State,Mountain West,Mountain,65,1.0,2022
2022,Marshall,Sun Belt,East,66,0.6,2022
2022,Western Kentucky,Conference USA,,67,-0.1,2022
2022,BYU,FBS Independents,,68,-0.3,2022
2022,App State,Sun Belt,East,69,-0.8,2022
2022,UAB,Conference USA,,70,-1.1,2022
2022,California,Pac-12,,71,-1.3,2022
2022,Louisiana,Sun Belt,West,72,-1.7,2022
2022,Nebraska,Big Ten,West,73,-1.8,2022
2022,Navy,American Athletic,,74,-1.9,2022
2022,Arizona,Pac-12,,75,-2.0,2022
2022,Vanderbilt,SEC,East,76,-2.4,2022
2022,Sacramento State,Big Sky,,77,-3.0,2022
2022,Toledo,Mid-American,West,78,-3.4,2022
2022,Indiana,Big Ten,East,79,-3.5,2022
2022,Liberty,FBS Independents,,79,-3.5,2022
2022,Ohio,Mid-American,East,81,-3.6,2022
2022,Army,FBS Independents,,82,-3.8,2022
2022,Arizona State,Pac-12,,83,-3.9,2022
2022,Miami,ACC,Coastal,84,-4.6,2022
2022,North Texas,Conference USA,,84,-4.6,2022
2022,Tulsa,American Athletic,,86,-4.7,2022
2022,Georgia Southern,Sun Belt,East,87,-4.8,2022
2022,Stanford,Pac-12,,88,-5.1,2022
2022,Georgia State,Sun Belt,East,89,-5.2,2022
2022,Southern Miss,Sun Belt,West,89,-5.2,2022
2022,Weber State,Big Sky,,91,-5.5,2022
2022,Florida Atlantic,Conference USA,,92,-5.9,2022
2022,Virginia,ACC,Coastal,93,-6.0,2022
2022,Georgia Tech,ACC,Coastal,93,-6.0,2022
2022,North Dakota State,MVFC,,95,-6.1,2022
2022,Coastal Carolina,Sun Belt,East,96,-6.4,2022
2022,Kent State,Mid-American,East,96,-6.4,2022
2022,San José State,Mountain West,West,98,-6.5,2022
2022,San Diego State,Mountain West,West,99,-6.9,2022
2022,UC Davis,Big Sky,,100,-7.1,2022
2022,Northwestern,Big Ten,West,101,-7.2,2022
2022,Buffalo,Mid-American,East,102,-7.3,2022
2022,Rutgers,Big Ten,East,102,-7.3,2022
2022,Incarnate Word,Southland,,104,-7.4,2022
2022,Middle Tennessee,Conference USA,,105,-7.7,2022
2022,Montana State,Big Sky,,106,-7.8,2022
2022,Virginia Tech,ACC,Coastal,107,-8.7,2022
2022,Eastern Michigan,Mid-American,West,108,-9.2,2022
2022,Idaho,Big Sky,,109,-9.5,2022
2022,Old Dominion,Sun Belt,East,110,-9.6,2022
2022,UNLV,Mountain West,West,111,-10.0,2022
2022,Wyoming,Mountain West,Mountain,111,-10.0,2022
2022,Temple,American Athletic,,113,-10.2,2022
2022,Boston College,ACC,Atlantic,113,-10.2,2022
2022,William & Mary,CAA,,115,-11.0,2022
2022,UConn,FBS Independents,,116,-11.2,2022
2022,UTEP,Conference USA,,117,-11.3,2022
2022,Arkansas State,Sun Belt,West,118,-11.4,2022
2022,Furman,Southern,,119,-11.5,2022
2022,Ball State,Mid-American,West,120,-11.6,2022
2022,New Mexico State,FBS Independents,,120,-11.6,2022
2022,Jackson State,SWAC,East,122,-11.7,2022
2022,Montana,Big Sky,,123,-11.8,2022
2022,Northern Iowa,MVFC,,124,-11.9,2022
2022,South Florida,American Athletic,,125,-12.0,2022
2022,Utah State,Mountain West,Mountain,126,-12.1,2022
2022,Rice,Conference USA,,126,-12.1,2022
2022,Central Michigan,Mid-American,West,128,-12.2,2022
2022,UL Monroe,Sun Belt,West,128,-12.2,2022
2022,Miami (OH),Mid-American,East,128,-12.2,2022
2022,Delaware,CAA,,131,-12.3,2022
2022,Texas State,Sun Belt,West,132,-12.8,2022
2022,Samford,Southern,,133,-13.1,2022
2022,Mercer,Southern,,134,-13.2,2022
2022,Holy Cross,Patriot,,135,-13.5,2022
2022,Western Michigan,Mid-American,West,136,-13.6,2022
2022,Akron,Mid-American,East,137,-13.8,2022
2022,Richmond,CAA,,138,-13.9,2022
2022,Southern Illinois,MVFC,,139,-14.1,2022
2022,Jacksonville State,Atlantic Sun,,140,-14.2,2022
2022,Louisiana Tech,Conference USA,,141,-14.3,2022
2022,Bowling Green,Mid-American,East,141,-14.3,2022
2022,Chattanooga,Southern,,143,-14.7,2022
2022,Southeast Missouri State,OVC,,143,-14.7,2022
2022,Colorado,Pac-12,,143,-14.7,2022
2022,Elon,CAA,,146,-14.9,2022
2022,Northern Illinois,Mid-American,West,147,-15.0,2022
2022,North Dakota,MVFC,,147,-15.0,2022
2022,Abilene Christian,Western Athletic,,149,-16.6,2022
2022,Colorado State,Mountain West,Mountain,150,-17.1,2022
2022,Nevada,Mountain West,West,150,-17.1,2022
2022,Gardner-Webb,Big South,,152,-17.7,2022
2022,SE Louisiana,Southland,,153,-17.9,2022
2022,Princeton,Ivy,,154,-18.0,2022
2022,Missouri State,MVFC,,154,-18.0,2022
2022,Youngstown State,MVFC,,156,-18.2,2022
2022,Rhode Island,CAA,,157,-18.3,2022
2022,Hawai'i,Mountain West,West,158,-18.4,2022
2022,Charlotte,Conference USA,,159,-18.8,2022
2022,New Mexico,Mountain West,Mountain,160,-19.1,2022
2022,Yale,Ivy,,161,-19.6,2022
2022,North Carolina Central,MEAC,,162,-19.7,2022
2022,Fordham,Patriot,,163,-20.0,2022
2022,UT Martin,OVC,,164,-20.9,2022
2022,Saint Francis,NEC,,165,-21.0,2022
2022,Eastern Kentucky,Atlantic Sun,,165,-21.0,2022
2022,Southern Utah,Western Athletic,,167,-21.1,2022
2022,Austin Peay,Atlantic Sun,,168,-21.3,2022
2022,Campbell,Big South,,168,-21.3,2022
2022,New Hampshire,CAA,,170,-21.8,2022
2022,Central Arkansas,Atlantic Sun,,171,-22.3,2022
2022,Illinois State,MVFC,,172,-22.6,2022
2022,Florida International,Conference USA,,173,-22.8,2022
2022,South Dakota,MVFC,,174,-23.3,2022
2022,Sam Houston,Western Athletic,,175,-23.7,2022
2022,Massachusetts,FBS Independents,,176,-23.8,2022
2022,Harvard,Ivy,,177,-23.9,2022
2022,Pennsylvania,Ivy,,178,-24.3,2022
2022,Utah Tech,Western Athletic,,179,-25.4,2022
2022,Northern Arizona,Big Sky,,180,-25.5,2022
2022,North Carolina A&T,Big South,,181,-26.0,2022
2022,Stephen F. Austin,Western Athletic,,182,-26.2,2022
2022,Florida A&M,SWAC,East,183,-26.5,2022
2022,Western Carolina,Southern,,184,-26.8,2022
2022,Villanova,CAA,,185,-27.0,2022
2022,Tarleton State,Western Athletic,,186,-27.1,2022
2022,Monmouth,CAA,,187,-27.5,2022
2022,East Tennessee State,Southern,,188,-27.8,2022
2022,Bryant,Big South,,189,-28.2,2022
2022,Southern,SWAC,West,190,-28.3,2022
2022,Eastern Washington,Big Sky,,190,-28.3,2022
2022,Portland State,Big Sky,,192,-28.5,2022
2022,St. Thomas (MN),Pioneer,,193,-29.4,2022
2022,Kennesaw State,Atlantic Sun,,194,-29.5,2022
2022,Indiana State,MVFC,,194,-29.5,2022
2022,Texas Southern,SWAC,West,196,-29.6,2022
2022,Columbia,Ivy,,196,-29.6,2022
2022,Dartmouth,Ivy,,198,-29.7,2022
2022,UAlbany,CAA,,199,-29.9,2022
2022,Prairie View A&M,SWAC,West,200,-30.0,2022
2022,Towson,CAA,,201,-30.3,2022
2022,Howard,MEAC,,202,-30.4,2022
2022,Wofford,Southern,,203,-31.3,2022
2022,East Texas A&M,Southland,,204,-31.5,2022
2022,Tennessee Tech,OVC,,205,-31.6,2022
2022,Tennessee State,OVC,,206,-31.9,2022
2022,Alabama State,SWAC,East,207,-32.1,2022
2022,The Citadel,Southern,,208,-32.2,2022
2022,Merrimack,NEC,,209,-32.3,2022
2022,Maine,CAA,,210,-33.2,2022
2022,Lindenwood,OVC,,211,-33.4,2022
2022,Duquesne,NEC,,211,-33.4,2022
2022,Alcorn State,SWAC,West,213,-33.6,2022
2022,Cal Poly,Big Sky,,214,-33.7,2022
2022,Charleston Southern,Big South,,215,-33.8,2022
2022,Davidson,Pioneer,,216,-34.6,2022
2022,Butler,Pioneer,,216,-34.6,2022
2022,Northern Colorado,Big Sky,,216,-34.6,2022
2022,Western Illinois,MVFC,,219,-34.7,2022
2022,Colgate,Patriot,,220,-35.2,2022
2022,Hampton,CAA,,221,-35.4,2022
2022,Lafayette,Patriot,,222,-35.6,2022
2022,Eastern Illinois,OVC,,223,-36.0,2022
2022,Idaho State,Big Sky,,224,-36.4,2022
2022,Cornell,Ivy,,224,-36.4,2022
2022,San Diego,Pioneer,,226,-36.7,2022
2022,North Alabama,Atlantic Sun,,227,-36.8,2022
2022,Northwestern State,Southland,,227,-36.8,2022
2022,Brown,Ivy,,227,-36.8,2022
2022,McNeese,Southland,,230,-37.5,2022
2022,Morgan State,MEAC,,231,-38.2,2022
2022,Alabama A&M,SWAC,East,231,-38.2,2022
2022,Nicholls,Southland,,233,-38.4,2022
2022,Sacred Heart,NEC,,233,-38.4,2022
2022,South Carolina State,MEAC,,235,-38.6,2022
2022,Stony Brook,CAA,,236,-38.7,2022
2022,Grambling,SWAC,West,237,-39.2,2022
2022,Dayton,Pioneer,,238,-39.5,2022
2022,Lamar,Southland,,239,-39.8,2022
2022,VMI,Southern,,239,-39.8,2022
2022,Lehigh,Patriot,,241,-40.2,2022
2022,Stonehill,NEC,,242,-40.4,2022
2022,Long Island University,NEC,,243,-40.8,2022
2022,Central Connecticut,NEC,,244,-41.0,2022
2022,Murray State,OVC,,245,-41.6,2022
2022,Drake,Pioneer,,246,-41.7,2022
2022,Delaware State,MEAC,,247,-41.8,2022
2022,Georgetown,Patriot,,248,-42.0,2022
2022,Bucknell,Patriot,,249,-42.1,2022
2022,Mississippi Valley State,SWAC,East,250,-43.0,2022
2022,Bethune-Cookman,SWAC,East,251,-44.1,2022
2022,Houston Christian,Southland,,252,-44.5,2022
2022,Valparaiso,Pioneer,,253,-44.6,2022
2022,Stetson,Pioneer,,254,-45.5,2022
2022,Robert Morris,Big South,,255,-46.6,2022
2022,Arkansas-Pine Bluff,SWAC,West,256,-47.0,2022
2022,Norfolk State,MEAC,,257,-47.8,2022
2022,Marist,Pioneer,,258,-49.0,2022
2022,Morehead State,Pioneer,,259,-50.5,2022
2022,Wagner,NEC,,260,-53.1,2022
2022,Presbyterian,Pioneer,,261,-60.9,2022
2023,Michigan,Big Ten,East,1,25.9,2023
2023,Ohio State,Big Ten,East,2,23.4,2023
2023,Penn State,Big Ten,East,3,22.8,2023
2023,Oregon,Pac-12,,4,22.3,2023
2023,Texas,Big 12,,5,22.0,2023
2023,Georgia,SEC,East,6,20.7,2023
2023,Florida State,ACC,,7,19.6,2023
2023,Alabama,SEC,West,7,19.6,2023
2023,Kansas State,Big 12,,7,19.6,2023
2023,Oklahoma,Big 12,,10,19.1,2023
2023,Notre Dame,FBS Independents,,11,18.3,2023
2023,LSU,SEC,West,12,17.1,2023
2023,Washington,Pac-12,,13,16.5,2023
2023,Oregon State,Pac-12,,14,15.3,2023
2023,Missouri,SEC,East,15,14.7,2023
2023,Ole Miss,SEC,West,16,14.0,2023
2023,Arizona,Pac-12,,17,13.3,2023
2023,Louisville,ACC,,18,12.6,2023
2023,Texas A&M,SEC,West,19,11.5,2023
2023,Kansas,Big 12,,20,11.0,2023
2023,Clemson,ACC,,21,10.8,2023
2023,Duke,ACC,,22,9.8,2023
2023,Tennessee,SEC,East,23,9.1,2023
2023,USC,Pac-12,,24,9.0,2023
2023,Iowa State,Big 12,,24,9.0,2023
2023,SMU,American Athletic,,26,8.9,2023
2023,North Carolina,ACC,,27,8.8,2023
2023,Miami,ACC,,27,8.8,2023
2023,Troy,Sun Belt,West,29,8.7,2023
2023,TCU,Big 12,,30,8.6,2023
2023,Maryland,Big Ten,East,31,8.4,2023
2023,South Dakota State,MVFC,,32,8.2,2023
2023,Utah,Pac-12,,33,8.1,2023
2023,James Madison,Sun Belt,East,34,8.0,2023
2023,UCLA,Pac-12,,35,7.7,2023
2023,Texas Tech,Big 12,,36,7.3,2023
2023,Liberty,Conference USA,,36,7.3,2023
2023,NC State,ACC,,38,7.0,2023
2023,UCF,Big 12,,39,6.9,2023
2023,West Virginia,Big 12,,40,6.5,2023
2023,Boise State,Mountain West,,41,6.4,2023
2023,Washington State,Pac-12,,42,6.2,2023
2023,Oklahoma State,Big 12,,43,6.1,2023
2023,Iowa,Big Ten,West,44,5.7,2023
2023,Kentucky,SEC,East,45,5.3,2023
2023,Auburn,SEC,West,45,5.3,2023
2023,California,Pac-12,,47,4.3,2023
2023,Wisconsin,Big Ten,West,48,4.0,2023
2023,Virginia Tech,ACC,,49,3.9,2023
2023,Rutgers,Big Ten,East,50,3.1,2023
2023,Florida,SEC,East,51,3.0,2023
2023,San José State,Mountain West,,52,2.8,2023
2023,South Carolina,SEC,East,53,2.7,2023
2023,Georgia Tech,ACC,,54,2.1,2023
2023,Tulane,American Athletic,,55,2.0,2023
2023,Memphis,American Athletic,,56,1.8,2023
2023,Nebraska,Big Ten,West,57,1.3,2023
2023,Arkansas,SEC,West,58,1.1,2023
2023,Air Force,Mountain West,,58,1.1,2023
2023,UNLV,Mountain West,,60,0.9,2023
2023,Colorado,Pac-12,,61,0.8,2023
2023,Toledo,Mid-American,West,61,0.8,2023
2023,App State,Sun Belt,East,61,0.8,2023
2023,UTSA,American Athletic,,64,0.4,2023
2023,Northwestern,Big Ten,West,65,-0.3,2023
2023,Syracuse,ACC,,66,-0.4,2023
2023,BYU,Big 12,,67,-0.8,2023
2023,South Alabama,Sun Belt,West,67,-0.8,2023
2023,Coastal Carolina,Sun Belt,East,69,-0.9,2023
2023,North Dakota State,MVFC,,70,-1.2,2023
2023,Jacksonville State,Conference USA,,70,-1.2,2023
2023,Miami (OH),Mid-American,East,70,-1.2,2023
2023,Wyoming,Mountain West,,73,-1.3,2023
2023,Mississippi State,SEC,West,74,-1.7,2023
2023,Purdue,Big Ten,West,75,-1.9,2023
2023,Illinois,Big Ten,West,76,-2.3,2023
2023,Minnesota,Big Ten,West,76,-2.3,2023
2023,Western Kentucky,Conference USA,,78,-2.8,2023
2023,New Mexico State,Conference USA,,79,-3.0,2023
2023,Michigan State,Big Ten,East,80,-3.2,2023
2023,Fresno State,Mountain West,,80,-3.2,2023
2023,Houston,Big 12,,82,-3.3,2023
2023,Pittsburgh,ACC,,82,-3.3,2023
2023,Indiana,Big Ten,East,84,-3.5,2023
2023,Cincinnati,Big 12,,85,-3.7,2023
2023,Bowling Green,Mid-American,East,86,-3.8,2023
2023,Montana,Big Sky,,87,-4.1,2023
2023,Wake Forest,ACC,,87,-4.1,2023
2023,Montana State,Big Sky,,89,-4.3,2023
2023,Rice,American Athletic,,89,-4.3,2023
2023,Virginia,ACC,,91,-4.4,2023
2023,Arizona State,Pac-12,,92,-4.5,2023
2023,Utah State,Mountain West,,93,-4.6,2023
2023,Boston College,ACC,,94,-4.8,2023
2023,Texas State,Sun Belt,West,95,-4.9,2023
2023,Army,FBS Independents,,96,-5.3,2023
2023,Stanford,Pac-12,,97,-5.5,2023
2023,Ohio,Mid-American,East,98,-5.8,2023
2023,Louisiana,Sun Belt,West,99,-5.9,2023
2023,Villanova,Coastal Athletic,,100,-6.0,2023
2023,Arkansas State,Sun Belt,West,101,-6.4,2023
2023,Baylor,Big 12,,102,-6.9,2023
2023,Idaho,Big Sky,,103,-7.4,2023
2023,Marshall,Sun Belt,East,104,-7.5,2023
2023,Georgia State,Sun Belt,East,105,-7.7,2023
2023,Middle Tennessee,Conference USA,,106,-8.1,2023
2023,UAlbany,Coastal Athletic,,107,-8.2,2023
2023,Georgia Southern,Sun Belt,East,108,-8.6,2023
2023,Old Dominion,Sun Belt,East,109,-8.7,2023
2023,Northern Illinois,Mid-American,West,110,-8.8,2023
2023,Colorado State,Mountain West,,110,-8.8,2023
2023,East Carolina,American Athletic,,112,-9.2,2023
2023,Southern Illinois,MVFC,,113,-9.3,2023
2023,North Texas,American Athletic,,114,-9.6,2023
2023,South Dakota,MVFC,,114,-9.6,2023
2023,San Diego State,Mountain West,,116,-9.8,2023
2023,Florida Atlantic,American Athletic,,116,-9.8,2023
2023,Holy Cross,Patriot,,118,-10.4,2023
2023,South Florida,American Athletic,,119,-10.5,2023
2023,Youngstown State,MVFC,,120,-10.6,2023
2023,Vanderbilt,SEC,East,121,-11.0,2023
2023,New Mexico,Mountain West,,122,-11.1,2023
2023,Navy,American Athletic,,123,-11.4,2023
2023,Southern Utah,UAC,,124,-11.8,2023
2023,Tulsa,American Athletic,,125,-12.7,2023
2023,Hawai'i,Mountain West,,125,-12.7,2023
2023,Ball State,Mid-American,West,127,-12.8,2023
2023,Harvard,Ivy,,128,-12.9,2023
2023,North Dakota,MVFC,,129,-13.0,2023
2023,Southern Miss,Sun Belt,West,130,-13.1,2023
2023,Illinois State,MVFC,,130,-13.1,2023
2023,Central Arkansas,UAC,,130,-13.1,2023
2023,Sam Houston,Conference USA,,133,-13.3,2023
2023,UConn,FBS Independents,,134,-13.5,2023
2023,UTEP,Conference USA,,135,-13.7,2023
2023,UAB,American Athletic,,136,-14.3,2023
2023,Austin Peay,UAC,,137,-14.4,2023
2023,Louisiana Tech,Conference USA,,137,-14.4,2023
2023,Sacramento State,Big Sky,,139,-14.5,2023
2023,Western Michigan,Mid-American,West,140,-14.6,2023
2023,Tarleton State,UAC,,141,-14.9,2023
2023,Northern Iowa,MVFC,,141,-14.9,2023
2023,New Hampshire,Coastal Athletic,,143,-15.0,2023
2023,Massachusetts,FBS Independents,,144,-15.2,2023
2023,Buffalo,Mid-American,East,145,-15.3,2023
2023,Central Michigan,Mid-American,West,146,-15.5,2023
2023,Yale,Ivy,,147,-15.8,2023
2023,Missouri State,MVFC,,147,-15.8,2023
2023,Lafayette,Patriot,,149,-15.9,2023
2023,Furman,Southern,,150,-16.0,2023
2023,Delaware,CAA,,151,-16.8,2023
2023,Eastern Michigan,Mid-American,West,152,-16.9,2023
2023,Nevada,Mountain West,,153,-17.0,2023
2023,UC Davis,Big Sky,,154,-17.1,2023
2023,UL Monroe,Sun Belt,West,154,-17.1,2023
2023,Charlotte,American Athletic,,156,-17.4,2023
2023,Northern Arizona,Big Sky,,157,-17.5,2023
2023,Weber State,Big Sky,,158,-17.9,2023
2023,UT Martin,Big South-OVC,,158,-17.9,2023
2023,Florida A&M,SWAC,East,160,-18.3,2023
2023,Dartmouth,Ivy,,161,-18.8,2023
2023,Florida International,Conference USA,,162,-19.4,2023
2023,Pennsylvania,Ivy,,162,-19.4,2023
2023,Eastern Washington,Big Sky,,164,-19.6,2023
2023,Temple,American Athletic,,164,-19.6,2023
2023,Nicholls,Southland,,166,-20.4,2023
2023,Eastern Kentucky,UAC,,166,-20.4,2023
2023,Princeton,Ivy,,168,-20.5,2023
2023,Portland State,Big Sky,,169,-20.6,2023
2023,Rhode Island,Coastal Athletic,,170,-20.7,2023
2023,Monmouth,Coastal Athletic,,171,-20.8,2023
2023,Abilene Christian,UAC,,172,-20.9,2023
2023,Chattanooga,Southern,,172,-20.9,2023
2023,Incarnate Word,Southland,,174,-21.4,2023
2023,William & Mary,Coastal Athletic,,175,-21.6,2023
2023,Bryant,Big South-OVC,,175,-21.6,2023
2023,Fordham,Patriot,,177,-21.8,2023
2023,Akron,Mid-American,East,177,-21.8,2023
2023,Stephen F. Austin,UAC,,179,-22.0,2023
2023,Elon,Coastal Athletic,,179,-22.0,2023
2023,Mercer,Southern,,181,-22.2,2023
2023,Southeast Missouri State,Big South-OVC,,182,-22.8,2023
2023,Western Carolina,Southern,,183,-22.9,2023
2023,Richmond,Coastal Athletic,,184,-23.2,2023
2023,Eastern Illinois,Big South-OVC,,185,-23.5,2023
2023,Gardner-Webb,Big South-OVC,,186,-24.1,2023
2023,Howard,MEAC,,187,-24.7,2023
2023,Samford,Southern,,188,-25.5,2023
2023,Towson,Coastal Athletic,,189,-25.6,2023
2023,Utah Tech,UAC,,190,-26.4,2023
2023,Brown,Ivy,,191,-26.6,2023
2023,North Carolina Central,MEAC,,192,-26.8,2023
2023,Columbia,Ivy,,193,-26.9,2023
2023,Kent State,Mid-American,East,194,-27.0,2023
2023,SE Louisiana,Southland,,195,-27.1,2023
2023,North Alabama,UAC,,196,-27.3,2023
2023,Idaho State,Big Sky,,197,-27.6,2023
2023,Lamar,Southland,,198,-27.7,2023
2023,Colgate,Patriot,,198,-27.7,2023
2023,Cornell,Ivy,,200,-29.1,2023
2023,Butler,Pioneer,,201,-29.4,2023
2023,Drake,Pioneer,,202,-29.7,2023
2023,Campbell,Coastal Athletic,,202,-29.7,2023
2023,Georgetown,Patriot,,204,-29.8,2023
2023,Murray State,MVFC,,205,-30.5,2023
2023,Bucknell,Patriot,,205,-30.5,2023
2023,Morgan State,MEAC,,205,-30.5,2023
2023,Kennesaw State,FCS Independents,,208,-30.6,2023
2023,Maine,Coastal Athletic,,209,-31.0,2023
2023,Houston Christian,Southland,,210,-31.9,2023
2023,Indiana State,MVFC,,210,-31.9,2023
2023,Jackson State,SWAC,East,212,-32.3,2023
2023,Merrimack,NEC,,213,-32.4,2023
2023,Alabama State,SWAC,East,214,-32.5,2023
2023,Duquesne,NEC,,215,-32.7,2023
2023,Lehigh,Patriot,,216,-33.1,2023
2023,St. Thomas (MN),Pioneer,,217,-33.2,2023
2023,Saint Francis,NEC,,218,-33.5,2023
2023,Northern Colorado,Big Sky,,219,-34.1,2023
2023,Tennessee Tech,Big South-OVC,,220,-34.5,2023
2023,Tennessee State,Big South-OVC,,220,-34.5,2023
2023,VMI,Southern,,220,-34.5,2023
2023,Davidson,Pioneer,,223,-35.4,2023
2023,Long Island University,NEC,,224,-35.5,2023
2023,Hampton,Coastal Athletic,,224,-35.5,2023
2023,South Carolina State,MEAC,,226,-35.8,2023
2023,Alcorn State,SWAC,West,227,-35.9,2023
2023,Norfolk State,MEAC,,228,-36.1,2023
2023,Charleston Southern,Big South-OVC,,229,-36.3,2023
2023,East Texas A&M,Southland,,230,-36.4,2023
2023,Morehead State,Pioneer,,231,-36.5,2023
2023,Robert Morris,Big South,,232,-37.0,2023
2023,Southern,SWAC,West,233,-37.3,2023
2023,Grambling,SWAC,West,233,-37.3,2023
2023,Northwestern State,Southland,,235,-37.4,2023
2023,Cal Poly,Big Sky,,236,-37.6,2023
2023,North Carolina A&T,Coastal Athletic,,236,-37.6,2023
2023,Stonehill,NEC,,238,-37.9,2023
2023,East Tennessee State,Southern,,239,-38.0,2023
2023,Bethune-Cookman,SWAC,East,240,-38.2,2023
2023,Wofford,Southern,,241,-38.3,2023
2023,Western Illinois,MVFC,,242,-38.8,2023
2023,Prairie View A&M,SWAC,West,243,-38.9,2023
2023,Stony Brook,Coastal Athletic,,244,-39.2,2023
2023,San Diego,Pioneer,,245,-39.8,2023
2023,Texas Southern,SWAC,West,246,-40.4,2023
2023,Lindenwood,Big South-OVC,,247,-40.7,2023
2023,McNeese,Southland,,248,-41.4,2023
2023,Sacred Heart,NEC,,249,-41.6,2023
2023,Alabama A&M,SWAC,East,250,-41.9,2023
2023,Valparaiso,Pioneer,,251,-42.0,2023
2023,Dayton,Pioneer,,252,-42.7,2023
2023,Wagner,NEC,,253,-44.3,2023
2023,Central Connecticut,NEC,,254,-45.7,2023
2023,Presbyterian,Pioneer,,255,-46.1,2023
2023,The Citadel,Southern,,256,-47.0,2023
2023,Marist,Pioneer,,257,-47.3,2023
2023,Mississippi Valley State,SWAC,East,258,-49.1,2023
2023,Stetson,Pioneer,,259,-50.1,2023
2023,Delaware State,MEAC,,260,-50.2,2023
2023,Arkansas-Pine Bluff,SWAC,West,261,-55.8,2023
2024,Ohio State,Big Ten,,1,24.6,2024
2024,Notre Dame,FBS Independents,,2,22.0,2024
2024,Texas,SEC,,3,19.4,2024
2024,Penn State,Big Ten,,4,19.3,2024
2024,Ole Miss,SEC,,5,19.2,2024
2024,Alabama,SEC,,6,18.1,2024
2024,Indiana,Big Ten,,7,17.7,2024
2024,Oregon,Big Ten,,8,17.1,2024
2024,Georgia,SEC,,9,16.3,2024
2024,South Carolina,SEC,,10,15.8,2024
2024,SMU,ACC,,11,15.7,2024
2024,Miami,ACC,,12,15.5,2024
2024,Louisville,ACC,,13,15.4,2024
2024,BYU,Big 12,,14,14.8,2024
2024,Tennessee,SEC,,15,14.3,2024
2024,Arizona State,Big 12,,16,13.4,2024
2024,LSU,SEC,,17,12.9,2024
2024,Colorado,Big 12,,18,12.7,2024
2024,Minnesota,Big Ten,,19,12.6,2024
2024,Iowa,Big Ten,,20,12.4,2024
2024,Texas A&M,SEC,,21,12.2,2024
2024,USC,Big Ten,,22,12.1,2024
2024,Clemson,ACC,,23,11.9,2024
2024,Kansas State,Big 12,,24,11.8,2024
2024,Florida,SEC,,25,11.7,2024
2024,Baylor,Big 12,,26,11.5,2024
2024,Iowa State,Big 12,,27,11.2,2024
2024,Kansas,Big 12,,28,10.8,2024
2024,Virginia Tech,ACC,,29,10.4,2024
2024,Boise State,Mountain West,,30,9.9,2024
2024,TCU,Big 12,,31,9.2,2024
2024,Missouri,SEC,,32,8.9,2024
2024,Michigan,Big Ten,,32,8.9,2024
2024,Illinois,Big Ten,,34,8.8,2024
2024,Nebraska,Big Ten,,35,8.5,2024
2024,Vanderbilt,SEC,,36,7.4,2024
2024,Tulane,American Athletic,,36,7.4,2024
2024,UNLV,Mountain West,,38,7.2,2024
2024,Oklahoma,SEC,,39,7.0,2024
2024,Army,American Athletic,,40,6.6,2024
2024,Auburn,SEC,,41,6.3,2024
2024,UCF,Big 12,,42,6.2,2024
2024,Utah,Big 12,,43,6.1,2024
2024,Arkansas,SEC,,43,6.1,2024
2024,Boston College,ACC,,43,6.1,2024
2024,Syracuse,ACC,,46,6.0,2024
2024,Navy,American Athletic,,47,5.7,2024
2024,Georgia Tech,ACC,,48,5.5,2024
2024,Rutgers,Big Ten,,49,5.1,2024
2024,Washington,Big Ten,,50,4.8,2024
2024,Pittsburgh,ACC,,51,4.5,2024
2024,Cincinnati,Big 12,,52,4.4,2024
2024,Wisconsin,Big Ten,,53,4.0,2024
2024,Texas Tech,Big 12,,54,3.9,2024
2024,Marshall,Sun Belt,East,55,3.5,2024
2024,Memphis,American Athletic,,56,3.2,2024
2024,Kentucky,SEC,,57,3.0,2024
2024,UCLA,Big Ten,,58,2.1,2024
2024,California,ACC,,59,1.8,2024
2024,Ohio,Mid-American,,60,1.7,2024
2024,Duke,ACC,,61,1.6,2024
2024,James Madison,Sun Belt,East,62,1.3,2024
2024,West Virginia,Big 12,,63,1.2,2024
2024,Texas State,Sun Belt,West,64,0.9,2024
2024,South Dakota State,MVFC,,65,0.7,2024
2024,North Carolina,ACC,,65,0.7,2024
2024,Miami (OH),Mid-American,,67,-0.1,2024
2024,North Dakota State,MVFC,,67,-0.1,2024
2024,Montana State,Big Sky,,69,-0.2,2024
2024,Washington State,Pac-12,,70,-0.3,2024
2024,UConn,FBS Independents,,71,-1.1,2024
2024,Northern Illinois,Mid-American,,71,-1.1,2024
2024,Mississippi State,SEC,,73,-1.6,2024
2024,Old Dominion,Sun Belt,East,73,-1.6,2024
2024,South Alabama,Sun Belt,West,75,-1.7,2024
2024,Louisiana,Sun Belt,West,75,-1.7,2024
2024,Oklahoma State,Big 12,,77,-1.8,2024
2024,Virginia,ACC,,78,-1.9,2024
2024,Bowling Green,Mid-American,,78,-1.9,2024
2024,Maryland,Big Ten,,80,-2.0,2024
2024,Toledo,Mid-American,,80,-2.0,2024
2024,Houston,Big 12,,80,-2.0,2024
2024,NC State,ACC,,83,-2.1,2024
2024,Georgia Southern,Sun Belt,East,84,-2.5,2024
2024,Michigan State,Big Ten,,85,-2.8,2024
2024,Jacksonville State,Conference USA,,85,-2.8,2024
2024,Northwestern,Big Ten,,87,-3.3,2024
2024,UTSA,American Athletic,,88,-3.6,2024
2024,Arizona,Big 12,,89,-3.9,2024
2024,South Florida,American Athletic,,90,-4.5,2024
2024,East Carolina,American Athletic,,91,-5.3,2024
2024,Western Kentucky,Conference USA,,92,-5.4,2024
2024,North Texas,American Athletic,,93,-5.5,2024
2024,Stanford,ACC,,94,-5.7,2024
2024,Fresno State,Mountain West,,95,-6.0,2024
2024,Buffalo,Mid-American,,96,-6.1,2024
2024,Wake Forest,ACC,,97,-6.2,2024
2024,Sam Houston,Conference USA,,97,-6.2,2024
2024,Florida State,ACC,,99,-6.7,2024
2024,San José State,Mountain West,,100,-7.1,2024
2024,Western Michigan,Mid-American,,101,-7.6,2024
2024,App State,Sun Belt,East,101,-7.6,2024
2024,South Dakota,MVFC,,103,-7.7,2024
2024,Purdue,Big Ten,,104,-8.0,2024
2024,Colorado State,Mountain West,,105,-8.2,2024
2024,Rice,American Athletic,,106,-8.6,2024
2024,Coastal Carolina,Sun Belt,East,107,-9.2,2024
2024,Nevada,Mountain West,,107,-9.2,2024
2024,Oregon State,Pac-12,,107,-9.2,2024
2024,Troy,,,110,-9.6,2024
2024,Troy,Sun Belt,West,110,-9.6,2024
2024,UL Monroe,Sun Belt,West,112,-9.8,2024
2024,Liberty,Conference USA,,113,-9.9,2024
2024,Air Force,Mountain West,,114,-11.5,2024
2024,Arkansas State,Sun Belt,West,114,-11.5,2024
2024,UAB,American Athletic,,116,-11.6,2024
2024,Florida International,Conference USA,,116,-11.6,2024
2024,Utah State,Mountain West,,118,-11.7,2024
2024,UC Davis,Big Sky,,119,-11.8,2024
2024,Eastern Michigan,Mid-American,,120,-12.1,2024
2024,Wyoming,Mountain West,,120,-12.1,2024
2024,Charlotte,,,122,-12.4,2024
2024,New Mexico,Mountain West,,122,-12.4,2024
2024,Charlotte,American Athletic,,122,-12.4,2024
2024,Louisiana Tech,Conference USA,,125,-12.6,2024
2024,Idaho,Big Sky,,126,-12.8,2024
2024,Akron,Mid-American,,127,-12.9,2024
2024,Hawai'i,Mountain West,,127,-12.9,2024
2024,Georgia State,Sun Belt,East,127,-12.9,2024
2024,Central Michigan,Mid-American,,130,-13.1,2024
2024,Ball State,Mid-American,,131,-13.4,2024
2024,Incarnate Word,Southland,,132,-15.0,2024
2024,Missouri State,MVFC,,133,-15.1,2024
2024,Florida Atlantic,American Athletic,,134,-15.4,2024
2024,UT Martin,Big South-OVC,,134,-15.4,2024
2024,Montana,Big Sky,,136,-16.5,2024
2024,San Diego State,Mountain West,,137,-16.6,2024
2024,Temple,American Athletic,,138,-17.0,2024
2024,Massachusetts,FBS Independents,,139,-17.4,2024
2024,Jackson State,SWAC,East,140,-17.5,2024
2024,Abilene Christian,UAC,,141,-17.9,2024
2024,Northern Arizona,Big Sky,,142,-18.0,2024
2024,Mercer,Southern,,143,-18.1,2024
2024,Tarleton State,UAC,,144,-18.2,2024
2024,Stephen F. Austin,Southland,,145,-18.9,2024
2024,North Dakota,MVFC,,146,-19.3,2024
2024,Illinois State,MVFC,,147,-19.4,2024
2024,Delaware,CAA,,148,-19.7,2024
2024,UTEP,Conference USA,,149,-20.2,2024
2024,Chattanooga,Southern,,150,-20.7,2024
2024,Eastern Washington,Big Sky,,151,-21.0,2024
2024,Richmond,Coastal Athletic,,152,-21.1,2024
2024,Villanova,Coastal Athletic,,152,-21.1,2024
2024,Southeast Missouri State,Big South-OVC,,152,-21.1,2024
2024,Southern Utah,UAC,,155,-21.5,2024
2024,South Carolina State,MEAC,,156,-21.8,2024
2024,Tennessee Tech,Big South-OVC,,157,-22.0,2024
2024,New Mexico State,Conference USA,,158,-22.1,2024
2024,East Tennessee State,Southern,,159,-22.4,2024
2024,Monmouth,Coastal Athletic,,159,-22.4,2024
2024,Western Carolina,Southern,,159,-22.4,2024
2024,Towson,Coastal Athletic,,162,-22.7,2024
2024,Harvard,Ivy,,162,-22.7,2024
2024,Lehigh,Patriot,,164,-22.9,2024
2024,North Carolina Central,MEAC,,165,-23.0,2024
2024,Middle Tennessee,Conference USA,,166,-23.2,2024
2024,Kennesaw State,Conference USA,,167,-23.3,2024
2024,Central Arkansas,UAC,,168,-23.4,2024
2024,Yale,Ivy,,169,-23.5,2024
2024,Tulsa,American Athletic,,170,-23.8,2024
2024,Portland State,Big Sky,,171,-23.9,2024
2024,Southern Miss,Sun Belt,West,171,-23.9,2024
2024,Rhode Island,Coastal Athletic,,173,-24.0,2024
2024,Stony Brook,Coastal Athletic,,173,-24.0,2024
2024,Tennessee State,Big South-OVC,,175,-24.3,2024
2024,Holy Cross,Patriot,,176,-24.6,2024
2024,Sacramento State,Big Sky,,177,-24.7,2024
2024,McNeese,Southland,,177,-24.7,2024
2024,Weber State,Big Sky,,177,-24.7,2024
2024,SE Louisiana,Southland,,180,-24.9,2024
2024,New Hampshire,Coastal Athletic,,181,-25.0,2024
2024,Eastern Kentucky,UAC,,182,-25.1,2024
2024,Dartmouth,Ivy,,182,-25.1,2024
2024,Southern Illinois,MVFC,,184,-26.0,2024
2024,Duquesne,NEC,,185,-26.2,2024
2024,Elon,Coastal Athletic,,185,-26.2,2024
2024,Kent State,Mid-American,,187,-26.8,2024
2024,William & Mary,Coastal Athletic,,188,-27.1,2024
2024,Lamar,Southland,,189,-27.3,2024
2024,Samford,Southern,,190,-27.4,2024
2024,Columbia,Ivy,,191,-27.8,2024
2024,Youngstown State,MVFC,,192,-28.0,2024
2024,Idaho State,Big Sky,,193,-28.1,2024
2024,Gardner-Webb,Big South-OVC,,194,-28.3,2024
2024,North Alabama,UAC,,195,-28.5,2024
2024,Lindenwood,Big South-OVC,,196,-28.6,2024
2024,Maine,Coastal Athletic,,197,-28.9,2024
2024,Nicholls,Southland,,198,-29.0,2024
2024,Hampton,Coastal Athletic,,198,-29.0,2024
2024,Austin Peay,UAC,,200,-29.4,2024
2024,Pennsylvania,Ivy,,201,-29.6,2024
2024,Central Connecticut,NEC,,202,-29.9,2024
2024,Merrimack,FCS Independents,,203,-30.5,2024
2024,Northern Iowa,MVFC,,203,-30.5,2024
2024,Robert Morris,NEC,,205,-30.7,2024
2024,The Citadel,Southern,,206,-31.7,2024
2024,Cal Poly,Big Sky,,206,-31.7,2024
2024,Florida A&M,SWAC,East,208,-31.8,2024
2024,Wofford,Southern,,209,-31.9,2024
2024,West Georgia,UAC,,210,-32.1,2024
2024,Western Illinois,Big South-OVC,,211,-32.2,2024
2024,Alabama State,SWAC,East,212,-32.6,2024
2024,Cornell,Ivy,,213,-32.7,2024
2024,Morgan State,MEAC,,213,-32.7,2024
2024,UAlbany,Coastal Athletic,,215,-32.9,2024
2024,Long Island University,NEC,,216,-33.0,2024
2024,Lafayette,Patriot,,217,-33.2,2024
2024,San Diego,Pioneer,,218,-33.6,2024
2024,Bucknell,Patriot,,219,-33.9,2024
2024,Houston Christian,Southland,,219,-33.9,2024
2024,Drake,Pioneer,,221,-34.3,2024
2024,Southern,SWAC,West,222,-34.9,2024
2024,Eastern Illinois,Big South-OVC,,223,-35.0,2024
2024,Grambling,SWAC,West,223,-35.0,2024
2024,Alabama A&M,SWAC,East,225,-35.1,2024
2024,Campbell,Coastal Athletic,,226,-35.2,2024
2024,Indiana State,MVFC,,226,-35.2,2024
2024,Butler,Pioneer,,228,-36.4,2024
2024,Utah Tech,UAC,,229,-36.7,2024
2024,Charleston Southern,Big South-OVC,,229,-36.7,2024
2024,Murray State,MVFC,,231,-36.8,2024
2024,East Texas A&M,Southland,,232,-37.3,2024
2024,Alcorn State,SWAC,West,233,-37.5,2024
2024,Princeton,Ivy,,233,-37.5,2024
2024,Fordham,Patriot,,235,-37.6,2024
2024,Furman,Southern,,235,-37.6,2024
2024,Northern Colorado,Big Sky,,237,-38.4,2024
2024,Saint Francis,NEC,,238,-38.7,2024
2024,Brown,Ivy,,239,-38.8,2024
2024,Wagner,NEC,,239,-38.8,2024
2024,Howard,MEAC,,241,-39.1,2024
2024,Norfolk State,MEAC,,241,-39.1,2024
2024,Colgate,Patriot,,243,-39.4,2024
2024,Sacred Heart,FCS Independents,,244,-40.4,2024
2024,Bryant,Coastal Athletic,,245,-41.0,2024
2024,Bethune-Cookman,SWAC,East,246,-41.2,2024
2024,Prairie View A&M,SWAC,West,246,-41.2,2024
2024,St. Thomas (MN),Pioneer,,248,-41.4,2024
2024,Texas Southern,SWAC,West,249,-41.6,2024
2024,Presbyterian,Pioneer,,249,-41.6,2024
2024,Mercyhurst,NEC,,251,-41.8,2024
2024,Georgetown,Patriot,,252,-42.6,2024
2024,North Carolina A&T,Coastal Athletic,,253,-43.4,2024
2024,Dayton,Pioneer,,254,-44.6,2024
2024,Morehead State,Pioneer,,255,-44.9,2024
2024,VMI,Southern,,256,-45.0,2024
2024,Davidson,Pioneer,,257,-45.1,2024
2024,Arkansas-Pine Bluff,SWAC,West,258,-47.2,2024
2024,Delaware State,MEAC,,259,-47.9,2024
2024,Stonehill,NEC,,260,-50.1,2024
2024,Mississippi Valley State,SWAC,East,261,-50.4,2024
2024,Northwestern State,Southland,,262,-52.5,2024
2024,Valparaiso,Pioneer,,263,-55.6,2024
2024,Marist,Pioneer,,264,-58.9,2024
2024,Stetson,Pioneer,,265,-61.6,2024
2025,Indiana,Big Ten,,1,27.3,2025
2025,Ohio State,Big Ten,,2,26.6,2025
2025,Notre Dame,FBS Independents,,3,24.1,2025
2025,Texas Tech,Big 12,,4,22.3,2025
2025,Miami,ACC,,5,22.2,2025
2025,Oregon,Big Ten,,6,22.1,2025
2025,Utah,Big 12,,7,21.3,2025
2025,Washington,Big Ten,,8,17.4,2025
2025,Texas A&M,SEC,,9,16.6,2025
2025,Vanderbilt,SEC,,10,16.0,2025
2025,Georgia,SEC,,10,16.0,2025
2025,Ole Miss,SEC,,12,15.8,2025
2025,USC,Big Ten,,13,15.5,2025
2025,BYU,Big 12,,14,15.0,2025
2025,Penn State,Big Ten,,15,14.4,2025
2025,Iowa,Big Ten,,16,13.8,2025
2025,Alabama,SEC,,17,12.7,2025
2025,Oklahoma,SEC,,17,12.7,2025
2025,Texas,SEC,,19,12.6,2025
2025,South Florida,American Athletic,,19,12.6,2025
2025,Illinois,Big Ten,,21,12.3,2025
2025,Arizona,Big 12,,22,12.2,2025
2025,Tennessee,SEC,,23,11.7,2025
2025,Michigan,Big Ten,,24,11.0,2025
2025,SMU,ACC,,24,11.0,2025
2025,North Texas,American Athletic,,26,10.6,2025
2025,Missouri,SEC,,27,10.5,2025
2025,Pittsburgh,ACC,,28,10.0,2025
2025,James Madison,Sun Belt,East,29,9.9,2025
2025,Virginia,ACC,,30,9.8,2025
2025,Iowa State,Big 12,,31,9.6,2025
2025,Louisville,ACC,,32,9.3,2025
2025,TCU,Big 12,,33,8.5,2025
2025,Florida State,ACC,,34,8.4,2025
2025,Auburn,SEC,,35,8.3,2025
2025,LSU,SEC,,36,8.2,2025
2025,Georgia Tech,ACC,,37,7.8,2025
2025,Kansas State,Big 12,,38,7.2,2025
2025,NC State,ACC,,39,7.0,2025
2025,Houston,Big 12,,40,6.3,2025
2025,Washington State,Pac-12,,41,6.2,2025
2025,Clemson,ACC,,41,6.2,2025
2025,Toledo,Mid-American,,41,6.2,2025
2025,Old Dominion,Sun Belt,East,44,6.1,2025
2025,Arizona State,Big 12,,45,5.8,2025
2025,East Carolina,American Athletic,,46,5.7,2025
2025,Florida,SEC,,47,5.4,2025
2025,Duke,ACC,,48,5.2,2025
2025,Northwestern,Big Ten,,49,4.4,2025
2025,Boise State,Mountain West,,50,4.3,2025
2025,Wake Forest,ACC,,51,4.2,2025
2025,Arkansas,SEC,,52,4.0,2025
2025,South Carolina,SEC,,53,3.8,2025
2025,San Diego State,Mountain West,,54,3.6,2025
2025,Kansas,Big 12,,55,3.2,2025
2025,Tulane,American Athletic,,56,3.0,2025
2025,Kentucky,SEC,,57,2.9,2025
2025,Cincinnati,Big 12,,57,2.9,2025
2025,Nebraska,Big Ten,,59,2.5,2025
2025,Memphis,American Athletic,,59,2.5,2025
2025,Rutgers,Big Ten,,61,2.4,2025
2025,Wisconsin,Big Ten,,62,2.3,2025
2025,Mississippi State,SEC,,62,2.3,2025
2025,Navy,American Athletic,,64,2.1,2025
2025,UTSA,American Athletic,,65,1.5,2025
2025,North Dakota State,MVFC,,65,1.5,2025
2025,Minnesota,Big Ten,,67,0.7,2025
2025,Baylor,Big 12,,68,0.6,2025
2025,Western Michigan,Mid-American,,69,-0.1,2025
2025,New Mexico,Mountain West,,70,-0.2,2025
2025,Michigan State,Big Ten,,71,-0.3,2025
2025,UCF,Big 12,,72,-0.8,2025
2025,Maryland,Big Ten,,72,-0.8,2025
2025,Army,American Athletic,,72,-0.8,2025
2025,UNLV,Mountain West,,75,-0.9,2025
2025,UCLA,Big Ten,,76,-1.1,2025
2025,Purdue,Big Ten,,77,-1.6,2025
2025,Texas State,Sun Belt,West,77,-1.6,2025
2025,Montana State,Big Sky,,79,-1.7,2025
2025,Utah State,Mountain West,,80,-1.9,2025
2025,Colorado,Big 12,,81,-2.2,2025
2025,West Virginia,Big 12,,82,-2.6,2025
2025,Fresno State,Mountain West,,83,-2.7,2025
2025,Hawai'i,Mountain West,,84,-3.3,2025
2025,Ohio,Mid-American,,85,-3.5,2025
2025,UConn,FBS Independents,,85,-3.5,2025
2025,Louisiana Tech,Conference USA,,87,-3.9,2025
2025,Virginia Tech,ACC,,88,-4.1,2025
2025,California,ACC,,88,-4.1,2025
2025,Stanford,ACC,,88,-4.1,2025
2025,Western Kentucky,Conference USA,,91,-4.2,2025
2025,Kennesaw State,Conference USA,,92,-4.4,2025
2025,Boston College,ACC,,93,-5.4,2025
2025,Miami (OH),Mid-American,,94,-5.6,2025
2025,Marshall,Sun Belt,East,95,-5.8,2025
2025,Montana,Big Sky,,96,-6.1,2025
2025,North Dakota,MVFC,,97,-6.2,2025
2025,North Carolina,ACC,,98,-6.7,2025
2025,Tarleton State,UAC,,99,-7.0,2025
2025,Temple,American Athletic,,99,-7.0,2025
2025,Syracuse,ACC,,101,-7.1,2025
2025,Air Force,Mountain West,,102,-7.4,2025
2025,Troy,Sun Belt,West,103,-7.9,2025
2025,Jacksonville State,Conference USA,,104,-8.4,2025
2025,Central Michigan,Mid-American,,104,-8.4,2025
2025,Georgia Southern,Sun Belt,East,106,-8.6,2025
2025,Southern Miss,Sun Belt,West,106,-8.6,2025
2025,Missouri State,Conference USA,,108,-8.8,2025
2025,Liberty,Conference USA,,109,-10.0,2025
2025,Arkansas State,Sun Belt,West,110,-10.2,2025
2025,Florida International,Conference USA,,111,-10.4,2025
2025,Wyoming,Mountain West,,112,-10.7,2025
2025,Florida Atlantic,American Athletic,,113,-11.2,2025
2025,Tulsa,American Athletic,,114,-11.3,2025
2025,Oklahoma State,Big 12,,114,-11.3,2025
2025,Stephen F. Austin,Southland,,116,-11.4,2025
2025,Louisiana,Sun Belt,West,117,-11.6,2025
2025,Coastal Carolina,Sun Belt,East,117,-11.6,2025
2025,Illinois State,MVFC,,119,-11.7,2025
2025,Southern Illinois,MVFC,,119,-11.7,2025
2025,South Dakota State,MVFC,,121,-12.2,2025
2025,App State,Sun Belt,East,121,-12.2,2025
2025,Delaware,Conference USA,,123,-12.4,2025
2025,Oregon State,Pac-12,,124,-12.6,2025
2025,South Alabama,Sun Belt,West,125,-12.8,2025
2025,Nevada,Mountain West,,126,-13.3,2025
2025,Abilene Christian,UAC,,127,-13.5,2025
2025,Colorado State,Mountain West,,128,-13.8,2025
2025,UC Davis,Big Sky,,129,-14.1,2025
2025,Buffalo,Mid-American,,130,-14.2,2025
2025,UAB,American Athletic,,131,-14.3,2025
2025,Bowling Green,Mid-American,,132,-14.4,2025
2025,San José State,Mountain West,,132,-14.4,2025
2025,Lehigh,Patriot,,134,-14.5,2025
2025,Akron,Mid-American,,135,-14.6,2025
2025,South Dakota,MVFC,,136,-14.7,2025
2025,Sacramento State,Big Sky,,137,-14.8,2025
2025,Youngstown State,MVFC,,138,-14.9,2025
2025,Idaho State,Big Sky,,139,-15.0,2025
2025,Rice,American Athletic,,140,-15.1,2025
2025,Kent State,Mid-American,,141,-16.1,2025
2025,New Mexico State,Conference USA,,141,-16.1,2025
2025,Yale,Ivy,,141,-16.1,2025
2025,Eastern Michigan,Mid-American,,144,-16.2,2025
2025,Austin Peay,UAC,,144,-16.2,2025
2025,Villanova,Coastal Athletic,,146,-16.6,2025
2025,Southern Utah,UAC,,147,-16.9,2025
2025,Northern Illinois,Mid-American,,148,-17.2,2025
2025,Harvard,Ivy,,148,-17.2,2025
2025,UTEP,Conference USA,,150,-17.7,2025
2025,Georgia State,Sun Belt,East,151,-18.1,2025
2025,Middle Tennessee,Conference USA,,152,-18.4,2025
2025,Tennessee Tech,OVC-Big South,,153,-18.5,2025
2025,SE Louisiana,Southland,,153,-18.5,2025
2025,Ball State,Mid-American,,155,-19.1,2025
2025,Northern Arizona,Big Sky,,156,-19.4,2025
2025,UL Monroe,Sun Belt,West,157,-20.0,2025
2025,West Georgia,UAC,,158,-20.1,2025
2025,Mercer,Southern,,159,-20.2,2025
2025,Rhode Island,Coastal Athletic,,159,-20.2,2025
2025,Idaho,Big Sky,,161,-20.4,2025
2025,UT Rio Grande Valley,Southland,,162,-20.5,2025
2025,Cal Poly,Big Sky,,163,-21.6,2025
2025,Charlotte,American Athletic,,164,-21.8,2025
2025,Charlotte,,,164,-21.8,2025
2025,Alabama State,SWAC,East,166,-22.1,2025
2025,Monmouth,Coastal Athletic,,167,-22.3,2025
2025,Sam Houston,Conference USA,,168,-22.7,2025
2025,New Hampshire,Coastal Athletic,,169,-23.3,2025
2025,Lamar,Southland,,170,-23.5,2025
2025,Eastern Washington,Big Sky,,171,-23.9,2025
2025,Incarnate Word,Southland,,172,-24.1,2025
2025,East Tennessee State,Southern,,173,-24.6,2025
2025,Eastern Kentucky,UAC,,174,-24.7,2025
2025,St. Thomas (MN),Pioneer,,175,-25.2,2025
2025,Dartmouth,Ivy,,176,-25.4,2025
2025,Lafayette,Patriot,,177,-26.0,2025
2025,Northern Colorado,Big Sky,,178,-26.2,2025
2025,Drake,Pioneer,,179,-26.4,2025
2025,South Carolina State,MEAC,,180,-26.5,2025
2025,Western Carolina,Southern,,181,-26.6,2025
2025,Northern Iowa,MVFC,,182,-26.7,2025
2025,Wofford,Southern,,182,-26.7,2025
2025,Jackson State,SWAC,East,182,-26.7,2025
2025,William & Mary,Coastal Athletic,,185,-27.0,2025
2025,Elon,Coastal Athletic,,185,-27.0,2025
2025,Gardner-Webb,OVC-Big South,,187,-27.3,2025
2025,Stony Brook,Coastal Athletic,,187,-27.3,2025
2025,Weber State,Big Sky,,189,-27.4,2025
2025,Pennsylvania,Ivy,,189,-27.4,2025
2025,Presbyterian,Pioneer,,191,-27.7,2025
2025,San Diego,Pioneer,,192,-28.3,2025
2025,UT Martin,OVC-Big South,,192,-28.3,2025
2025,Prairie View A&M,SWAC,West,194,-28.4,2025
2025,Lindenwood,OVC-Big South,,195,-28.6,2025
2025,Maine,Coastal Athletic,,196,-28.7,2025
2025,Central Arkansas,UAC,,197,-28.8,2025
2025,Nicholls,Southland,,198,-28.9,2025
2025,Indiana State,MVFC,,198,-28.9,2025
2025,Holy Cross,Patriot,,200,-29.7,2025
2025,Princeton,Ivy,,201,-29.8,2025
2025,Towson,Coastal Athletic,,202,-29.9,2025
2025,Brown,Ivy,,203,-30.2,2025
2025,Central Connecticut,NEC,,204,-30.4,2025
2025,McNeese,Southland,,205,-30.6,2025
2025,North Carolina Central,MEAC,,206,-30.8,2025
2025,Colgate,Patriot,,207,-30.9,2025
2025,The Citadel,Southern,,208,-31.0,2025
2025,Richmond,Patriot,,209,-31.5,2025
2025,Delaware State,MEAC,,210,-31.6,2025
2025,Charleston Southern,OVC-Big South,,211,-31.9,2025
2025,Southeast Missouri State,OVC-Big South,,212,-32.0,2025
2025,Massachusetts,Mid-American,,213,-32.3,2025
2025,Sacred Heart,FCS Independents,,214,-32.5,2025
2025,Duquesne,NEC,,215,-32.7,2025
2025,Dayton,Pioneer,,215,-32.7,2025
2025,North Alabama,UAC,,217,-33.0,2025
2025,Utah Tech,UAC,,218,-33.3,2025
2025,Long Island University,NEC,,219,-33.5,2025
2025,Mercyhurst,NEC,,220,-33.6,2025
2025,Furman,Southern,,221,-33.7,2025
2025,East Texas A&M,Southland,,222,-34.0,2025
2025,Chattanooga,Southern,,223,-34.2,2025
2025,Cornell,Ivy,,223,-34.2,2025
2025,Portland State,Big Sky,,225,-34.7,2025
2025,Merrimack,FCS Independents,,226,-34.9,2025
2025,Murray State,MVFC,,227,-35.2,2025
2025,Western Illinois,OVC-Big South,,228,-35.3,2025
2025,Bethune-Cookman,SWAC,East,229,-36.4,2025
2025,Columbia,Ivy,,230,-36.7,2025
2025,Marist,Pioneer,,231,-36.9,2025
2025,Butler,Pioneer,,232,-37.0,2025
2025,Campbell,Coastal Athletic,,232,-37.0,2025
2025,Eastern Illinois,OVC-Big South,,234,-37.1,2025
2025,Georgetown,Patriot,,235,-38.6,2025
2025,UAlbany,Coastal Athletic,,236,-38.7,2025
2025,Texas Southern,SWAC,West,237,-38.9,2025
2025,Bryant,Coastal Athletic,,238,-39.0,2025
2025,Grambling,SWAC,West,239,-39.1,2025
2025,Morgan State,MEAC,,240,-39.4,2025
2025,Stonehill,NEC,,241,-39.5,2025
2025,Bucknell,Patriot,,242,-39.9,2025
2025,Alcorn State,SWAC,West,243,-40.2,2025
2025,Wagner,NEC,,244,-40.4,2025
2025,Robert Morris,NEC,,245,-41.8,2025
2025,Howard,MEAC,,246,-41.9,2025
2025,Houston Christian,Southland,,247,-42.6,2025
2025,Tennessee State,OVC-Big South,,248,-42.7,2025
2025,Samford,Southern,,249,-43.5,2025
2025,Morehead State,Pioneer,,250,-43.8,2025
2025,Fordham,Patriot,,251,-43.9,2025
2025,Alabama A&M,SWAC,East,252,-44.5,2025
2025,North Carolina A&T,Coastal Athletic,,253,-46.1,2025
2025,Northwestern State,Southland,,254,-46.2,2025
2025,Florida A&M,SWAC,East,255,-46.3,2025
2025,New Haven,NEC,,255,-46.3,2025
2025,Norfolk State,MEAC,,257,-47.0,2025
2025,Arkansas-Pine Bluff,SWAC,West,258,-47.7,2025
2025,VMI,Southern,,259,-48.0,2025
2025,Saint Francis,NEC,,260,-49.2,2025
2025,Hampton,Coastal Athletic,,261,-49.4,2025
2025,Valparaiso,Pioneer,,262,-50.4,2025
2025,Mississippi Valley State,SWAC,East,262,-50.4,2025
2025,Southern,SWAC,West,264,-51.6,2025
2025,Davidson,Pioneer,,265,-51.8,2025
2025,Stetson,Pioneer,,266,-53.5,2025
