start,week,away,home,away_conf,home_conf,neutral,venue,home_CORE,away_CORE,CORE_gap_home_minus_away,home_SRS,away_SRS,SRS_gap_home_minus_away,Odds_matched,Odds_match_score,Odds_books,Home_moneyline,Away_moneyline,Home_spread,Total,Odds_event_id,Odds_start,start_dt,margin_form_gap_3,margin_form_gap_5,margin_form_gap_8,offense_gap_5,defense_gap_5,winpct_gap_5,rest_gap,home_field,comp_samples,comp_home_win_prob,comp_projected_margin,comp_projected_total,comp_median_distance,research_lean,research_confidence,model_status,model_vs_home_spread_edge
2026-09-03T22:00:00.000Z,1,Massachusetts,Rutgers,Mid-American,Big Ten,False,SHI Stadium,,,,,,,False,0.674,,,,,,,,2026-09-03 22:00:00+00:00,26.333333333333332,23.8,14.0,13.2,10.599999999999994,0.4,0.0,1.0,50.0,0.860445373011355,17.647245199568466,55.5652476887501,0.20000902792393593,Rutgers,HIGH,RESEARCH_READY,
2026-09-03T23:00:00.000Z,1,Akron,Wake Forest,Mid-American,ACC,False,Allegacy Federal Credit Union Stadium,,,,,,,True,0.92,9.0,-3200.0,1300.0,-24.5,48.5,f089e3d943a34a9c4fe1808568b96529,2026-09-03T23:00:00Z,2026-09-03 23:00:00+00:00,1.666666666666666,6.8,9.25,4.200000000000003,2.599999999999998,0.20000000000000007,0.0,1.0,50.0,0.714719773214256,8.522456755392747,54.84368273868977,0.16543195062777122,Wake Forest,HIGH,RESEARCH_READY,-15.977543244607253
2026-09-03T23:00:00.000Z,1,Bethune-Cookman,UCF,SWAC,Big 12,False,FBC Mortgage Stadium,,,,,,,False,0.575,,,,,,,,2026-09-03 23:00:00+00:00,15.666666666666668,20.599999999999998,33.375,4.800000000000001,15.799999999999997,0.2,0.0,1.0,50.0,0.925475913556026,22.89162365408382,54.869825006135486,0.2930174443762248,UCF,HIGH,RESEARCH_READY,
2026-09-03T23:00:00.000Z,1,Merrimack,Delaware,FCS Independents,Conference USA,False,Delaware Stadium,,,,,,,True,0.92,6.0,-10000.0,3000.0,-28.5,55.25,99279326548a5f5399cc9a2efe27a057,2026-09-03T23:00:00Z,2026-09-03 23:00:00+00:00,21.0,17.2,12.55,13.8,3.400000000000002,0.6,0.0,1.0,50.0,0.830744318613565,11.93615265310723,57.71259617439546,0.22154117276348964,Delaware,HIGH,RESEARCH_READY,-16.56384734689277
2026-09-03T23:00:00.000Z,1,UAlbany,Buffalo,Coastal Athletic,Mid-American,False,UB Stadium,,,,,,,True,0.92,6.0,-1550.0,870.0,-18.5,48.25,2f02052c3228ed6d9dc2e8ff8cdf5cdd,2026-09-03T23:00:00Z,2026-09-03 23:00:00+00:00,10.666666666666666,22.4,24.75,8.200000000000001,14.199999999999996,0.2,0.0,1.0,50.0,0.904395352369197,19.350472164777727,56.02123455101499,0.23268134851926514,Buffalo,HIGH,RESEARCH_READY,0.8504721647777274
2026-09-03T23:00:00.000Z,1,West Georgia,Kennesaw State,UAC,Conference USA,False,Fifth Third Stadium,,,,,,,True,0.92,6.0,-3500.0,1450.0,-22.5,51.5,018e668269a3b5dc4055758ca86b1062,2026-09-03T23:00:00Z,2026-09-03 23:00:00+00:00,,,,,,,,,,,,,,UNKNOWN,LOW,INSUFFICIENT_HISTORY,
2026-09-04T00:00:00.000Z,1,Eastern Illinois,Minnesota,OVC,Big Ten,False,Huntington Bank Stadium,,,,,,,True,0.92,5.0,,,-42.5,51.5,e746bf44bc7bb95a7686770723882d70,2026-09-04T00:00:00Z,2026-09-04 00:00:00+00:00,45.0,27.8,32.375,11.8,15.999999999999996,0.6,0.0,1.0,50.0,0.9156876967435016,25.488163123304954,55.16180518354783,0.2735610650049626,Minnesota,HIGH,RESEARCH_READY,-17.011836876695046
2026-09-04T00:00:00.000Z,1,Arkansas-Pine Bluff,Missouri,SWAC,SEC,False,Memorial Stadium,,,,,,,True,0.92,6.0,,,-54.5,61.5,64cf9eedef7f4c7a764860a59f3c4329,2026-09-04T00:00:00Z,2026-09-04 00:00:00+00:00,54.0,52.2,47.5,17.2,35.0,0.4,0.0,1.0,50.0,0.9755342846748635,32.556759507572416,56.83727652384831,0.45696397897568836,Missouri,HIGH,RESEARCH_READY,-21.943240492427584
2026-09-04T00:00:00.000Z,1,Colorado,Georgia Tech,Big 12,ACC,False,Bobby Dodd Stadium,,,,,,,True,0.92,9.0,-238.0,200.0,-6.5,51.0,1d6daad1c93bf7e5ae16be1db12e27d5,2026-09-04T00:00:00Z,2026-09-04 00:00:00+00:00,5.666666666666666,17.6,18.375,10.6,7.0,0.2,0.0,1.0,50.0,0.8325468373935176,14.533014019856218,56.25169718132744,0.20337313320552097,Georgia Tech,HIGH,RESEARCH_READY,8.033014019856218
2026-09-04T01:00:00.000Z,1,Idaho,Utah,Big Sky,Big 12,False,Rice-Eccles Stadium,,,,,,,True,0.92,5.0,-100000.0,5500.0,-35.0,57.5,86e3c86de584357bb263fa4ae819ed30,2026-09-04T01:00:00Z,2026-09-04 01:00:00+00:00,12.666666666666666,24.0,23.5,28.000000000000004,-4.0,0.8,0.0,1.0,50.0,0.926320803214359,22.858969471510143,62.824598977963646,0.444074926437934,Utah,HIGH,RESEARCH_READY,-12.141030528489857
2026-09-04T01:00:00.000Z,1,UAB,Illinois,American Athletic,Big Ten,False,"Memorial Stadium (Champaign, IL)",,,,,,,True,0.92,9.0,-6000.0,1592.0,-27.5,55.0,1697069330d0343bdf7930ac0b0c3863,2026-09-04T01:00:00Z,2026-09-04 01:00:00+00:00,14.666666666666666,22.0,15.25,2.0,20.0,0.6000000000000001,0.0,1.0,50.0,0.8009315197787711,13.711322017379246,51.709145376638965,0.2526948876293521,Illinois,HIGH,RESEARCH_READY,-13.788677982620754
2026-09-04T22:30:00.000Z,1,San José State,Eastern Michigan,Mountain West,Mid-American,False,Rynearson Stadium,,,,,,,True,0.821,9.0,-147.0,127.0,-3.0,56.0,171952045c3039d592807265d36b60d0,2026-09-04T22:30:00Z,2026-09-04 22:30:00+00:00,27.0,27.0,16.375,10.399999999999999,16.599999999999998,0.6,-0.14583333333333304,1.0,50.0,0.8929738215303346,15.437558368906576,53.414502674236054,0.19842891469856228,Eastern Michigan,HIGH,RESEARCH_READY,12.437558368906576
2026-09-04T23:00:00.000Z,1,Indiana State,Purdue,MVFC,Big Ten,False,Ross-Ade Stadium,,,,,,,True,0.92,5.0,,,-35.5,56.5,c424c1d6579f60f93c37698cc82f2ceb,2026-09-04T23:00:00Z,2026-09-04 23:00:00+00:00,15.666666666666671,25.8,17.0,10.399999999999999,15.399999999999999,0.0,0.0,1.0,50.0,0.8608701877030174,16.32472571967425,51.413150483907536,0.3067956117445015,Purdue,HIGH,RESEARCH_READY,-19.17527428032575
2026-09-04T23:00:00.000Z,1,North Carolina A&T,Georgia State,Coastal Athletic,Sun Belt,False,Center Parc Stadium,,,,,,,True,0.92,5.0,-9000.0,2300.0,-28.5,62.5,d500b645ddca0f63d4d383778b3d5b21,2026-09-04T23:00:00Z,2026-09-04 23:00:00+00:00,27.0,23.599999999999998,12.0,8.4,15.199999999999996,0.0,0.0,1.0,50.0,0.8069675836842635,15.977914201155258,55.14344317622104,0.2829017239694767,Georgia State,HIGH,RESEARCH_READY,-12.522085798844742
2026-09-05T00:00:00.000Z,1,UTEP,Oklahoma,Mountain West,SEC,False,"Memorial Stadium (Norman, OK)",,,,,,,True,0.94,3.0,180.0,-220.0,6.5,48.5,82b83ec87fc2be5faa2e9f26ac50edef,2026-10-10T16:00:00Z,2026-09-05 00:00:00+00:00,17.333333333333332,15.2,10.25,-3.8000000000000007,19.000000000000004,0.8,0.0,1.0,50.0,0.822664935173462,12.222714709140893,54.384874940687894,0.37921576404350565,Oklahoma,HIGH,RESEARCH_READY,18.722714709140895
2026-09-05T00:00:00.000Z,1,Long Island University,Kansas,NEC,Big 12,False,Memorial Stadium,,,,,,,False,0.65,,,,,,,,2026-09-05 00:00:00+00:00,19.0,17.8,24.125,13.0,4.800000000000001,0.0,0.0,1.0,50.0,0.8631311201054146,20.32696555108365,54.43476982674767,0.26680013699074234,Kansas,HIGH,RESEARCH_READY,
2026-09-05T00:00:00.000Z,1,Toledo,Michigan State,Mid-American,Big Ten,False,Spartan Stadium,,,,,,,True,0.92,9.0,-420.0,320.0,-10.0,46.5,05c2e060c97c538faeee8237a0bd60f0,2026-09-05T00:00:00Z,2026-09-05 00:00:00+00:00,-17.666666666666668,-25.4,-24.625,-8.399999999999999,-17.0,-0.6000000000000001,0.0,1.0,50.0,0.2829886614394563,-10.998825538868928,55.13026925584314,0.22267342224000997,Toledo,HIGH,RESEARCH_READY,-20.998825538868928
2026-09-05T01:00:00.000Z,1,Miami,Stanford,ACC,ACC,False,Stanford Stadium,,,,,,,True,0.96,9.0,1300.0,-3200.0,24.0,48.0,5f92cc707afed4249e1e935dbbeacb5e,2026-09-05T01:00:00Z,2026-09-05 01:00:00+00:00,-2.0,-12.799999999999999,-24.375,-0.1999999999999993,-12.6,-0.4,-23.916666666666668,1.0,50.0,0.4999719869838873,2.7962772494882198,54.332355983445055,0.6743731504076218,Miami,LOW,RESEARCH_READY,26.79627724948822
2026-09-05T01:00:00.000Z,1,Fresno State,USC,Pac-12,Big Ten,False,Los Angeles Memorial Coliseum,,,,,,,True,0.96,9.0,-2300.0,1116.0,-21.5,52.0,a77e0c42754f1a99ae4fbea861a78408,2026-09-05T01:00:00Z,2026-09-05 01:00:00+00:00,0.33333333333333215,-10.6,1.25,4.199999999999999,-14.8,-0.20000000000000007,-23.75,1.0,50.0,0.6123042811295705,8.776097666361425,55.13263895532958,0.6101541935289974,USC,MEDIUM,RESEARCH_READY,-12.723902333638575
2026-09-05T16:00:00.000Z,1,Ohio,Nebraska,Mid-American,Big Ten,False,"Memorial Stadium (Lincoln, NE)",,,,,,,True,0.92,9.0,-2800.0,1226.0,-23.5,46.0,0b8f9bbc0bf1b04a819f0113922998b0,2026-09-05T16:00:00Z,2026-09-05 16:00:00+00:00,-37.666666666666664,-22.0,-18.25,-6.799999999999997,-15.200000000000003,-0.6000000000000001,0.0,1.0,50.0,0.2752879230754637,-12.996857011888203,55.996904123519926,0.25547651368995195,Ohio,HIGH,RESEARCH_READY,-36.4968570118882
2026-09-05T16:00:00.000Z,1,North Texas,Indiana,American Athletic,Big Ten,False,"Memorial Stadium (Bloomington, IN)",,,,,,,True,0.92,9.0,-100000.0,1875.0,-40.0,55.5,e599d006aed0025ea9182d6763be6fd7,2026-09-05T16:00:00Z,2026-09-05 16:00:00+00:00,19.666666666666668,10.799999999999999,5.0,-8.200000000000003,19.0,0.19999999999999996,0.0,1.0,50.0,0.6338752369987954,7.285757157552887,50.95971303407815,0.2563855374703388,Indiana,MEDIUM,RESEARCH_READY,-32.71424284244711
2026-09-05T16:00:00.000Z,1,Coastal Carolina,West Virginia,Sun Belt,Big 12,False,Milan Puskar Stadium,,,,,,,True,0.92,9.0,-1900.0,980.0,-21.0,56.0,185883640e8f90f283915ddadb0230a3,2026-09-05T16:00:00Z,2026-09-05 16:00:00+00:00,19.333333333333336,10.8,-8.25,0.6000000000000014,10.2,0.2,0.0,1.0,50.0,0.6772638723972944,6.841384641948485,52.275991797354855,0.2682090828461356,West Virginia,MEDIUM,RESEARCH_READY,-14.158615358051515
2026-09-05T16:00:00.000Z,1,East Carolina,Alabama,American Athletic,SEC,False,Bryant-Denny Stadium,,,,,,,True,0.92,9.0,-6000.0,2100.0,-28.0,52.5,b10ebab18213ecdc575885bfa874b98d,2026-09-05T16:00:00Z,2026-09-05 16:00:00+00:00,-19.0,-4.799999999999999,-5.75,-8.200000000000003,3.3999999999999986,-0.20000000000000007,0.0,1.0,50.0,0.47817185591611533,-0.7308084791601821,58.5945870165896,0.1856919462002809,East Carolina,LOW,RESEARCH_READY,-28.73080847916018
2026-09-05T16:00:00.000Z,1,Oregon State,Houston,Pac-12,Big 12,False,TDECU Stadium,,,,,,,True,0.92,9.0,-1600.0,910.0,-20.5,49.5,4289d82f1cd4747962ff68c9098c6dcc,2026-09-05T16:00:00Z,2026-09-05 16:00:00+00:00,17.333333333333332,2.0,9.375,10.8,-8.8,0.19999999999999996,0.0,1.0,50.0,0.6880500313541381,9.74690032663889,58.34794315505839,0.24549737910247033,Houston,HIGH,RESEARCH_READY,-10.75309967336111
2026-09-05T16:00:00.000Z,1,Tarleton State,Bowling Green,UAC,Mid-American,False,Doyt L. Perry Stadium,,,,,,,True,0.92,5.0,-135.0,114.0,-2.5,48.5,de634e2b9f72c5df734fcb741f2dc061,2026-09-05T16:00:00Z,2026-09-05 16:00:00+00:00,33.0,17.400000000000002,13.975000000000001,2.0,15.399999999999999,-0.2,0.0,1.0,50.0,0.6816567413729935,10.664680750646992,55.98964100372213,0.36616895255288284,Bowling Green,HIGH,RESEARCH_READY,8.164680750646992
2026-09-05T16:00:00.000Z,1,Bryant,Army,Coastal Athletic,American Athletic,False,Michie Stadium,,,,,,,True,0.92,5.0,,,-36.5,50.5,4deedbb327684841cd9aad6ffb77c3fc,2026-09-05T16:00:00Z,2026-09-05 16:00:00+00:00,24.0,18.8,18.4,5.600000000000001,13.2,0.39999999999999997,0.0,1.0,50.0,0.847543108045184,12.933983482414037,53.800491410054356,0.17465234501903384,Army,HIGH,RESEARCH_READY,-23.566016517585965
2026-09-05T16:00:00.000Z,1,Lafayette,UConn,Patriot,FBS Independents,False,Pratt & Whitney Stadium,,,,,,,False,0.668,,,,,,,,2026-09-05 16:00:00+00:00,18.666666666666668,25.8,34.5,22.2,3.6000000000000014,0.8,0.0,1.0,50.0,0.919108748357018,27.475550307117697,58.910151322532286,0.3694988570625239,UConn,HIGH,RESEARCH_READY,
2026-09-05T16:00:00.000Z,1,Liberty,James Madison,Conference USA,Sun Belt,False,Bridgeforth Stadium,,,,,,,True,0.92,9.0,-220.0,185.0,-6.0,50.5,ad4b1c809d35ea03f513ccb45746e998,2026-09-05T16:00:00Z,2026-09-05 16:00:00+00:00,22.666666666666664,19.0,21.875,6.600000000000001,12.399999999999999,0.6000000000000001,0.0,1.0,50.0,0.7674752630168385,16.233049325896204,55.72531741606892,0.20287045876132626,James Madison,HIGH,RESEARCH_READY,10.233049325896204
2026-09-05T16:00:00.000Z,1,New Hampshire,Syracuse,Coastal Athletic,ACC,False,JMA Wireless Dome,,,,,,,True,0.92,4.0,-20000.0,3500.0,-33.75,56.0,f7c217b83839dba1c4df08e372851916,2026-09-05T16:00:00Z,2026-09-05 16:00:00+00:00,-16.999999999999996,2.799999999999997,-2.125,-6.600000000000001,9.399999999999999,0.0,0.0,1.0,50.0,0.7314399957865327,6.772725848120875,57.295560791888974,0.24685073671268043,Syracuse,HIGH,RESEARCH_READY,-26.977274151879126
2026-09-05T16:30:00.000Z,1,Ball State,Ohio State,Mid-American,Big Ten,False,Ohio Stadium,,,,,,,True,0.92,9.0,-100000.0,1900.0,-50.5,56.5,9bb89639201454f186964f5b86365760,2026-09-05T16:30:00Z,2026-09-05 16:30:00+00:00,23.333333333333336,30.2,31.875,15.0,15.2,0.39999999999999997,0.0,1.0,50.0,0.9421807787223383,25.12666466927698,54.5244200116403,0.22483963859432538,Ohio State,HIGH,RESEARCH_READY,-25.37333533072302
2026-09-05T16:30:00.000Z,1,Miami (OH),Pittsburgh,Mid-American,ACC,False,Acrisure Stadium,,,,,,,True,0.92,9.0,-850.0,580.0,-16.5,47.5,ab601e833e1494159df16e0331dd02d4,2026-09-05T16:00:00Z,2026-09-05 16:30:00+00:00,-6.333333333333334,-4.4,-0.25,3.0,-7.399999999999999,0.0,0.0,1.0,50.0,0.5847685363512594,5.631604924716538,51.50004776140462,0.15921110729564608,Pittsburgh,LOW,RESEARCH_READY,-10.868395075283463
2026-09-05T16:45:00.000Z,1,Kent State,South Carolina,Mid-American,SEC,False,Williams-Brice Stadium,,,,,,,True,0.92,9.0,-100000.0,3425.0,-36.0,54.0,994c7280c9e8dcb041c260eb2c767d4d,2026-09-05T16:45:00Z,2026-09-05 16:45:00+00:00,10.0,1.6,5.5,0.1999999999999993,1.3999999999999986,-0.39999999999999997,0.0,1.0,50.0,0.7017362538662762,10.737264283830735,55.13561385701662,0.24765058778712862,South Carolina,HIGH,RESEARCH_READY,-25.262735716169267
2026-09-05T17:00:00.000Z,1,Youngstown State,Kentucky,MVFC,SEC,False,Kroger Field,,,,,,,True,0.828,4.0,-3600.0,1400.0,-23.25,62.5,6ba4c2cb4e23d19069d00b47716c95c9,2026-09-05T17:00:00Z,2026-09-05 17:00:00+00:00,21.33333333333333,32.2,21.75,8.999999999999998,23.2,0.6,0.0,1.0,50.0,0.8224630259582056,18.693973520613888,54.757863906596384,0.2571372362362278,Kentucky,HIGH,RESEARCH_READY,-4.556026479386112
2026-09-05T17:00:00.000Z,1,Duquesne,Air Force,NEC,Mountain West,False,Falcon Stadium,,,,,,,True,0.92,5.0,-30000.0,3200.0,-28.5,58.5,ce384d78c826a2fee9787dec17269464,2026-09-05T17:00:00Z,2026-09-05 17:00:00+00:00,48.666666666666664,50.2,42.125,14.200000000000001,36.0,0.4,0.0,1.0,50.0,0.978682451524398,31.89158392032906,56.30582326212038,0.43377611863967414,Air Force,HIGH,RESEARCH_READY,3.3915839203290616
2026-09-05T17:00:00.000Z,1,Southeast Missouri State,Iowa State,OVC,Big 12,False,Jack Trice Stadium,,,,,,,True,0.92,3.0,-15000.0,2950.0,-30.0,52.5,0e7a154b072a69dce76b6403f608b476,2026-09-05T17:00:00Z,2026-09-05 17:00:00+00:00,34.666666666666664,29.6,32.125,9.200000000000001,20.400000000000002,0.6,0.0,1.0,50.0,0.8609125545911991,21.443319281711723,52.11492231335254,0.246457615485276,Iowa State,HIGH,RESEARCH_READY,-8.556680718288277
2026-09-05T18:00:00.000Z,1,Rhode Island,Temple,Coastal Athletic,American Athletic,False,Lincoln Financial Field,,,,,,,True,0.92,5.0,-820.0,540.0,-14.5,51.5,427c4b920f96292167b4643eb94b2fa5,2026-09-05T18:00:00Z,2026-09-05 18:00:00+00:00,12.0,2.8000000000000007,12.375,-1.0,3.799999999999997,0.0,0.0,1.0,50.0,0.7613562460662849,8.6797385435205,52.172695659013954,0.20030222897173539,Temple,HIGH,RESEARCH_READY,-5.8202614564795
2026-09-05T19:00:00.000Z,1,Tennessee State,Georgia,OVC,SEC,False,Sanford Stadium,,,,,,,True,0.94,1.0,,,8.5,,2fef91bee444782036d23f91abe0a5da,2026-09-12T23:00:00Z,2026-09-05 19:00:00+00:00,54.666666666666664,48.8,39.0,15.200000000000001,33.6,0.8,0.0,1.0,50.0,0.9824638035131142,33.054321147139454,59.56195579023877,0.3670109176554004,Georgia,HIGH,RESEARCH_READY,41.554321147139454
2026-09-05T19:30:00.000Z,1,UT Rio Grande Valley,UTSA,Southland,American Athletic,False,Alamodome,,,,,,,False,0.685,,,,,,,,2026-09-05 19:30:00+00:00,,,,,,,,,,,,,,UNKNOWN,LOW,INSUFFICIENT_HISTORY,
2026-09-05T19:30:00.000Z,1,Furman,Tennessee,Southern,SEC,False,Neyland Stadium,,,,,,,True,0.92,5.0,,,-46.5,66.5,c87470467f02dc3279d33b69db9bae63,2026-09-05T19:30:00Z,2026-09-05 19:30:00+00:00,44.666666666666664,44.4,35.5,20.4,24.0,0.4,0.0,1.0,50.0,0.9817638075759512,31.311895893149757,56.58660234986839,0.30340678680603295,Tennessee,HIGH,RESEARCH_READY,-15.188104106850243
2026-09-05T19:30:00.000Z,1,The Citadel,Charlotte,Southern,American Athletic,False,Jerry Richardson Stadium,,,,,,,True,0.94,5.0,-2000.0,950.0,-19.5,46.5,897638282df1d5781867ee8fb9b494f2,2026-09-05T19:30:00Z,2026-09-05 19:30:00+00:00,13.333333333333332,13.399999999999999,7.75,4.800000000000001,8.600000000000001,0.0,0.0,1.0,50.0,0.7789971789230916,11.10977316833425,53.176356022226145,0.18914399525962133,Charlotte,HIGH,RESEARCH_READY,-8.39022683166575
2026-09-05T19:30:00.000Z,1,Towson,Navy,Coastal Athletic,American Athletic,False,Navy-Marine Corps Memorial Stadium,,,,,,,True,0.92,5.0,-30000.0,3750.0,-30.5,50.5,fc7e0d9b83e3da0d637ba983b9eed9d5,2026-09-05T19:30:00Z,2026-09-05 19:30:00+00:00,37.0,32.0,34.0,12.0,20.0,0.8,0.0,1.0,50.0,0.9402916566846079,26.465961697891828,54.179590680752355,0.2660269457275159,Navy,HIGH,RESEARCH_READY,-4.034038302108172
2026-09-05T19:30:00.000Z,1,Boise State,Oregon,Pac-12,Big Ten,False,Autzen Stadium,,,,,,,True,0.92,9.0,-3000.0,1256.0,-24.5,51.5,ac175733be9ad7061abab75fe080d18a,2026-09-05T19:30:00Z,2026-09-05 19:30:00+00:00,5.333333333333334,5.0,5.875,6.9999999999999964,-2.0,0.20000000000000007,0.0,1.0,50.0,0.8021245810734048,12.016938412752287,56.96045695225403,0.16007881840578525,Oregon,HIGH,RESEARCH_READY,-12.483061587247713
2026-09-05T19:30:00.000Z,1,Maine,App State,Coastal Athletic,Sun Belt,False,Kidd Brewer Stadium,,,,,,,False,0.691,,,,,,,,2026-09-05 19:30:00+00:00,25.333333333333332,9.799999999999999,12.75,6.200000000000001,3.5999999999999943,0.2,0.0,1.0,50.0,0.838162380432938,20.361970251645143,53.672098356229625,0.19641363782940047,App State,HIGH,RESEARCH_READY,
2026-09-05T19:30:00.000Z,1,Boston College,Cincinnati,ACC,Big 12,False,Nippert Stadium,,,,,,,True,0.92,9.0,-300.0,245.0,-7.5,49.5,9e750af965ce9f276f4280686d4dba35,2026-09-05T19:30:00Z,2026-09-05 19:30:00+00:00,-14.666666666666668,-10.400000000000002,12.125,-5.399999999999999,-5.0000000000000036,-0.2,0.0,1.0,50.0,0.6496348480263611,4.282152863953246,56.990310006458714,0.2810906144507678,Cincinnati,MEDIUM,RESEARCH_READY,-3.217847136046754
2026-09-05T19:30:00.000Z,1,Tulane,Duke,American Athletic,ACC,False,Wallace Wade Stadium,,,,,,,True,0.92,9.0,-305.0,249.0,-7.5,51.0,8154373235ce2adf76b37ecd334601fc,2026-09-05T19:30:00Z,2026-09-05 19:30:00+00:00,6.0,-5.4,-3.625,4.799999999999997,-10.2,0.0,0.0,1.0,50.0,0.5737376163397488,0.9023935756727189,53.42691025031669,0.20126042644358103,Duke,LOW,RESEARCH_READY,-6.597606424327281
2026-09-05T19:30:00.000Z,1,Fordham,North Dakota State,Patriot,Mountain West,False,Fargodome,,,,,,,True,0.92,5.0,,,-41.5,56.5,3d0ba3d979787ef14b6fb75e65455672,2026-09-05T19:30:00Z,2026-09-05 19:30:00+00:00,31.666666666666668,28.0,31.5,0.8999999999999986,27.1,0.3,-23.083333333333332,1.0,50.0,0.9159630557298133,36.18677170325279,62.477787212505625,0.4381334676356295,North Dakota State,HIGH,RESEARCH_READY,-5.313228296747212
2026-09-05T19:30:00.000Z,1,Texas State,Texas,Pac-12,SEC,False,DKR-Texas Memorial Stadium,,,,,,,True,0.94,1.0,130.0,-155.0,2.5,53.5,4c69ecf41bb2d36dfeedeae23acc5b86,2026-11-28T00:30:00Z,2026-09-05 19:30:00+00:00,-10.666666666666668,-15.6,-1.125,-7.400000000000006,-8.2,0.0,0.0,1.0,50.0,0.6242939867345779,0.8595153658374073,55.12931390803937,0.21586681972914917,Texas,MEDIUM,RESEARCH_READY,3.3595153658374075
2026-09-05T19:30:00.000Z,1,Baylor,Auburn,Big 12,SEC,True,Mercedes-Benz Stadium,,,,,,,True,0.92,9.0,-295.0,240.0,-7.5,58.5,525909f6be5e505d076a97eb097528eb,2026-09-05T19:30:00Z,2026-09-05 19:30:00+00:00,29.666666666666664,17.0,6.25,7.399999999999999,9.600000000000001,0.2,0.0,0.0,50.0,0.6149112890786991,6.598442979833017,55.14281629392308,0.3864676494460014,Auburn,MEDIUM,RESEARCH_READY,-0.9015570201669831
2026-09-05T19:30:00.000Z,1,Marshall,Penn State,Sun Belt,Big Ten,False,Beaver Stadium,,,,,,,True,0.92,9.0,-3200.0,1300.0,-24.0,52.0,3b70c72dad6ee188202de37cf3218811,2026-09-05T19:30:00Z,2026-09-05 19:30:00+00:00,12.666666666666668,16.4,4.0,5.599999999999998,10.799999999999997,0.6000000000000001,0.0,1.0,50.0,0.7313921407440553,10.276452394092711,59.299748104141685,0.24635377080790388,Penn State,HIGH,RESEARCH_READY,-13.723547605907289
2026-09-05T19:45:00.000Z,1,Oklahoma State,Tulsa,Big 12,American Athletic,False,Chapman Stadium,,,,,,,True,0.92,9.0,425.0,-575.0,13.5,59.0,2da3627714934ad966d548980bb69658,2026-09-05T19:45:00Z,2026-09-05 19:45:00+00:00,9.666666666666666,13.6,10.125,17.0,-3.400000000000002,0.4,0.0,1.0,50.0,0.7458807728130948,9.520450792370093,54.088078278392416,0.2244526474029632,Tulsa,HIGH,RESEARCH_READY,23.02045079237009
2026-09-05T20:15:00.000Z,1,North Alabama,Arkansas,UAC,SEC,False,Razorback Stadium,,,,,,,True,0.92,4.0,,,-40.5,63.0,244ad71a1e9f6afa8001cc674aec1558,2026-09-05T20:15:00Z,2026-09-05 20:15:00+00:00,34.666666666666664,40.6,28.19642857142857,20.4,20.200000000000003,0.0,0.0,1.0,50.0,0.9392165961391722,25.74605898284663,54.80436276709051,0.4443137896597797,Arkansas,HIGH,RESEARCH_READY,-14.75394101715337
2026-09-05T20:15:00.000Z,1,Northern Illinois,Iowa,Mountain West,Big Ten,False,Kinnick Stadium,,,,,,,True,0.92,9.0,-75000.0,3412.5,-31.5,44.5,261e6183f68405cd431bbdbd0c31eefa,2026-09-05T20:15:00Z,2026-09-05 20:15:00+00:00,4.000000000000001,6.0,18.75,2.3999999999999986,3.599999999999998,0.19999999999999996,0.0,1.0,50.0,0.7695316953340157,10.552869779416064,51.075301835106025,0.20660810090277415,Iowa,HIGH,RESEARCH_READY,-20.947130220583936
2026-09-05T21:00:00.000Z,1,Alcorn State,Southern Miss,SWAC,Sun Belt,False,M. M. Roberts Stadium,,,,,,,True,0.92,5.0,-1400.0,800.0,-20.5,50.5,3da928fcc2533b3638a7a05f8cce5d12,2026-09-05T21:00:00Z,2026-09-05 21:00:00+00:00,42.666666666666664,37.0,34.125,18.6,18.400000000000002,0.2,0.0,1.0,50.0,0.9587299094784951,30.423510862728982,57.88994756519313,0.3229902945872469,Southern Miss,HIGH,RESEARCH_READY,9.923510862728982
2026-09-05T22:00:00.000Z,1,Wyoming,Colorado State,Mountain West,Pac-12,False,Canvas Stadium,,,,,,,True,0.92,9.0,-160.0,136.0,-3.0,46.5,ddf45575d5d07af2872a07618f9f7867,2026-09-05T22:00:00Z,2026-09-05 22:00:00+00:00,-1.666666666666666,-15.2,-8.875,3.4000000000000004,-18.6,-0.2,0.0,1.0,50.0,0.48963263110009037,-0.44224839882741385,56.059140869423516,0.2596374302186418,Wyoming,LOW,RESEARCH_READY,-3.442248398827414
2026-09-05T22:00:00.000Z,1,Norfolk State,Old Dominion,MEAC,Sun Belt,False,S.B. Ballard Stadium,,,,,,,True,0.92,5.0,,,-40.5,52.5,6dfe38a40bc077f3c10d6aa9333f512d,2026-09-05T22:00:00Z,2026-09-05 22:00:00+00:00,62.333333333333336,70.6,49.875,25.6,45.0,1.0,0.0,1.0,50.0,0.9826476676076609,36.85400447561721,60.85955079356067,0.779545944647442,Old Dominion,HIGH,RESEARCH_READY,-3.6459955243827906
2026-09-05T23:00:00.000Z,1,Houston Christian,Rice,Southland,American Athletic,False,Rice Stadium,,,,,,,True,0.76,5.0,-4000.0,1400.0,-22.5,47.5,34c23c88d29703e3b8a3b0b9d29a7c31,2026-09-05T23:00:00Z,2026-09-05 23:00:00+00:00,10.0,15.400000000000002,8.25,6.4,9.0,0.2,0.0,1.0,50.0,0.8668622365090932,13.030907837571378,50.00963994431913,0.17187027323401927,Rice,HIGH,RESEARCH_READY,-9.469092162428622
2026-09-05T23:00:00.000Z,1,Austin Peay,Vanderbilt,UAC,SEC,False,FirstBank Stadium,,,,,,,True,0.92,5.0,-7250.0,2050.0,-29.5,60.5,d7c91dabe6e413cca1b7d0d6d8dc7a15,2026-09-05T23:00:00Z,2026-09-05 23:00:00+00:00,35.33333333333333,32.2,30.25,28.0,4.200000000000003,0.39999999999999997,0.0,1.0,50.0,0.9141927919039087,21.446525285515236,58.6218347749056,0.30602642973492356,Vanderbilt,HIGH,RESEARCH_READY,-8.053474714484764
2026-09-05T23:00:00.000Z,1,Eastern Kentucky,Jacksonville State,UAC,Conference USA,False,AmFirst Stadium,,,,,,,True,0.92,4.0,-2100.0,1100.0,-20.5,54.5,f918d3d3ebf6112ff1362c0f48465204,2026-09-05T23:00:00Z,2026-09-05 23:00:00+00:00,23.333333333333336,25.4,25.125,9.799999999999999,15.599999999999998,0.4,-22.9375,1.0,50.0,0.9532366995600319,29.261431795500545,57.56754154978399,0.272971097868132,Jacksonville State,HIGH,RESEARCH_READY,8.761431795500545
2026-09-05T23:00:00.000Z,1,Nicholls,Kansas State,Southland,Big 12,False,Bill Snyder Family Stadium,,,,,,,True,0.92,3.0,,,-41.5,54.5,b4077e17d5393758cd18778ca067bd0a,2026-09-05T23:00:00Z,2026-09-05 23:00:00+00:00,29.0,25.2,32.0,15.799999999999999,9.400000000000002,0.6,0.0,1.0,50.0,0.9080782412575068,28.13649667383411,52.62851896726622,0.2251113539001924,Kansas State,HIGH,RESEARCH_READY,-13.36350332616589
2026-09-05T23:00:00.000Z,1,Idaho State,Utah State,Big Sky,Pac-12,False,Maverik Stadium,,,,,,,True,0.92,5.0,-590.0,400.0,-14.0,62.5,e6624a0cd664a38cde2f68f865e0536f,2026-09-05T23:00:00Z,2026-09-05 23:00:00+00:00,12.333333333333334,25.8,25.5,5.199999999999999,20.599999999999998,0.4,0.0,1.0,50.0,0.8401237576645108,22.411535236247982,55.07775608344372,0.25672236153909034,Utah State,HIGH,RESEARCH_READY,8.411535236247982
2026-09-05T23:00:00.000Z,1,Abilene Christian,Texas Tech,UAC,Big 12,False,Jones AT&T Stadium,,,,,,,True,0.92,5.0,,,-42.5,59.5,0c4c84793ee16b40df982640f76a4d9b,2026-09-05T23:00:00Z,2026-09-05 23:00:00+00:00,34.333333333333336,41.2,46.375,8.0,33.2,0.8,0.0,1.0,50.0,0.9809707658478888,30.442343024979294,57.963162962061844,0.4265177480533664,Texas Tech,HIGH,RESEARCH_READY,-12.057656975020706
2026-09-05T23:00:00.000Z,1,Charleston Southern,Georgia Southern,OVC,Sun Belt,False,Allen E. Paulson Stadium,,,,,,,True,0.92,5.0,-5750.0,1850.0,-25.5,51.5,1107b27a3395b91cf33c3475755ed37f,2026-09-05T23:00:00Z,2026-09-05 23:00:00+00:00,26.0,37.2,38.0,20.6,16.6,0.8,0.0,1.0,50.0,0.956067185605938,31.245200792153657,58.27275454400316,0.28559386246647794,Georgia Southern,HIGH,RESEARCH_READY,5.745200792153657
2026-09-05T23:00:00.000Z,1,Missouri State,Texas A&M,Conference USA,SEC,False,Kyle Field,,,,,,,True,0.92,9.0,-100000.0,1900.0,-40.5,53.5,19db717a66097e6d3fb887ae8cf3aaae,2026-09-05T23:00:00Z,2026-09-05 23:00:00+00:00,18.666666666666668,12.0,11.0,-2.8000000000000007,14.8,0.19999999999999996,0.0,1.0,50.0,0.8050578693291734,10.94922742458095,51.36767314447056,0.19465425526505525,Texas A&M,HIGH,RESEARCH_READY,-29.55077257541905
2026-09-05T23:00:00.000Z,1,Sam Houston,Troy,Conference USA,Sun Belt,False,Veterans Memorial Stadium (AL),,,,,,,True,0.92,9.0,-850.0,586.0,-16.5,54.0,fb6839df368dc6724c22bd58cbe64a5d,2026-09-05T23:00:00Z,2026-09-05 23:00:00+00:00,13.333333333333334,11.200000000000001,15.625,-1.6000000000000014,12.799999999999997,0.0,0.0,1.0,50.0,0.7985421609002039,14.127623438025642,54.027262127844146,0.21552392984319327,Troy,HIGH,RESEARCH_READY,-2.3723765619743578
2026-09-05T23:00:00.000Z,1,Murray State,Middle Tennessee,MVFC,Conference USA,False,"Johnny ""Red"" Floyd Stadium",,,,,,,True,0.92,5.0,-2100.0,1050.0,-20.5,59.5,ac175ca7938ed96d7f3831a9fa2e9270,2026-09-05T23:00:00Z,2026-09-05 23:00:00+00:00,32.666666666666664,28.2,33.5,17.6,10.600000000000001,0.4,0.0,1.0,50.0,0.9785200730299369,26.061105478804794,53.21211822916361,0.24393389775818625,Middle Tennessee,HIGH,RESEARCH_READY,5.5611054788047944
2026-09-05T23:00:00.000Z,1,Florida International,South Florida,Conference USA,American Athletic,False,Raymond James Stadium,,,,,,,True,0.92,9.0,-675.0,470.0,-14.0,52.0,85b9f3dfd3a9deeaaa046572f9b4fbeb,2026-09-05T23:00:00Z,2026-09-05 23:00:00+00:00,18.666666666666668,10.4,14.75,2.0,8.399999999999999,-0.20000000000000007,0.0,1.0,50.0,0.7548033129178532,11.337317065343312,52.533570269812174,0.2583618139142646,South Florida,HIGH,RESEARCH_READY,-2.6626829346566883
2026-09-05T23:00:00.000Z,1,Arkansas State,Memphis,Sun Belt,American Athletic,False,Simmons Bank Liberty Stadium,,,,,,,True,0.92,9.0,-460.0,358.0,-11.5,52.5,57c73afe255c44ef3e19b52dc9557ea8,2026-09-05T23:00:00Z,2026-09-05 23:00:00+00:00,-10.666666666666666,-9.8,-5.125,-5.600000000000001,-4.199999999999999,-0.39999999999999997,-23.125,1.0,50.0,0.5915051028038419,6.961928056540474,53.874428899487086,0.5317642474761164,Memphis,MEDIUM,RESEARCH_READY,-4.538071943459526
2026-09-05T23:00:00.000Z,1,SE Louisiana,South Alabama,Southland,Sun Belt,False,Hancock Whitney Stadium,,,,,,,True,0.76,5.0,-670.0,470.0,-12.5,52.5,92e9ba19aef9e422898288605879f16a,2026-09-05T23:00:00Z,2026-09-05 23:00:00+00:00,30.333333333333336,31.8,28.5,23.4,8.399999999999999,0.6,0.0,1.0,50.0,0.9208940125109576,25.177269897605747,54.077729085032125,0.2451405677668625,South Alabama,HIGH,RESEARCH_READY,12.677269897605747
2026-09-05T23:30:00.000Z,1,Northwestern State,Louisiana Tech,Southland,Sun Belt,False,Joe Aillet Stadium,,,,,,,True,0.92,4.0,,,-44.5,55.5,6def2370b6493e65be537864869f5f20,2026-09-05T23:30:00Z,2026-09-05 23:30:00+00:00,80.0,55.6,49.875,13.399999999999999,42.2,0.6,0.0,1.0,50.0,0.9801055327433184,34.53878761917411,58.02122949879125,0.710432448181437,Louisiana Tech,HIGH,RESEARCH_READY,-9.961212380825891
2026-09-05T23:30:00.000Z,1,Clemson,LSU,ACC,SEC,False,Tiger Stadium (LA),,,,,,,False,0.62,,,,,,,,2026-09-05 23:30:00+00:00,-13.666666666666668,-13.2,-13.25,-6.799999999999997,-6.399999999999999,-0.4,0.0,1.0,50.0,0.2866986734662154,-10.600642128894043,59.79280667919109,0.1651295928017571,Clemson,HIGH,RESEARCH_READY,
2026-09-05T23:30:00.000Z,1,UL Monroe,Mississippi State,Sun Belt,SEC,False,Davis Wade Stadium,,,,,,,True,0.92,9.0,-10000.0,1800.0,-28.5,55.0,61a35dab6017f6f7de74fab10707197c,2026-09-05T23:30:00Z,2026-09-05 23:30:00+00:00,-7.666666666666666,2.5999999999999996,6.875,10.400000000000002,-7.800000000000004,0.2,0.0,1.0,50.0,0.676407362876543,7.578883164119229,56.02409247081296,0.22398520745114342,Mississippi State,MEDIUM,RESEARCH_READY,-20.92111683588077
2026-09-05T23:30:00.000Z,1,Western Michigan,Michigan,Mid-American,Big Ten,False,Michigan Stadium,,,,,,,True,0.92,9.0,-6500.0,1500.0,-27.5,48.5,965fa47588c773e6753d409fc1020dec,2026-09-05T23:00:00Z,2026-09-05 23:30:00+00:00,-20.666666666666664,-15.0,-12.625,-4.199999999999999,-10.799999999999999,-0.4,0.0,1.0,50.0,0.37667314207506186,-8.303768057208405,54.61070368885946,0.17357350156340107,Western Michigan,MEDIUM,RESEARCH_READY,-35.8037680572084
2026-09-05T23:30:00.000Z,1,VMI,Virginia Tech,Southern,ACC,False,Lane Stadium,,,,,,,True,0.92,5.0,,,-55.5,61.5,516f500b559017bc6c6f127259da99f1,2026-09-05T23:30:00Z,2026-09-05 23:30:00+00:00,26.0,31.599999999999998,35.125,11.0,20.6,0.2,0.0,1.0,50.0,0.9431863013145658,26.238339606206477,56.28233076211963,0.28815796790288817,Virginia Tech,HIGH,RESEARCH_READY,-29.261660393793523
2026-09-05T23:45:00.000Z,1,Florida Atlantic,Florida,American Athletic,SEC,False,Ben Hill Griffin Stadium,,,,,,,True,0.92,9.0,-4500.0,1556.0,-26.5,59.5,247137e181f9ff51165c0283d6d56987,2026-09-05T23:45:00Z,2026-09-05 23:45:00+00:00,14.000000000000002,-0.3999999999999986,0.0,-8.400000000000002,8.0,0.0,0.0,1.0,50.0,0.6000723899746317,4.185233951852786,52.982195415539145,0.20539708010743307,Florida,MEDIUM,RESEARCH_READY,-22.314766048147213
2026-09-06T00:00:00.000Z,1,South Dakota State,Northwestern,MVFC,Big Ten,False,Lanny and Sharon Martin Stadium,,,,,,,True,0.92,5.0,-650.0,470.0,-13.5,46.5,7062c81b2c402a10362f42c8c30f72f4,2026-09-06T00:00:00Z,2026-09-06 00:00:00+00:00,10.666666666666668,6.8,8.425,-0.5999999999999979,7.400000000000002,0.2,0.0,1.0,50.0,0.7146252751300978,9.944518035628167,51.15843706258086,0.165890313542144,Northwestern,HIGH,RESEARCH_READY,-3.5554819643718325
2026-09-06T00:00:00.000Z,1,Utah Tech,BYU,Big Sky,Big 12,False,LaVell Edwards Stadium,,,,,,,False,0.668,,,,,,,,2026-09-06 00:00:00+00:00,34.0,36.0,32.375,6.350000000000001,29.65,0.8,0.0,1.0,50.0,0.9074149795169195,25.270607047124635,58.039579516441194,0.3260122577995742,BYU,HIGH,RESEARCH_READY,
2026-09-06T00:00:00.000Z,1,Hampton,Maryland,Coastal Athletic,Big Ten,False,SECU Stadium,,,,,,,True,0.92,5.0,,,-45.5,56.5,c0467c7438f70a7ccf0c5a0a0b95a4f9,2026-09-06T00:00:00Z,2026-09-06 00:00:00+00:00,26.999999999999996,19.15,26.375,3.0500000000000007,16.1,0.0,0.0,1.0,50.0,0.8488767858538752,20.18868968231649,55.08985254136882,0.30482310267241414,Maryland,HIGH,RESEARCH_READY,-25.31131031768351
2026-09-06T00:00:00.000Z,1,Lamar,Louisiana,Southland,Sun Belt,False,Cajun Field,,,,,,,True,0.92,5.0,-1700.0,890.0,-19.5,48.5,993d8ce79314ba23c226f4588a015d05,2026-09-06T00:00:00Z,2026-09-06 00:00:00+00:00,22.666666666666668,29.2,37.75,15.8,13.399999999999999,0.8,0.0,1.0,50.0,0.8855505206867895,24.130230898568428,52.44775014145307,0.30185998540112957,Louisiana,HIGH,RESEARCH_READY,4.630230898568428
2026-09-06T01:00:00.000Z,1,Mercyhurst,New Mexico State,NEC,Conference USA,False,Aggie Memorial Stadium,,,,,,,True,0.92,5.0,-10000.0,2200.0,-28.0,52.5,5df98ab50cf92b2a49fd7ad6f5d98b67,2026-09-06T01:00:00Z,2026-09-06 01:00:00+00:00,,,,,,,,,,,,,,UNKNOWN,LOW,INSUFFICIENT_HISTORY,
2026-09-06T01:30:00.000Z,1,Northern Arizona,Arizona,Big Sky,Big 12,False,Arizona Stadium,,,,,,,True,0.92,4.0,-9000.0,2100.0,-32.0,58.0,020f07f6edd4f49bb1db1eab439f57dd,2026-09-06T01:30:00Z,2026-09-06 01:30:00+00:00,33.666666666666664,29.2,26.75,16.2,13.0,0.6000000000000001,0.0,1.0,50.0,0.8830444514792264,22.50157222526483,52.04729634259703,0.2051946545300078,Arizona,HIGH,RESEARCH_READY,-9.49842777473517
2026-09-06T01:30:00.000Z,1,Portland State,San Diego State,Big Sky,Pac-12,False,Snapdragon Stadium,,,,,,,True,0.92,5.0,,,-40.5,62.0,2d361438c10dddccfd25146090dae71a,2026-09-06T01:30:00Z,2026-09-06 01:30:00+00:00,48.33333333333333,35.4,46.875,9.599999999999998,25.799999999999997,0.4,0.0,1.0,50.0,0.9624216837284638,32.10042904328873,57.05230389399032,0.4117570371549415,San Diego State,HIGH,RESEARCH_READY,-8.399570956711273
2026-09-06T02:00:00.000Z,1,Morgan State,Arizona State,MEAC,Big 12,False,Mountain America Stadium,,,,,,,True,0.92,5.0,,,-43.5,52.5,4239b7c310247c5b1c1a5e975fc6d53f,2026-09-06T02:00:00Z,2026-09-06 02:00:00+00:00,32.66666666666667,32.0,30.875,16.4,15.599999999999998,0.6,0.0,1.0,50.0,0.919788225462913,24.25046223379766,54.854673238408424,0.20990331330655176,Arizona State,HIGH,RESEARCH_READY,-19.24953776620234
2026-09-06T02:00:00.000Z,1,Central Michigan,New Mexico,Mid-American,Mountain West,False,University Stadium (NM),,,,,,,True,0.92,9.0,-435.0,340.0,-10.5,46.5,0434161af1b45c8a61dac5ba00210af1,2026-09-06T02:00:00Z,2026-09-06 02:00:00+00:00,17.666666666666668,9.0,1.25,4.600000000000001,4.400000000000002,0.4,0.0,1.0,50.0,0.807392440381873,11.769078268669592,53.54834290396758,0.22047786613928988,New Mexico,HIGH,RESEARCH_READY,1.2690782686695918
2026-09-06T02:00:00.000Z,1,UNLV,Hawai'i,Mountain West,Mountain West,False,Clarence T.C. Ching Athletics Complex,,,,,,,False,0.693,,,,,,,,2026-09-06 02:00:00+00:00,14.666666666666668,-0.9999999999999996,-1.5,1.0,-2.0,0.19999999999999996,0.125,1.0,50.0,0.5676721709821407,2.537088732788846,49.44728734525237,0.21137747937213336,Hawai'i,LOW,RESEARCH_READY,
2026-09-06T02:00:00.000Z,1,Mississippi Valley State,Sacramento State,SWAC,Mid-American,False,Hornet Stadium,,,,,,,True,0.92,5.0,,,-37.5,56.5,29cb5ab7b872568cd54873777ff226ff,2026-09-06T02:00:00Z,2026-09-06 02:00:00+00:00,,,,,,,,,,,,,,UNKNOWN,LOW,INSUFFICIENT_HISTORY,
2026-09-06T02:30:00.000Z,1,UCLA,California,Big Ten,ACC,False,California Memorial Stadium,,,,,,,True,0.92,9.0,108.0,-129.0,2.0,53.5,1bb9e45b6e7ed1200104ed018eff9093,2026-09-06T02:30:00Z,2026-09-06 02:30:00+00:00,23.0,23.8,7.125,13.600000000000001,10.199999999999996,0.4,0.0,1.0,50.0,0.7655152047785259,11.961040343952044,55.019028379980725,0.24071950191180322,California,HIGH,RESEARCH_READY,13.961040343952044
2026-09-06T02:30:00.000Z,1,Western Kentucky,Nevada,Conference USA,Mountain West,False,Mackay Stadium,,,,,,,True,0.92,9.0,-105.0,-115.0,1.0,52.5,63efb66a308ba1892fb100b7341a76d8,2026-09-06T02:30:00Z,2026-09-06 02:30:00+00:00,6.999999999999999,-14.4,-12.0,-9.200000000000003,-5.199999999999999,-0.19999999999999996,0.0,1.0,50.0,0.37346597936576753,-2.7424246056088233,55.10291260496899,0.22961357209238847,Western Kentucky,MEDIUM,RESEARCH_READY,-1.7424246056088233
2026-09-06T20:00:00.000Z,1,Washington State,Washington,Pac-12,Big Ten,False,Husky Stadium,,,,,,,True,0.92,9.0,-2400.0,1075.0,-23.5,51.0,36c2a063d7a55e85488fbe0e89015686,2026-09-06T20:00:00Z,2026-09-06 20:00:00+00:00,5.666666666666668,5.600000000000001,3.875,7.600000000000001,-2.0,0.0,0.0,1.0,50.0,0.7007775902333188,8.1558899253369,55.37792591727903,0.16503501430670597,Washington,HIGH,RESEARCH_READY,-15.3441100746631
2026-09-06T23:30:00.000Z,1,Louisville,Ole Miss,ACC,SEC,True,Nissan Stadium,,,,,,,False,0.652,,,,,,,,2026-09-06 23:30:00+00:00,5.999999999999999,10.2,11.875,11.999999999999996,-1.8000000000000007,0.4,0.0,0.0,50.0,0.47747001269570266,1.6918917230545458,57.260405649977464,0.38199002639706353,Louisville,LOW,RESEARCH_READY,
2026-09-06T23:30:00.000Z,1,Wisconsin,Notre Dame,Big Ten,FBS Independents,True,Lambeau Field,,,,,,,True,0.92,9.0,-1800.0,950.0,-20.5,47.0,b460f3aa4235ec2485f25182755304d6,2026-09-06T23:30:00Z,2026-09-06 23:30:00+00:00,43.666666666666664,39.2,42.625,33.8,5.4,0.6,0.0,0.0,50.0,0.7417116880308471,15.188138071010147,54.140249701447246,1.0277739688308853,Notre Dame,HIGH,RESEARCH_READY,-5.3118619289898525
2026-09-07T23:30:00.000Z,1,SMU,Florida State,ACC,ACC,False,Doak Campbell Stadium,,,,,,,False,0.66,,,,,,,,2026-09-07 23:30:00+00:00,-15.333333333333334,-15.6,-10.875,-11.600000000000001,-4.0,-0.4,-20.979166666666664,1.0,50.0,0.557941569819457,3.761368643689271,53.10556401117472,0.6013791615053924,Florida State,LOW,RESEARCH_READY,
2026-09-11T00:00:00.000Z,2,Florida A&M,Miami,SWAC,ACC,False,Hard Rock Stadium,,,,,,,False,0.643,,,,,,,,2026-09-11 00:00:00+00:00,39.666666666666664,40.599999999999994,52.125,8.2,32.4,0.8,0.0,1.0,50.0,0.9757912484340453,31.2845638638866,56.94166097749422,0.45904170494630464,Miami,HIGH,RESEARCH_READY,
2026-09-11T23:00:00.000Z,2,Richmond,NC State,Patriot,ACC,False,Carter-Finley Stadium,,,,,,,False,0.473,,,,,,,,2026-09-11 23:00:00+00:00,36.0,22.4,15.0,9.8,12.600000000000001,0.6,-16.854166666666664,1.0,50.0,1.0,30.491277810421856,60.330008458177545,0.5209136432038306,NC State,HIGH,RESEARCH_READY,
2026-09-11T23:00:00.000Z,2,Villanova,Louisville,Patriot,ACC,False,L&N Federal Credit Union Stadium,,,,,,,False,0.555,,,,,,,,2026-09-11 23:00:00+00:00,37.33333333333333,33.6,27.375,10.4,23.2,0.4,0.0,1.0,50.0,0.9192691484062,26.688456992231224,60.69373286380991,0.2612606786618662,Louisville,HIGH,RESEARCH_READY,
2026-09-11T23:00:00.000Z,2,Norfolk State,Virginia,MEAC,ACC,False,Scott Stadium,,,,,,,False,0.603,,,,,,,,2026-09-11 23:00:00+00:00,48.66666666666667,58.199999999999996,49.75,19.200000000000003,39.0,0.8,-16.854166666666664,1.0,50.0,1.0,38.37738023081165,58.31951711311715,0.6077271535770558,Virginia,HIGH,RESEARCH_READY,
2026-09-11T23:30:00.000Z,2,Rutgers,Boston College,Big Ten,ACC,False,"Alumni Stadium (Chestnut Hill, MA)",,,,,,,False,0.503,,,,,,,,2026-09-11 23:30:00+00:00,3.333333333333333,0.0,-2.375,-1.0,1.0000000000000036,-0.2,0.0,1.0,50.0,0.4824037871398483,-1.35976475324938,57.393609125800424,0.17293273060292286,Rutgers,LOW,RESEARCH_READY,
2026-09-12T00:00:00.000Z,2,Missouri,Kansas,SEC,Big 12,False,Memorial Stadium,,,,,,,True,0.92,3.0,195.0,-245.0,6.5,52.5,912c15dcb8dd09eacabdcb80673d9d72,2026-09-12T00:00:00Z,2026-09-12 00:00:00+00:00,-11.666666666666666,-8.799999999999999,-7.625,0.0,-8.8,-0.2,0.0,1.0,50.0,0.5981904271928198,3.8845658328203982,57.37496313012328,0.15701789909587904,Kansas,MEDIUM,RESEARCH_READY,10.384565832820398
2026-09-12T16:00:00.000Z,2,Old Dominion,Virginia Tech,Sun Belt,ACC,False,Lane Stadium,,,,,,,True,0.92,1.0,,,-14.0,,cdbde17fe5ba072172683681026c6312,2026-09-12T16:00:00Z,2026-09-12 16:00:00+00:00,-41.0,-37.0,-18.5,-12.8,-24.2,-0.8,0.0,1.0,50.0,0.14967338709681055,-19.58810209830649,56.992261786152184,0.3340246743607675,Old Dominion,HIGH,RESEARCH_READY,-33.58810209830649
2026-09-12T16:00:00.000Z,2,East Tennessee State,North Carolina,Southern,ACC,False,Kenan Stadium,,,,,,,False,0.626,,,,,,,,2026-09-12 16:00:00+00:00,34.666666666666664,24.400000000000002,33.0,6.199999999999999,18.200000000000003,0.2,-16.0,1.0,50.0,0.9436390222715111,31.751748090747267,56.60767112434471,0.5301091216265368,North Carolina,HIGH,RESEARCH_READY,
2026-09-12T16:00:00.000Z,2,Oklahoma,Michigan,SEC,Big Ten,False,Michigan Stadium,,,,,,,True,0.92,3.0,-106.0,-117.0,1.0,45.5,b38f4f63351c15767e64a76a73589574,2026-09-12T16:00:00Z,2026-09-12 16:00:00+00:00,-4.0,-2.6,0.375,2.3999999999999986,-5.0,-0.20000000000000007,0.0,1.0,50.0,0.6117538260085381,7.133612101830134,53.21123814413628,0.16638001760576066,Michigan,MEDIUM,RESEARCH_READY,8.133612101830135
2026-09-12T16:00:00.000Z,2,Washington State,Kansas State,Pac-12,Big 12,False,Bill Snyder Family Stadium,,,,,,,False,0.639,,,,,,,,2026-09-12 16:00:00+00:00,-6.333333333333333,-7.8,-3.625,5.199999999999999,-13.0,0.0,0.0,1.0,50.0,0.49132042624456757,2.81685160520472,54.379650452310855,0.19532298855176378,Washington State,LOW,RESEARCH_READY,
2026-09-12T16:00:00.000Z,2,Wake Forest,Purdue,ACC,Big Ten,False,Ross-Ade Stadium,,,,,,,False,0.666,,,,,,,,2026-09-12 16:00:00+00:00,-49.33333333333333,-35.8,-26.5,-21.000000000000004,-14.799999999999997,-0.8,0.0,1.0,50.0,0.10381329204221595,-20.589540136215618,54.91195480971137,0.3108080491274261,Wake Forest,HIGH,RESEARCH_READY,
2026-09-12T16:00:00.000Z,2,Howard,Indiana,MEAC,Big Ten,False,"Memorial Stadium (Bloomington, IN)",,,,,,,False,0.58,,,,,,,,2026-09-12 16:00:00+00:00,54.33333333333333,50.2,63.0,22.6,27.599999999999998,1.0,0.0,1.0,50.0,0.9792528105839317,37.15271098586487,60.551781828621266,0.5454954053847876,Indiana,HIGH,RESEARCH_READY,
2026-09-12T16:00:00.000Z,2,Penn State,Temple,Big Ten,American Athletic,False,Lincoln Financial Field,,,,,,,False,0.608,,,,,,,,2026-09-12 16:00:00+00:00,-31.666666666666664,-28.0,-9.25,-9.599999999999998,-18.4,-0.6000000000000001,0.0,1.0,50.0,0.32139407235540124,-11.125006797907966,52.0998063513747,0.26600454063855394,Penn State,MEDIUM,RESEARCH_READY,
2026-09-12T16:00:00.000Z,2,Wofford,Kent State,Southern,Mid-American,False,Dix Stadium,,,,,,,False,0.446,,,,,,,,2026-09-12 16:00:00+00:00,37.666666666666664,30.400000000000002,22.25,16.8,13.600000000000001,0.6,0.0,1.0,50.0,0.9096102964181522,20.727079881975637,53.83966999824621,0.223279507271953,Kent State,HIGH,RESEARCH_READY,
2026-09-12T16:00:00.000Z,2,Arizona State,Texas A&M,Big 12,SEC,False,Kyle Field,,,,,,,True,0.92,2.0,-575.0,425.0,-15.5,51.5,cad3845e3f9f9e746c4bbf45487eed02,2026-09-12T16:00:00Z,2026-09-12 16:00:00+00:00,8.333333333333334,8.0,15.0,0.0,8.0,0.0,0.0,1.0,50.0,0.8071442342081667,13.239139447065986,56.99163874597987,0.1926382982804974,Texas A&M,HIGH,RESEARCH_READY,-2.2608605529340142
2026-09-12T16:00:00.000Z,2,South Florida,Army,American Athletic,American Athletic,False,Michie Stadium,,,,,,,False,0.598,,,,,,,,2026-09-12 16:00:00+00:00,-12.666666666666668,-13.4,-14.125,-16.0,2.6000000000000014,0.0,0.0,1.0,50.0,0.31446064002813723,-5.36753967181923,59.906008023900085,0.22263323424172538,South Florida,HIGH,RESEARCH_READY,
2026-09-12T16:00:00.000Z,2,Oregon,Oklahoma State,Big Ten,Big 12,False,Boone Pickens Stadium,,,,,,,True,0.92,3.0,695.0,-1100.0,17.5,60.5,d652c7bc0594f13ef0a2a04e31ef5666,2026-09-12T16:00:00Z,2026-09-12 16:00:00+00:00,-8.0,-22.0,-29.625,-21.999999999999996,0.0,-0.8,0.0,1.0,50.0,0.31895704717806156,-7.7486152520945675,53.3928098923739,0.417749726074921,Oregon,HIGH,RESEARCH_READY,9.751384747905433
2026-09-12T16:00:00.000Z,2,App State,East Carolina,Sun Belt,American Athletic,False,Dowdy-Ficklen Stadium,,,,,,,False,0.532,,,,,,,,2026-09-12 16:00:00+00:00,9.666666666666666,21.799999999999997,17.125,14.0,7.800000000000004,0.6000000000000001,0.0,1.0,50.0,0.8990627360354078,18.301263917832124,56.23224555145147,0.2283586094136948,East Carolina,HIGH,RESEARCH_READY,
2026-09-12T16:45:00.000Z,2,Western Kentucky,Georgia,Conference USA,SEC,False,Sanford Stadium,,,,,,,False,0.656,,,,,,,,2026-09-12 16:45:00+00:00,6.0,8.0,10.875,0.0,8.000000000000002,0.20000000000000007,0.0,1.0,50.0,0.6612977359559126,8.054130925131151,50.69712068126896,0.16905131894450823,Georgia,MEDIUM,RESEARCH_READY,
2026-09-12T17:00:00.000Z,2,Holy Cross,Miami (OH),Patriot,Mid-American,False,Yager Stadium,,,,,,,False,0.615,,,,,,,,2026-09-12 17:00:00+00:00,9.666666666666666,4.4,13.375,-1.8000000000000007,6.199999999999999,0.2,0.0,1.0,50.0,0.7424019591813315,10.10226220032934,52.34280840975842,0.20174622081696264,Miami (OH),HIGH,RESEARCH_READY,
2026-09-12T17:00:00.000Z,2,UT Martin,West Virginia,OVC,Big 12,False,Milan Puskar Stadium,,,,,,,False,0.618,,,,,,,,2026-09-12 17:00:00+00:00,11.000000000000002,12.2,10.75,10.0,2.1999999999999993,0.2,0.0,1.0,50.0,0.8227864980528546,14.682256415624979,53.66704946629544,0.14655671682525998,West Virginia,HIGH,RESEARCH_READY,
2026-09-12T17:00:00.000Z,2,Colgate,Central Michigan,Patriot,Mid-American,False,Kelly/Shorts Stadium,,,,,,,False,0.654,,,,,,,,2026-09-12 17:00:00+00:00,28.333333333333336,31.4,37.875,5.199999999999999,26.2,0.4,0.0,1.0,50.0,0.9312560037127959,28.185138214398183,58.67289813987329,0.3314960475334361,Central Michigan,HIGH,RESEARCH_READY,
2026-09-12T18:00:00.000Z,2,Stony Brook,Ball State,Coastal Athletic,Mid-American,False,Scheumann Stadium,,,,,,,False,0.527,,,,,,,,2026-09-12 18:00:00+00:00,14.333333333333332,18.200000000000003,22.0,9.2,9.000000000000004,0.2,0.0,1.0,50.0,0.8836653522410413,16.789173773020515,53.34934653671045,0.19714711909633428,Ball State,HIGH,RESEARCH_READY,
2026-09-12T19:30:00.000Z,2,Sacred Heart,Massachusetts,Coastal Athletic,Mid-American,False,Warren McGuirk Alumni Stadium,,,,,,,False,0.431,,,,,,,,2026-09-12 19:30:00+00:00,,,,,,,,,,,,,,UNKNOWN,LOW,INSUFFICIENT_HISTORY,
2026-09-12T19:30:00.000Z,2,Robert Morris,Akron,NEC,Mid-American,False,InfoCision Stadium,,,,,,,False,0.544,,,,,,,,2026-09-12 19:30:00+00:00,43.0,35.8,29.44642857142857,21.8,14.000000000000004,0.6,0.0,1.0,50.0,0.9417895132709132,25.49863834925793,54.34359811583124,0.2550714799557232,Akron,HIGH,RESEARCH_READY,
2026-09-12T19:30:00.000Z,2,Central Connecticut,Toledo,NEC,Mid-American,False,Glass Bowl,,,,,,,False,0.431,,,,,,,,2026-09-12 19:30:00+00:00,49.333333333333336,52.2,47.5,15.999999999999998,36.2,0.8,0.0,1.0,50.0,0.9773061927662265,32.334693636745094,58.45183677692111,0.43785024349441615,Toledo,HIGH,RESEARCH_READY,
2026-09-12T19:30:00.000Z,2,Wagner,James Madison,NEC,Sun Belt,False,Bridgeforth Stadium,,,,,,,False,0.56,,,,,,,,2026-09-12 19:30:00+00:00,51.66666666666667,57.400000000000006,63.625,33.800000000000004,23.6,0.8,0.0,1.0,50.0,0.9843341868543782,39.57314445683763,57.91469874156061,0.619864433172535,James Madison,HIGH,RESEARCH_READY,
2026-09-12T19:30:00.000Z,2,UL Monroe,UAB,Sun Belt,American Athletic,False,Protective Stadium,,,,,,,False,0.494,,,,,,,,2026-09-12 19:30:00+00:00,-6.666666666666666,1.4000000000000004,6.125,5.400000000000002,-4.0,0.2,0.0,1.0,50.0,0.5870355275437006,3.1276393568396506,57.11114452413113,0.18894658770335118,UAB,LOW,RESEARCH_READY,
2026-09-12T19:30:00.000Z,2,California,Syracuse,ACC,ACC,False,JMA Wireless Dome,,,,,,,False,0.522,,,,,,,,2026-09-12 19:30:00+00:00,-30.333333333333332,-25.2,-20.25,-14.8,-10.399999999999999,-0.4,0.0,1.0,50.0,0.2669651079066968,-11.322971980835945,54.353663277792705,0.20702579051351888,California,HIGH,RESEARCH_READY,
2026-09-12T19:30:00.000Z,2,Duke,Illinois,ACC,Big Ten,False,"Memorial Stadium (Champaign, IL)",,,,,,,True,0.92,1.0,,,-8.5,,52e9b0f6515766724ee70457912bdc18,2026-09-12T19:30:00Z,2026-09-12 19:30:00+00:00,-11.666666666666666,3.0000000000000004,0.875,-9.599999999999998,12.600000000000001,0.0,0.0,1.0,50.0,0.7367306483171998,9.354548971804245,58.70550260820206,0.24154393322245366,Illinois,HIGH,RESEARCH_READY,0.8545489718042454
2026-09-12T19:30:00.000Z,2,UCF,Pittsburgh,Big 12,ACC,False,Acrisure Stadium,,,,,,,False,0.654,,,,,,,,2026-09-12 19:30:00+00:00,11.0,11.2,9.875,7.799999999999999,3.400000000000002,0.2,0.0,1.0,50.0,0.8497131514048811,15.235770894911793,53.85717823587733,0.1433679849495852,Pittsburgh,HIGH,RESEARCH_READY,
2026-09-12T19:30:00.000Z,2,Maryland,UConn,Big Ten,FBS Independents,False,Pratt & Whitney Stadium,,,,,,,False,0.475,,,,,,,,2026-09-12 19:30:00+00:00,13.666666666666668,24.6,23.25,16.2,8.399999999999999,0.8,0.0,1.0,50.0,0.8986497264997196,23.165666343173033,54.46118084699781,0.26724990666014325,UConn,HIGH,RESEARCH_READY,
2026-09-12T19:30:00.000Z,2,Rice,Notre Dame,American Athletic,FBS Independents,False,Notre Dame Stadium,,,,,,,False,0.571,,,,,,,,2026-09-12 19:30:00+00:00,75.33333333333334,59.400000000000006,51.0,31.0,28.4,0.8,0.0,1.0,50.0,0.9841545717310208,37.80446365683961,58.57604809388902,0.6069851533735511,Notre Dame,HIGH,RESEARCH_READY,
2026-09-12T19:30:00.000Z,2,Eastern Michigan,Michigan State,Mid-American,Big Ten,False,Spartan Stadium,,,,,,,True,0.855,9.0,-6500.0,1500.0,-27.5,48.5,965fa47588c773e6753d409fc1020dec,2026-09-05T23:00:00Z,2026-09-12 19:30:00+00:00,-9.0,-8.0,-11.5,-3.1999999999999993,-4.800000000000001,-0.39999999999999997,16.125,1.0,50.0,0.4479888847824173,1.0401781761637399,55.74906008109807,0.5871454063027336,Eastern Michigan,LOW,RESEARCH_READY,-26.45982182383626
2026-09-12T19:30:00.000Z,2,Utah State,Washington,Pac-12,Big Ten,False,Husky Stadium,,,,,,,False,0.666,,,,,,,,2026-09-12 19:30:00+00:00,17.666666666666668,10.400000000000002,12.875,1.8000000000000007,8.600000000000001,0.19999999999999996,0.0,1.0,50.0,0.8330289663890132,16.165212419010732,49.33327446702414,0.18091447894052706,Washington,HIGH,RESEARCH_READY,
2026-09-12T19:30:00.000Z,2,Arizona,BYU,Big 12,Big 12,False,LaVell Edwards Stadium,,,,,,,False,0.668,,,,,,,,2026-09-12 19:30:00+00:00,-12.666666666666666,-1.0,-4.5,1.2000000000000028,-2.200000000000003,0.0,0.0,1.0,50.0,0.4368211161201624,1.1841414187049886,54.93163027109272,0.17123130731699687,Arizona,LOW,RESEARCH_READY,
2026-09-12T19:30:00.000Z,2,Weber State,Colorado,Big Sky,Big 12,False,Folsom Field,,,,,,,False,0.575,,,,,,,,2026-09-12 19:30:00+00:00,23.333333333333336,-3.0,1.25,3.8000000000000007,-6.799999999999997,-0.2,0.0,1.0,50.0,0.7750958685059561,5.307589874765819,54.30830646639344,0.29579714051059525,Colorado,HIGH,RESEARCH_READY,
2026-09-12T19:30:00.000Z,2,Mississippi State,Minnesota,SEC,Big Ten,False,Huntington Bank Stadium,,,,,,,True,0.92,1.0,,,-2.5,,25c198f097870d531920ba524262737d,2026-09-12T19:30:00Z,2026-09-12 19:30:00+00:00,21.666666666666664,11.2,9.25,-5.199999999999999,16.400000000000002,0.39999999999999997,0.0,1.0,50.0,0.7455503283058726,9.492895316240318,49.68138449699812,0.2553453188887178,Minnesota,HIGH,RESEARCH_READY,6.992895316240318
2026-09-12T19:30:00.000Z,2,Alabama,Kentucky,SEC,SEC,False,Kroger Field,,,,,,,True,0.92,1.0,,,10.5,,2cb6f8436ba0f1fbcdcd7871a03466d5,2026-09-12T19:30:00Z,2026-09-12 19:30:00+00:00,3.0,-3.1999999999999997,-9.75,-4.0,0.8000000000000007,0.0,0.0,1.0,50.0,0.43900136673936063,-1.1506261061876768,52.46860655008039,0.1793877684550036,Alabama,LOW,RESEARCH_READY,9.349373893812324
2026-09-12T19:30:00.000Z,2,UTSA,Texas State,American Athletic,Pac-12,False,Bobcat Stadium (TX),,,,,,,True,0.84,9.0,-9000.0,2200.0,-29.5,59.5,932e0ced2b1a1ae5694574642bb186ae,2026-09-05T19:30:00Z,2026-09-12 19:30:00+00:00,1.0,7.6,-4.5,2.200000000000003,5.400000000000002,0.20000000000000007,0.0,1.0,50.0,0.42948980602620007,-1.2512324084235666,52.319231822965264,0.1774073615126132,UTSA,LOW,RESEARCH_READY,-30.751232408423565
2026-09-12T19:45:00.000Z,2,UNLV,North Texas,Mountain West,American Athletic,False,DATCU Stadium,,,,,,,False,0.578,,,,,,,,2026-09-12 19:45:00+00:00,15.333333333333332,10.8,13.75,19.800000000000004,-9.0,0.4,16.260416666666664,1.0,50.0,0.8115794092369637,14.488297795240774,56.37718982961595,0.7140302393767399,North Texas,HIGH,RESEARCH_READY,
2026-09-12T20:00:00.000Z,2,Northern Colorado,Wyoming,Big Sky,Mountain West,False,War Memorial Stadium,,,,,,,False,0.582,,,,,,,,2026-09-12 20:00:00+00:00,7.000000000000002,16.6,19.0,-4.0,20.6,0.2,0.0,1.0,50.0,0.760711892505698,13.583910355253025,55.51299202694453,0.2633268012468679,Wyoming,HIGH,RESEARCH_READY,
2026-09-12T20:00:00.000Z,2,UC Davis,SMU,Big Sky,ACC,False,Gerald J. Ford Stadium,,,,,,,False,0.416,,,,,,,,2026-09-12 20:00:00+00:00,53.333333333333336,43.4,34.875,21.200000000000003,22.2,0.6000000000000001,0.0,1.0,50.0,0.9831782710404599,30.94803504858403,55.6753552593387,0.29752405641319557,SMU,HIGH,RESEARCH_READY,
2026-09-12T20:00:00.000Z,2,Alabama State,Troy,SWAC,Sun Belt,False,Veterans Memorial Stadium (AL),,,,,,,False,0.665,,,,,,,,2026-09-12 20:00:00+00:00,33.0,24.0,32.625,1.1999999999999993,22.799999999999997,0.4,0.0,1.0,50.0,0.9138499324562538,27.159814214868835,57.520984131017485,0.31062564394630454,Troy,HIGH,RESEARCH_READY,
2026-09-12T20:00:00.000Z,2,Mercyhurst,New Mexico,NEC,Mountain West,False,University Stadium (NM),,,,,,,True,0.92,5.0,-10000.0,2200.0,-28.0,52.5,5df98ab50cf92b2a49fd7ad6f5d98b67,2026-09-06T01:00:00Z,2026-09-12 20:00:00+00:00,,,,,,,,,,,,,,UNKNOWN,LOW,INSUFFICIENT_HISTORY,
2026-09-12T20:15:00.000Z,2,Delaware,Vanderbilt,Conference USA,SEC,False,FirstBank Stadium,,,,,,,False,0.567,,,,,,,,2026-09-12 20:15:00+00:00,14.333333333333334,9.799999999999999,10.75,10.0,-0.1999999999999993,0.0,0.0,1.0,50.0,0.802336110802085,18.56120310694056,54.77114043303806,0.18867270187163332,Vanderbilt,HIGH,RESEARCH_READY,
2026-09-12T21:30:00.000Z,2,Campbell,Florida,Coastal Athletic,SEC,False,Ben Hill Griffin Stadium,,,,,,,False,0.539,,,,,,,,2026-09-12 21:30:00+00:00,35.0,32.2,34.75,9.599999999999998,22.6,0.2,0.0,1.0,50.0,0.960711665346688,29.140163361663486,58.433195702280045,0.29618573234541623,Florida,HIGH,RESEARCH_READY,
2026-09-12T22:00:00.000Z,2,Buffalo,Florida International,Mid-American,Conference USA,False,Pitbull Stadium,,,,,,,False,0.587,,,,,,,,2026-09-12 22:00:00+00:00,16.666666666666664,13.2,6.75,16.8,-3.599999999999998,0.6000000000000001,0.0,1.0,50.0,0.778545718006316,10.04221742317474,51.686118646913044,0.28806123358339,Florida International,HIGH,RESEARCH_READY,
2026-09-12T22:00:00.000Z,2,Memphis,Boise State,American Athletic,Pac-12,False,Albertsons Stadium,,,,,,,True,0.92,1.0,,,-6.5,,c46b118e570bf1fa1b2724f1fd7e4b24,2026-09-12T22:00:00Z,2026-09-12 22:00:00+00:00,6.333333333333332,9.4,6.25,3.8000000000000007,5.600000000000001,0.39999999999999997,16.166666666666664,1.0,50.0,0.6232412883700467,12.54891630550683,57.06455082199864,0.5925352220282465,Boise State,MEDIUM,RESEARCH_READY,6.048916305506831
2026-09-12T22:00:00.000Z,2,Jacksonville State,Ohio,Conference USA,Mid-American,False,Peden Stadium,,,,,,,False,0.697,,,,,,,,2026-09-12 22:00:00+00:00,22.0,13.8,10.25,6.0,7.800000000000001,0.4,15.979166666666666,1.0,50.0,0.7728382120828752,18.54556305608524,53.46684409442509,0.5892056328899469,Ohio,HIGH,RESEARCH_READY,
2026-09-12T22:00:00.000Z,2,Gardner-Webb,Liberty,OVC,Conference USA,False,Williams Stadium (VA),,,,,,,False,0.489,,,,,,,,2026-09-12 22:00:00+00:00,15.333333333333336,24.4,20.625,18.8,5.600000000000001,0.2,0.0,1.0,50.0,0.9218967513001478,24.53409261137473,53.536562141150235,0.25480427691653107,Liberty,HIGH,RESEARCH_READY,
2026-09-12T22:30:00.000Z,2,Monmouth,Western Michigan,Coastal Athletic,Mid-American,False,Waldo Stadium,,,,,,,False,0.605,,,,,,,,2026-09-12 22:30:00+00:00,27.0,34.2,35.30357142857143,3.799999999999997,30.4,0.8,0.0,1.0,50.0,0.9217634737347615,24.31241135652171,57.40709968837302,0.3736574234951948,Western Michigan,HIGH,RESEARCH_READY,
2026-09-12T23:00:00.000Z,2,Southern,Houston,SWAC,Big 12,False,TDECU Stadium,,,,,,,False,0.603,,,,,,,,2026-09-12 23:00:00+00:00,52.0,43.4,47.125,16.0,27.4,0.6,0.0,1.0,50.0,0.9688602720841806,32.211776731009685,56.251854343731274,0.3235590341554613,Houston,HIGH,RESEARCH_READY,
2026-09-12T23:00:00.000Z,2,Bowling Green,Nebraska,Mid-American,Big Ten,False,"Memorial Stadium (Lincoln, NE)",,,,,,,False,0.54,,,,,,,,2026-09-12 23:00:00+00:00,-31.666666666666664,-12.8,-5.125,-2.599999999999998,-10.200000000000003,0.0,0.0,1.0,50.0,0.4782532851109902,-1.68517432033639,55.039044920575094,0.25300502762799537,Bowling Green,LOW,RESEARCH_READY,
2026-09-12T23:00:00.000Z,2,Western Carolina,Cincinnati,Southern,Big 12,False,Nippert Stadium,,,,,,,False,0.529,,,,,,,,2026-09-12 23:00:00+00:00,12.0,18.6,37.75,5.400000000000002,13.199999999999996,0.0,0.0,1.0,50.0,0.9227959275659413,21.071955335286464,58.80179152221383,0.3992645443529913,Cincinnati,HIGH,RESEARCH_READY,
2026-09-12T23:00:00.000Z,2,Tulsa,Sam Houston,American Athletic,Conference USA,False,Elliott T. Bowers Stadium,,,,,,,False,0.594,,,,,,,,2026-09-12 23:00:00+00:00,-20.666666666666668,-15.8,-7.125,-9.0,-6.799999999999997,0.0,0.0,1.0,50.0,0.4074918971485515,-6.962393274829119,56.61677888073889,0.20378333367102108,Tulsa,MEDIUM,RESEARCH_READY,
2026-09-12T23:00:00.000Z,2,Middle Tennessee,Marshall,Conference USA,Sun Belt,False,Joan C. Edwards Stadium,,,,,,,False,0.594,,,,,,,,2026-09-12 23:00:00+00:00,0.0,0.0,4.625,-3.1999999999999993,3.200000000000003,-0.2,0.0,1.0,50.0,0.6388731592327839,6.79765246802157,54.814207371927424,0.17411521526005208,Marshall,MEDIUM,RESEARCH_READY,
2026-09-12T23:00:00.000Z,2,Georgia State,Kennesaw State,Sun Belt,Conference USA,False,Fifth Third Stadium,,,,,,,True,0.741,6.0,-3500.0,1450.0,-22.5,51.5,018e668269a3b5dc4055758ca86b1062,2026-09-03T23:00:00Z,2026-09-12 23:00:00+00:00,5.333333333333332,6.799999999999999,14.25,7.0,-0.19999999999999574,0.6,0.0,1.0,50.0,0.7207172959927457,12.864892700809783,49.924999236289835,0.262187756110961,Kennesaw State,HIGH,RESEARCH_READY,-9.635107299190217
2026-09-12T23:00:00.000Z,2,Tennessee,Georgia Tech,SEC,ACC,False,Bobby Dodd Stadium,,,,,,,True,0.94,3.0,,,-47.5,55.5,6a210786327aaa1d1d7565f7b119f094,2026-09-05T19:00:00Z,2026-09-12 23:00:00+00:00,-7.333333333333334,-11.8,-2.25,-4.399999999999999,-7.399999999999999,-0.2,0.0,1.0,50.0,0.5721678036788079,1.039373130420974,56.037105998682335,0.17784472333723683,Georgia Tech,LOW,RESEARCH_READY,-46.46062686957902
2026-09-12T23:00:00.000Z,2,Towson,South Carolina,Coastal Athletic,SEC,False,Williams-Brice Stadium,,,,,,,False,0.557,,,,,,,,2026-09-12 23:00:00+00:00,35.333333333333336,33.6,34.5,12.0,21.6,0.2,0.0,1.0,50.0,0.9636284392368073,28.645287384209045,57.23933552196546,0.28989482600743544,South Carolina,HIGH,RESEARCH_READY,
2026-09-12T23:00:00.000Z,2,South Alabama,Tulane,Sun Belt,American Athletic,False,Yulman Stadium,,,,,,,False,0.654,,,,,,,,2026-09-12 23:00:00+00:00,4.333333333333333,10.0,7.875,-2.1999999999999993,12.2,0.20000000000000007,0.0,1.0,50.0,0.76839974881954,8.639928099350694,54.029821563784544,0.18829951364136838,Tulane,HIGH,RESEARCH_READY,
2026-09-12T23:00:00.000Z,2,Southern Utah,Colorado State,Big Sky,Pac-12,False,Canvas Stadium,,,,,,,False,0.54,,,,,,,,2026-09-12 23:00:00+00:00,6.333333333333336,5.600000000000001,14.25,-0.3999999999999986,6.0,-0.2,0.0,1.0,50.0,0.7279877867586366,9.725634450184861,51.56716307151394,0.23270107854197356,Colorado State,HIGH,RESEARCH_READY,
2026-09-12T23:00:00.000Z,2,West Georgia,Arkansas State,UAC,Sun Belt,False,Centennial Bank Stadium,,,,,,,True,0.96,1.0,580.0,-880.0,16.5,55.5,01e9c4d460a55375a75d025e2b1ddbf5,2026-09-19T16:00:00Z,2026-09-12 23:00:00+00:00,,,,,,,,,,,,,,UNKNOWN,LOW,INSUFFICIENT_HISTORY,
2026-09-12T23:00:00.000Z,2,Lindenwood,Missouri State,OVC,Conference USA,False,Plaster Sports Complex,,,,,,,False,0.623,,,,,,,,2026-09-12 23:00:00+00:00,21.666666666666664,28.6,31.125,24.866666666666667,3.7333333333333343,0.4,0.0,1.0,50.0,0.8885054863873049,25.678949032655844,56.87508069249333,0.2921387140341817,Missouri State,HIGH,RESEARCH_READY,
2026-09-12T23:00:00.000Z,2,Illinois State,Northern Illinois,MVFC,Mountain West,False,Huskie Stadium,,,,,,,False,0.579,,,,,,,,2026-09-12 23:00:00+00:00,44.0,29.799999999999997,13.267857142857142,21.2,8.600000000000001,0.4,0.0,1.0,50.0,0.9252217573243362,20.692280190514314,56.15124156896053,0.28859531222791485,Northern Illinois,HIGH,RESEARCH_READY,
2026-09-12T23:15:00.000Z,2,San Diego State,UCLA,Pac-12,Big Ten,False,Rose Bowl,,,,,,,True,0.92,1.0,,,-8.5,,14620ae05bec8eaa19ca94156c71dff2,2026-09-12T23:15:00Z,2026-09-12 23:15:00+00:00,-35.0,-28.0,-22.625,-10.2,-17.799999999999997,-0.4,0.0,1.0,50.0,0.1883226356982635,-13.98853094296841,56.284591839874814,0.2291563825531651,San Diego State,HIGH,RESEARCH_READY,-22.48853094296841
2026-09-12T23:15:00.000Z,2,Western Illinois,Wisconsin,OVC,Big Ten,False,Camp Randall Stadium,,,,,,,False,0.531,,,,,,,,2026-09-12 23:15:00+00:00,47.0,41.199999999999996,26.0,2.3999999999999986,38.8,0.4,0.0,1.0,50.0,0.9633745793543078,30.338275669794452,59.84011720670246,0.5440997261272752,Wisconsin,HIGH,RESEARCH_READY,
2026-09-12T23:30:00.000Z,2,Navy,Florida Atlantic,American Athletic,American Athletic,False,FAU Stadium,,,,,,,False,0.536,,,,,,,,2026-09-12 23:30:00+00:00,-29.0,-8.4,-6.0,2.6000000000000014,-11.0,-0.6000000000000001,0.0,1.0,50.0,0.3832105826479431,-4.6913148976285255,56.23750118672074,0.3284460340547357,Navy,MEDIUM,RESEARCH_READY,
2026-09-12T23:30:00.000Z,2,Ohio State,Texas,Big Ten,SEC,False,DKR-Texas Memorial Stadium,,,,,,,True,0.92,3.0,-118.0,-102.0,-1.5,47.5,08c34029ecc85b4a6d519f90f9082e56,2026-09-12T23:30:00Z,2026-09-12 23:30:00+00:00,11.333333333333334,-11.799999999999999,-14.25,4.599999999999998,-16.4,0.20000000000000007,0.0,1.0,50.0,0.3440787459772144,-4.860914957030542,48.50407087295279,0.39844021219657355,Ohio State,MEDIUM,RESEARCH_READY,-6.360914957030542
2026-09-12T23:30:00.000Z,2,Texas Tech,Oregon State,Big 12,Pac-12,False,Reser Stadium,,,,,,,False,0.695,,,,,,,,2026-09-12 23:30:00+00:00,-32.66666666666667,-24.8,-27.125,-13.2,-11.600000000000001,-0.4,0.0,1.0,50.0,0.20257615136494583,-12.755409124571013,55.694550375413264,0.21102328112613883,Texas Tech,HIGH,RESEARCH_READY,
2026-09-12T23:30:00.000Z,2,Iowa State,Iowa,Big 12,Big Ten,False,Kinnick Stadium,,,,,,,True,0.92,3.0,-630.0,455.0,-13.0,41.5,0633819fa9e60ac71609cd40e1596b1b,2026-09-12T23:30:00Z,2026-09-12 23:30:00+00:00,0.0,2.4000000000000004,9.75,1.3999999999999986,1.0,0.0,0.0,1.0,50.0,0.6648205949897734,6.237446208306474,52.97270639829854,0.1708468068544005,Iowa,MEDIUM,RESEARCH_READY,-6.762553791693526
2026-09-12T23:30:00.000Z,2,Georgia Southern,Clemson,Sun Belt,ACC,False,"Memorial Stadium (Clemson, SC)",,,,,,,False,0.665,,,,,,,,2026-09-12 23:30:00+00:00,16.0,11.200000000000001,8.875,-1.2000000000000028,12.399999999999999,0.0,0.0,1.0,50.0,0.7438378544330239,11.04449751830434,52.2536188657288,0.21570739177551979,Clemson,HIGH,RESEARCH_READY,
2026-09-12T23:30:00.000Z,2,Fordham,Coastal Carolina,Patriot,Sun Belt,False,Brooks Stadium (SC),,,,,,,False,0.66,,,,,,,,2026-09-12 23:30:00+00:00,-8.333333333333332,4.199999999999999,19.75,-4.400000000000002,8.600000000000001,0.0,0.0,1.0,50.0,0.7084705386324052,7.5761815507019765,49.12568696849333,0.28688768099223577,Coastal Carolina,HIGH,RESEARCH_READY,
2026-09-12T23:30:00.000Z,2,Louisiana Tech,LSU,Sun Belt,SEC,False,Tiger Stadium (LA),,,,,,,False,0.585,,,,,,,,2026-09-12 23:30:00+00:00,-10.333333333333334,-3.0,-6.0,-6.599999999999998,3.6000000000000014,-0.19999999999999996,0.0,1.0,50.0,0.5212639122872667,1.972205859977242,55.52716821830726,0.17145981559390322,LSU,LOW,RESEARCH_READY,
2026-09-12T23:45:00.000Z,2,Southern Miss,Auburn,Sun Belt,SEC,False,Jordan-Hare Stadium,,,,,,,False,0.512,,,,,,,,2026-09-12 23:45:00+00:00,19.666666666666668,16.4,2.125,9.2,7.199999999999999,0.2,0.0,1.0,50.0,0.7741008093970221,13.574084503892534,56.46246101105478,0.20808186703471787,Auburn,HIGH,RESEARCH_READY,
2026-09-12T23:45:00.000Z,2,Charlotte,Ole Miss,American Athletic,SEC,False,Vaught-Hemingway Stadium,,,,,,,False,0.603,,,,,,,,2026-09-12 23:45:00+00:00,37.333333333333336,40.2,44.25,25.4,14.799999999999997,0.8,0.0,1.0,50.0,0.9756118603597382,33.09960737636676,58.898290861411674,0.31093158316808256,Ole Miss,HIGH,RESEARCH_READY,
2026-09-13T00:00:00.000Z,2,Grambling,TCU,SWAC,Big 12,False,Amon G. Carter Stadium,,,,,,,False,0.319,,,,,,,,2026-09-13 00:00:00+00:00,60.666666666666664,50.8,41.0,18.4,32.4,0.6,-15.666666666666666,1.0,50.0,1.0,38.99976184241248,57.64914947759407,0.6073972998914732,TCU,HIGH,RESEARCH_READY,
2026-09-13T00:00:00.000Z,2,Prairie View A&M,Baylor,SWAC,Big 12,False,McLane Stadium,,,,,,,False,0.566,,,,,,,,2026-09-13 00:00:00+00:00,24.000000000000004,29.4,26.625,16.4,13.0,0.2,0.0,1.0,50.0,0.9086715218451834,22.53457007989263,50.95134733225972,0.24868864097533686,Baylor,HIGH,RESEARCH_READY,
2026-09-13T01:00:00.000Z,2,Cal Poly,San José State,Big Sky,Mountain West,False,CEFCU Stadium,,,,,,,False,0.414,,,,,,,,2026-09-13 01:00:00+00:00,26.333333333333332,21.0,20.25,6.6000000000000005,14.400000000000006,0.0,-15.75,1.0,50.0,0.9535574449052058,25.65132255072422,56.53791014945824,0.5149821123893077,San José State,HIGH,RESEARCH_READY,
2026-09-13T01:00:00.000Z,2,Texas Southern,UTEP,SWAC,Mountain West,False,Sun Bowl,,,,,,,True,0.753,9.0,-9000.0,2200.0,-29.5,59.5,932e0ced2b1a1ae5694574642bb186ae,2026-09-05T19:30:00Z,2026-09-13 01:00:00+00:00,33.0,35.8,34.0,17.8,18.0,0.0,0.0,1.0,50.0,0.9180954363871452,25.918090594071717,54.639604811690546,0.41104145458241353,UTEP,HIGH,RESEARCH_READY,-3.5819094059282826
2026-09-13T02:00:00.000Z,2,North Dakota State,Air Force,Mountain West,Mountain West,False,Falcon Stadium,,,,,,,False,0.616,,,,,,,,2026-09-13 02:00:00+00:00,-8.0,-4.8,-5.25,-6.699999999999999,1.8999999999999986,-0.09999999999999998,15.8125,1.0,50.0,0.45660938212496804,2.4384848176164224,56.78849381423761,0.5731097815652952,North Dakota State,LOW,RESEARCH_READY,
2026-09-13T02:15:00.000Z,2,Arkansas,Utah,SEC,Big 12,False,Rice-Eccles Stadium,,,,,,,True,0.92,3.0,-345.0,255.0,-7.5,55.5,c12cd73c4077a0265acec205a572c2ec,2026-09-12T16:00:00Z,2026-09-13 02:15:00+00:00,22.0,27.200000000000003,32.5,18.200000000000003,9.0,1.0,0.0,1.0,50.0,0.9616052699519548,30.656371804530874,55.48318413155559,0.40637930077508744,Utah,HIGH,RESEARCH_READY,23.156371804530874
2026-09-13T02:30:00.000Z,2,Montana State,Nevada,Big Sky,Mountain West,False,Mackay Stadium,,,,,,,False,0.558,,,,,,,,2026-09-13 02:30:00+00:00,36.0,17.6,13.125,0.0,17.599999999999998,0.2,0.0,1.0,50.0,0.8431680898062183,17.896952005288437,56.340389787926455,0.2816921095777865,Nevada,HIGH,RESEARCH_READY,
2026-09-13T02:30:00.000Z,2,Sacramento State,Fresno State,Mid-American,Pac-12,False,Valley Children's Stadium,,,,,,,False,0.503,,,,,,,,2026-09-13 02:30:00+00:00,20.333333333333336,23.2,7.875,2.3999999999999986,20.8,0.6000000000000001,15.833333333333334,1.0,50.0,0.8497060248524176,18.559393375922728,56.470268740315724,0.6584091794685133,Fresno State,HIGH,RESEARCH_READY,
2026-09-13T03:00:00.000Z,2,Louisiana,USC,Sun Belt,Big Ten,False,Los Angeles Memorial Coliseum,,,,,,,False,0.6,,,,,,,,2026-09-13 03:00:00+00:00,10.666666666666666,2.0000000000000004,7.375,0.1999999999999993,1.8000000000000007,-0.20000000000000007,-15.666666666666666,1.0,50.0,0.6591981827395044,10.64740306094586,53.14837445476311,0.5341395827503872,USC,MEDIUM,RESEARCH_READY,
2026-09-13T03:59:00.000Z,2,New Mexico State,Hawai'i,Conference USA,Mountain West,False,Clarence T.C. Ching Athletics Complex,,,,,,,False,0.443,,,,,,,,2026-09-13 03:59:00+00:00,11.666666666666668,15.0,15.875,6.399999999999999,8.599999999999998,0.39999999999999997,0.0,1.0,50.0,0.8396124399619781,11.486114683297078,48.17559135585419,0.16769974161037116,Hawai'i,HIGH,RESEARCH_READY,
