season,venue,venue_id,games,avg_total_runs,league_runs_per_game,run_factor
2024,American Family Field,32,84,8.523809523809524,8.530823947836396,0.9991777553880183
2024,American Family Fields of Phoenix,2518,6,11.833333333333334,8.530823947836396,1.3871266604129753
2024,Angel Stadium,1,82,8.939024390243903,8.530823947836396,1.0478500605455625
2024,Arvest Ballpark,3329,1,8.0,8.530823947836396,0.9377757704200396
2024,BayCare Ballpark,2700,6,8.666666666666666,8.530823947836396,1.015923751288376
2024,Busch Stadium,2889,171,7.549707602339181,8.530823947836396,0.8849916079037069
2024,CACTI Park of the Palm Beaches,5000,10,11.7,8.530823947836396,1.3714970642393078
2024,Camelback Ranch,3809,6,10.0,8.530823947836396,1.1722197130250496
2024,Charlotte Sports Park,2534,3,9.666666666666666,8.530823947836396,1.1331457225908812
2024,Chase Field,15,83,10.626506024096386,8.530823947836396,1.2456599842025227
2024,Citi Field,3289,145,7.2,8.530823947836396,0.8439981933780357
2024,Citizens Bank Park,2681,97,9.505154639175258,8.530823947836396,1.114212964339274
2024,Clover Park,2856,5,11.2,8.530823947836396,1.3128860785880554
2024,Comerica Park,2394,127,9.251968503937007,8.530823947836396,1.0845339864601835
2024,CoolToday Park,5380,6,8.166666666666666,8.530823947836396,0.9573127656371238
2024,Coors Field,19,94,10.872340425531915,8.530823947836396,1.2744771773527666
2024,Dodger Stadium,22,90,8.88888888888889,8.530823947836396,1.0419730782444885
2024,Ed Smith Stadium,2508,4,10.25,8.530823947836396,1.2015252058506758
2024,Estadio Alfredo Harp Helu,5340,4,11.5,8.530823947836396,1.348052669978807
2024,Fenway Park,3,127,8.645669291338583,8.530823947836396,1.0134623975602397
2024,George M. Steinbrenner Field,2523,7,9.857142857142858,8.530823947836396,1.1554737171246918
2024,Globe Life Field,5325,84,8.035714285714286,8.530823947836396,0.9419622693951292
2024,Gocheok Sky Dome,5150,6,11.166666666666666,8.530823947836396,1.3089786795446385
2024,Goodyear Ballpark,3834,9,11.11111111111111,8.530823947836396,1.3024663478056104
2024,Great American Ball Park,2602,96,9.15625,8.530823947836396,1.073313674738561
2024,Guaranteed Rate Field,4,172,5.563953488372093,8.530823947836396,0.6522175961424258
2024,Hohokam Stadium,2507,5,11.0,8.530823947836396,1.2894416843275545
2024,JetBlue Park,4309,6,11.166666666666666,8.530823947836396,1.3089786795446385
2024,Journey Bank Ballpark,2735,1,5.0,8.530823947836396,0.5861098565125248
2024,Kauffman Stadium,7,83,8.927710843373495,8.530823947836396,1.04652386427899
2024,LECOM Park,2526,6,6.666666666666667,8.530823947836396,0.7814798086833664
2024,Lee Health Sports Complex,2862,5,11.8,8.530823947836396,1.3832192613695584
2024,London Stadium,5381,2,10.0,8.530823947836396,1.1722197130250496
2024,Minute Maid Park,2392,85,8.717647058823529,8.530823947836396,1.0218997733547783
2024,Nationals Park,3309,82,8.75609756097561,8.530823947836396,1.0264070170146165
2024,Oakland Coliseum,10,82,8.597560975609756,8.530823947836396,1.0078230459544633
2024,Oracle Park,2395,82,8.231707317073171,8.530823947836396,0.9649369588925714
2024,Oriole Park at Camden Yards,2,98,9.275510204081632,8.530823947836396,1.087293590958949
2024,PNC Park,31,96,8.864583333333334,8.530823947836396,1.0391239331086637
2024,Peoria Stadium,2530,6,12.166666666666666,8.530823947836396,1.4262006508471434
2024,Petco Park,2680,86,8.720930232558139,8.530823947836396,1.022284633452078
2024,Progressive Field,5,131,7.984732824427481,8.530823947836396,0.9359861220032075
2024,Publix Field at Joker Marchant Stadium,2511,6,8.666666666666666,8.530823947836396,1.015923751288376
2024,Rickwood Field,3949,1,11.0,8.530823947836396,1.2894416843275545
2024,Roger Dean Chevrolet Stadium,2520,9,10.555555555555555,8.530823947836396,1.2373430304153301
2024,Rogers Centre,14,81,9.0,8.530823947836396,1.0549977417225447
2024,Salt River Fields at Talking Stick,4249,10,8.5,8.530823947836396,0.9963867560712921
2024,Scottsdale Stadium,2532,5,14.4,8.530823947836396,1.6879963867560714
2024,Sloan Park,4629,7,10.142857142857142,8.530823947836396,1.1889657089254073
2024,Surprise Stadium,2603,9,9.222222222222221,8.530823947836396,1.0810470686786566
2024,Sutter Health Park,2529,1,9.0,8.530823947836396,1.0549977417225447
2024,T-Mobile Park,680,81,6.925925925925926,8.530823947836396,0.8118706901321638
2024,TD Ballpark,2536,5,14.4,8.530823947836396,1.6879963867560714
2024,Target Field,3312,111,9.72072072072072,8.530823947836396,1.1394820453639896
2024,Tempe Diablo Stadium,2500,4,8.0,8.530823947836396,0.9377757704200396
2024,Tropicana Field,12,82,7.7682926829268295,8.530823947836396,0.910614581947508
2024,Truist Park,4705,286,7.258741258741258,8.530823947836396,0.8508839595244765
2024,Wrigley Field,17,96,7.447916666666667,8.530823947836396,0.8730594737634484
2024,Yankee Stadium,3313,118,9.813559322033898,8.530823947836396,1.1503647692228876
2024,loanDepot park,4169,81,10.271604938271604,8.530823947836396,1.2040577793047422
2025,American Family Field,32,86,8.395348837209303,9.071606475716065,0.9254533758362372
2025,American Family Fields of Phoenix,2518,5,11.6,9.071606475716065,1.2787150799643077
2025,Angel Stadium,1,83,9.397590361445783,9.071606475716065,1.035934526767927
2025,AutoZone Park,2542,1,5.0,9.071606475716065,0.5511702930880636
2025,BayCare Ballpark,2700,6,9.166666666666666,9.071606475716065,1.01047887066145
2025,Bristol Motor Speedway,6130,32,6.0,9.071606475716065,0.6614043517056765
2025,Busch Stadium,2889,111,8.9009009009009,9.071606475716065,0.9811824316594719
2025,CACTI Park of the Palm Beaches,5000,10,10.0,9.071606475716065,1.1023405861761273
2025,Camelback Ranch,3809,6,8.166666666666666,9.071606475716065,0.9002448120438373
2025,Charlotte Sports Park,2534,5,11.8,9.071606475716065,1.3007618916878303
2025,Chase Field,15,83,9.686746987951807,9.071606475716065,1.0678094352838632
2025,Citi Field,3289,95,9.115789473684211,9.071606475716065,1.0048704711879226
2025,Citizens Bank Park,2681,128,10.3046875,9.071606475716065,1.1359275259111812
2025,Clover Park,2856,6,7.666666666666667,9.071606475716065,0.845127782735031
2025,Comerica Park,2394,113,9.52212389380531,9.071606475716065,1.0496623634739053
2025,CoolToday Park,5380,4,6.0,9.071606475716065,0.6614043517056765
2025,Coors Field,19,111,10.711711711711711,9.071606475716065,1.1807954567237977
2025,Daikin Park,2392,83,8.325301204819278,9.071606475716065,0.9177317410213301
2025,Day Air Ballpark,2766,1,12.0,9.071606475716065,1.322808703411353
2025,Dodger Stadium,22,91,9.714285714285714,9.071606475716065,1.0708451408568094
2025,Ed Smith Stadium,2508,4,12.25,9.071606475716065,1.350367218065756
2025,Fenway Park,3,157,10.420382165605096,9.071606475716065,1.1486810184612386
2025,George M. Steinbrenner Field,2523,86,8.720930232558139,9.071606475716065,0.961343534455925
2025,Globe Life Field,5325,83,7.108433734939759,9.071606475716065,0.7835915010167652
2025,Goodyear Ballpark,3834,9,12.555555555555555,9.071606475716065,1.3840498470878044
2025,Great American Ball Park,2602,126,7.9523809523809526,9.071606475716065,0.8766232280543489
2025,Hohokam Stadium,2507,4,9.5,9.071606475716065,1.047223556867321
2025,JetBlue Park,4309,5,10.0,9.071606475716065,1.1023405861761273
2025,Journey Bank Ballpark,2735,1,10.0,9.071606475716065,1.1023405861761273
2025,Kauffman Stadium,7,111,7.648648648648648,9.071606475716065,0.8431415834806596
2025,LECOM Park,2526,4,8.75,9.071606475716065,0.9645480129041115
2025,Lee Health Sports Complex,2862,6,7.0,9.071606475716065,0.7716384103232892
2025,Nationals Park,3309,126,10.087301587301587,9.071606475716065,1.111964194468141
2025,Oracle Park,2395,83,8.44578313253012,9.071606475716065,0.9310129529029703
2025,Oriole Park at Camden Yards,2,126,11.214285714285714,9.071606475716065,1.2361962287832284
2025,PNC Park,31,81,7.555555555555555,9.071606475716065,0.8328795539997407
2025,Peoria Stadium,2530,10,10.6,9.071606475716065,1.168481021346695
2025,Petco Park,2680,81,7.888888888888889,9.071606475716065,0.8696242402056117
2025,Progressive Field,5,99,8.080808080808081,9.071606475716065,0.8907802716574768
2025,Publix Field at Joker Marchant Stadium,2511,4,6.75,9.071606475716065,0.744079895668886
2025,Rate Field,4,111,8.9009009009009,9.071606475716065,0.9811824316594719
2025,Roger Dean Chevrolet Stadium,2520,9,9.88888888888889,9.071606475716065,1.0900923574408372
2025,Rogers Centre,14,91,9.505494505494505,9.071606475716065,1.0478292385080772
2025,Salt River Fields at Talking Stick,4249,10,10.1,9.071606475716065,1.1133639920378886
2025,Scottsdale Stadium,2532,5,9.6,9.071606475716065,1.0582469627290823
2025,Sloan Park,4629,5,9.6,9.071606475716065,1.0582469627290823
2025,Surprise Stadium,2603,8,11.5,9.071606475716065,1.2676916741025466
2025,Sutter Health Park,2529,82,10.0,9.071606475716065,1.1023405861761273
2025,T-Mobile Park,680,87,8.126436781609195,9.071606475716065,0.8958101085362322
2025,TD Ballpark,2536,5,9.0,9.071606475716065,0.9921065275585147
2025,Target Field,3312,127,9.440944881889763,9.071606475716065,1.0407136715158871
2025,Tempe Diablo Stadium,2500,4,6.25,9.071606475716065,0.6889628663600796
2025,Tokyo Dome,2397,6,5.333333333333333,9.071606475716065,0.5879149792939345
2025,Truist Park,4705,97,8.824742268041238,9.071606475716065,0.9727871564605826
2025,Walmart Park,2701,2,15.5,9.071606475716065,1.7086279085729974
2025,Wrigley Field,17,114,8.596491228070175,9.071606475716065,0.9476261179408814
2025,Yankee Stadium,3313,101,8.514851485148515,9.071606475716065,0.9386266377341284
2025,loanDepot park,4169,82,8.536585365853659,9.071606475716065,0.9410224516137673
2026,American Family Field,32,73,8.67123287671233,8.913208983631518,0.9728519652839329
2026,American Family Fields of Phoenix,2518,3,9.666666666666666,8.913208983631518,1.0845327069542317
2026,Angel Stadium,1,74,7.95945945945946,8.913208983631518,0.8929959427717276
2026,BayCare Ballpark,2700,5,5.6,8.913208983631518,0.6282810164424514
2026,Busch Stadium,2889,102,9.264705882352942,8.913208983631518,1.0394355051437616
2026,CACTI Park of the Palm Beaches,5000,6,5.0,8.913208983631518,0.5609651932521887
2026,Camelback Ranch,3809,8,10.75,8.913208983631518,1.206075165492206
2026,Charlotte Sports Park,2534,4,4.75,8.913208983631518,0.5329169335895794
2026,Chase Field,15,71,8.788732394366198,8.913208983631518,0.9860345932094812
2026,Citi Field,3289,116,7.448275862068965,8.913208983631518,0.835644701672226
2026,Citizens Bank Park,2681,84,9.821428571428571,8.913208983631518,1.1018959153167993
2026,Clover Park,2856,4,11.5,8.913208983631518,1.2902199444800342
2026,Comerica Park,2394,69,8.014492753623188,8.913208983631518,0.8991702952708996
2026,CoolToday Park,5380,4,8.0,8.913208983631518,0.897544309203502
2026,Coors Field,19,82,10.536585365853659,8.913208983631518,1.1821315291948564
2026,Daikin Park,2392,72,9.305555555555555,8.913208983631518,1.0440185541082403
2026,Ed Smith Stadium,2508,2,12.5,8.913208983631518,1.402412983130472
2026,Estadio Alfredo Harp Helu,5340,2,14.5,8.913208983631518,1.6267990604313476
2026,Fenway Park,3,98,8.938775510204081,8.913208983631518,1.002868386303913
2026,Field of Dreams,5445,1,8.0,8.913208983631518,0.897544309203502
2026,George M. Steinbrenner Field,2523,5,7.0,8.913208983631518,0.7853512705530643
2026,Globe Life Field,5325,69,7.913043478260869,8.913208983631518,0.8877883927991161
2026,Goodyear Ballpark,3834,8,15.0,8.913208983631518,1.6828955797565663
2026,Great American Ball Park,2602,115,8.217391304347826,8.913208983631518,0.9219341002144668
2026,Hohokam Stadium,2507,4,10.0,8.913208983631518,1.1219303865043775
2026,JetBlue Park,4309,5,8.8,8.913208983631518,0.9872987401238523
2026,Journey Bank Ballpark,2735,1,6.0,8.913208983631518,0.6731582319026266
2026,Kauffman Stadium,7,82,9.731707317073171,8.913208983631518,1.0918298151591384
2026,LECOM Park,2526,5,8.6,8.913208983631518,0.9648601323937647
2026,Las Vegas Ballpark,5355,6,17.0,8.913208983631518,1.9072816570574418
2026,Lee Health Sports Complex,2862,4,10.0,8.913208983631518,1.1219303865043775
2026,Nationals Park,3309,73,10.917808219178083,8.913208983631518,1.2249020795123138
2026,Oracle Park,2395,71,8.661971830985916,8.913208983631518,0.971812940422806
2026,Oriole Park at Camden Yards,2,99,9.313131313131313,8.913208983631518,1.0448685013707435
2026,PNC Park,31,82,11.036585365853659,8.913208983631518,1.2382280485200754
2026,Peoria Stadium,2530,9,11.333333333333334,8.913208983631518,1.2715211047049613
2026,Petco Park,2680,69,7.695652173913044,8.913208983631518,0.8633986017881515
2026,Progressive Field,5,99,8.696969696969697,8.913208983631518,0.9757394573538072
2026,Publix Field at Joker Marchant Stadium,2511,3,8.333333333333334,8.913208983631518,0.9349419887536481
2026,Rate Field,4,98,7.979591836734694,8.913208983631518,0.8952546553534931
2026,Roger Dean Chevrolet Stadium,2520,8,7.75,8.913208983631518,0.8694960495408927
2026,Rogers Centre,14,72,8.208333333333334,8.913208983631518,0.9209178589223433
2026,Route 66 Stadium,2722,1,5.0,8.913208983631518,0.5609651932521887
2026,Salt River Fields at Talking Stick,4249,10,15.3,8.913208983631518,1.7165534913516978
2026,Scottsdale Stadium,2532,3,10.666666666666666,8.913208983631518,1.1967257456046694
2026,Sloan Park,4629,6,15.666666666666666,8.913208983631518,1.7576909388568582
2026,Surprise Stadium,2603,7,11.0,8.913208983631518,1.2341234251548154
2026,Sutter Health Park,2529,64,11.28125,8.913208983631518,1.265677717275251
2026,T-Mobile Park,680,68,7.647058823529412,8.913208983631518,0.8579467661504064
2026,TD Ballpark,2536,3,10.333333333333334,8.913208983631518,1.1593280660545235
2026,Target Field,3312,70,9.085714285714285,8.913208983631518,1.0193538940239772
2026,Tempe Diablo Stadium,2500,3,9.666666666666666,8.913208983631518,1.0845327069542317
2026,Tropicana Field,12,71,8.704225352112676,8.913208983631518,0.9765534913516977
2026,Truist Park,4705,118,8.90677966101695,8.913208983631518,0.9992786747594076
2026,UNIQLO Field at Dodger Stadium,22,69,8.333333333333334,8.913208983631518,0.9349419887536481
2026,Wrigley Field,17,85,9.023529411764706,8.913208983631518,1.0123771840574796
2026,Yankee Stadium,3313,113,7.6902654867256635,8.913208983631518,0.8627942529843399
2026,loanDepot park,4169,69,7.956521739130435,8.913208983631518,0.8926663510013091
