away_team,home_team,game_start,core_market,core_side,books_reporting,prob_books_up,prob_books_down,prob_books_flat,prob_books_moving,prob_consensus_direction,prob_consensus_pct,prob_market_share_pct,avg_implied_prob_move,median_implied_prob_move,max_abs_implied_prob_move,line_books_up,line_books_down,line_books_flat,line_books_moving,line_consensus_pct,avg_point_move,median_point_move,consensus_strength,prob_direction_label
athletics,seattle mariners,2026-09-04 01:40:00+00:00,moneyline,athletics,14.0,0.0,0.0,14.0,0.0,0.0,0.0,0.0,0.0,0.0,0.0,0.0,0.0,14.0,0.0,0.0,,,weak,mixed_flat
athletics,seattle mariners,2026-09-04 01:40:00+00:00,moneyline,seattle mariners,14.0,0.0,0.0,14.0,0.0,0.0,0.0,0.0,0.0,0.0,0.0,0.0,0.0,14.0,0.0,0.0,,,weak,mixed_flat
athletics,seattle mariners,2026-09-04 01:40:00+00:00,spread,athletics,13.0,0.0,0.0,13.0,0.0,0.0,0.0,0.0,0.0,0.0,0.0,0.0,0.0,13.0,0.0,0.0,0.0,0.0,weak,mixed_flat
athletics,seattle mariners,2026-09-04 01:40:00+00:00,spread,seattle mariners,13.0,0.0,0.0,13.0,0.0,0.0,0.0,0.0,0.0,0.0,0.0,0.0,0.0,13.0,0.0,0.0,0.0,0.0,weak,mixed_flat
athletics,seattle mariners,2026-09-04 01:40:00+00:00,total,over,13.0,0.0,0.0,13.0,0.0,0.0,0.0,0.0,0.0,0.0,0.0,0.0,0.0,13.0,0.0,0.0,0.0,0.0,weak,mixed_flat
athletics,seattle mariners,2026-09-04 01:40:00+00:00,total,under,13.0,0.0,0.0,13.0,0.0,0.0,0.0,0.0,0.0,0.0,0.0,0.0,0.0,13.0,0.0,0.0,0.0,0.0,weak,mixed_flat
athletics,texas rangers,2026-09-02 18:35:00+00:00,moneyline,athletics,14.0,6.0,4.0,4.0,10.0,1.0,60.0,42.857142857142854,-0.018022714389915182,0.0,1.105379513633015,0.0,0.0,14.0,0.0,0.0,,,weak,toward_side
athletics,texas rangers,2026-09-02 18:35:00+00:00,moneyline,texas rangers,14.0,3.0,7.0,4.0,10.0,-1.0,70.0,50.0,0.05199398151516136,-0.0731186569565112,1.762502753910555,0.0,0.0,14.0,0.0,0.0,,,medium,away_from_side
athletics,texas rangers,2026-09-02 18:35:00+00:00,spread,athletics,13.0,1.0,3.0,9.0,4.0,-1.0,75.0,23.076923076923077,-0.33607312669393735,0.0,2.490315439955726,0.0,0.0,13.0,0.0,0.0,0.0,0.0,weak,away_from_side
athletics,texas rangers,2026-09-02 18:35:00+00:00,spread,texas rangers,13.0,3.0,1.0,9.0,4.0,1.0,75.0,23.076923076923077,0.3796164433290446,0.0,2.5531914893617005,0.0,0.0,13.0,0.0,0.0,0.0,0.0,weak,toward_side
athletics,texas rangers,2026-09-02 18:35:00+00:00,total,over,13.0,9.0,2.0,2.0,11.0,1.0,81.81818181818183,69.23076923076923,0.6608612529616914,0.4950495049504955,4.545454545454541,2.0,3.0,8.0,5.0,60.0,-0.038461538461538464,0.0,strong,toward_side
athletics,texas rangers,2026-09-02 18:35:00+00:00,total,under,13.0,2.0,9.0,2.0,11.0,-1.0,81.81818181818183,69.23076923076923,-0.6048432419058023,-0.4247366632687654,4.545454545454541,2.0,3.0,8.0,5.0,60.0,-0.038461538461538464,0.0,strong,away_from_side
atlanta braves,washington nationals,2026-09-02 17:05:00+00:00,moneyline,atlanta braves,14.0,6.0,2.0,6.0,8.0,1.0,75.0,42.857142857142854,0.32351286129317686,0.0,2.264150943396226,0.0,0.0,14.0,0.0,0.0,,,medium,toward_side
atlanta braves,washington nationals,2026-09-02 17:05:00+00:00,moneyline,washington nationals,14.0,2.0,6.0,6.0,8.0,-1.0,75.0,42.857142857142854,-0.2989000093403396,0.0,1.811594202898548,0.0,0.0,14.0,0.0,0.0,,,medium,away_from_side
atlanta braves,washington nationals,2026-09-02 17:05:00+00:00,spread,atlanta braves,13.0,11.0,2.0,0.0,13.0,1.0,84.61538461538461,84.61538461538461,0.5570685000483339,1.1614401858304313,4.95495495495496,0.0,1.0,12.0,1.0,100.0,-0.038461538461538464,0.0,strong,toward_side
atlanta braves,washington nationals,2026-09-02 17:05:00+00:00,spread,washington nationals,13.0,2.0,11.0,0.0,13.0,-1.0,84.61538461538461,84.61538461538461,-0.5634033647160058,-1.0101010101010166,4.751131221719462,1.0,0.0,12.0,1.0,100.0,0.038461538461538464,0.0,strong,away_from_side
atlanta braves,washington nationals,2026-09-02 17:05:00+00:00,total,over,13.0,10.0,1.0,2.0,11.0,1.0,90.9090909090909,76.92307692307693,0.819311603727006,1.107419712070867,9.827760891590689,1.0,1.0,11.0,2.0,50.0,0.038461538461538464,0.0,strong,toward_side
atlanta braves,washington nationals,2026-09-02 17:05:00+00:00,total,under,13.0,1.0,11.0,1.0,12.0,-1.0,91.66666666666666,84.61538461538461,-0.6084803620532746,-1.1841606669192872,10.010111223458036,1.0,1.0,11.0,2.0,50.0,0.038461538461538464,0.0,strong,away_from_side
baltimore orioles,colorado rockies,2026-09-02 19:10:00+00:00,moneyline,baltimore orioles,14.0,8.0,0.0,6.0,8.0,1.0,100.0,57.14285714285714,0.4472474007885808,0.453274210013338,1.156855089439357,0.0,0.0,14.0,0.0,0.0,,,medium,toward_side
baltimore orioles,colorado rockies,2026-09-02 19:10:00+00:00,moneyline,colorado rockies,14.0,0.0,8.0,6.0,8.0,-1.0,100.0,57.14285714285714,-0.437238039410421,-0.36377144540775397,1.4009281148761044,0.0,0.0,14.0,0.0,0.0,,,medium,away_from_side
baltimore orioles,colorado rockies,2026-09-02 19:10:00+00:00,spread,baltimore orioles,13.0,6.0,3.0,4.0,9.0,1.0,66.66666666666666,46.15384615384615,0.2021572457625883,0.0,1.400560224089642,0.0,0.0,13.0,0.0,0.0,0.0,0.0,medium,toward_side
baltimore orioles,colorado rockies,2026-09-02 19:10:00+00:00,spread,colorado rockies,13.0,3.0,7.0,3.0,10.0,-1.0,70.0,53.84615384615385,-0.23349168607363147,-0.2214545132429801,1.107419712070867,0.0,0.0,13.0,0.0,0.0,0.0,0.0,medium,away_from_side
baltimore orioles,colorado rockies,2026-09-02 19:10:00+00:00,total,over,13.0,3.0,7.0,3.0,10.0,-1.0,70.0,53.84615384615385,-0.4093775789504245,-0.4170141784820669,4.95495495495496,1.0,1.0,11.0,2.0,50.0,0.0,0.0,medium,away_from_side
baltimore orioles,colorado rockies,2026-09-02 19:10:00+00:00,total,under,13.0,6.0,3.0,4.0,9.0,1.0,66.66666666666666,46.15384615384615,0.27374282392185373,0.0,4.95495495495496,1.0,1.0,11.0,2.0,50.0,0.0,0.0,medium,toward_side
boston red sox,baltimore orioles,2026-09-03 23:15:00+00:00,moneyline,baltimore orioles,14.0,0.0,0.0,14.0,0.0,0.0,0.0,0.0,0.0,0.0,0.0,0.0,0.0,14.0,0.0,0.0,,,weak,mixed_flat
boston red sox,baltimore orioles,2026-09-03 23:15:00+00:00,moneyline,boston red sox,14.0,0.0,0.0,14.0,0.0,0.0,0.0,0.0,0.0,0.0,0.0,0.0,0.0,14.0,0.0,0.0,,,weak,mixed_flat
boston red sox,baltimore orioles,2026-09-03 23:15:00+00:00,spread,baltimore orioles,13.0,0.0,0.0,13.0,0.0,0.0,0.0,0.0,0.0,0.0,0.0,0.0,0.0,13.0,0.0,0.0,0.0,0.0,weak,mixed_flat
boston red sox,baltimore orioles,2026-09-03 23:15:00+00:00,spread,boston red sox,13.0,0.0,0.0,13.0,0.0,0.0,0.0,0.0,0.0,0.0,0.0,0.0,0.0,13.0,0.0,0.0,0.0,0.0,weak,mixed_flat
boston red sox,baltimore orioles,2026-09-03 23:15:00+00:00,total,over,13.0,0.0,0.0,13.0,0.0,0.0,0.0,0.0,0.0,0.0,0.0,0.0,0.0,13.0,0.0,0.0,0.0,0.0,weak,mixed_flat
boston red sox,baltimore orioles,2026-09-03 23:15:00+00:00,total,under,13.0,0.0,0.0,13.0,0.0,0.0,0.0,0.0,0.0,0.0,0.0,0.0,0.0,13.0,0.0,0.0,0.0,0.0,weak,mixed_flat
chicago white sox,houston astros,2026-09-03 00:10:00+00:00,moneyline,chicago white sox,14.0,3.0,8.0,3.0,11.0,-1.0,72.72727272727273,57.14285714285714,-0.9002667583529582,-0.9735790544310424,2.2688598979013044,0.0,0.0,14.0,0.0,0.0,,,medium,away_from_side
chicago white sox,houston astros,2026-09-03 00:10:00+00:00,moneyline,houston astros,14.0,8.0,3.0,3.0,11.0,1.0,72.72727272727273,57.14285714285714,0.7801923467303961,0.9377695118685359,1.9844849359552663,0.0,0.0,14.0,0.0,0.0,,,medium,toward_side
chicago white sox,houston astros,2026-09-03 00:10:00+00:00,spread,chicago white sox,13.0,1.0,7.0,5.0,8.0,-1.0,87.5,53.84615384615385,-0.8737114876010067,-1.2402177822425695,2.3809523809523725,0.0,0.0,13.0,0.0,0.0,0.0,0.0,medium,away_from_side
chicago white sox,houston astros,2026-09-03 00:10:00+00:00,spread,houston astros,13.0,7.0,1.0,5.0,8.0,1.0,87.5,53.84615384615385,0.8846056794672639,1.3899613899613916,2.264150943396226,0.0,0.0,13.0,0.0,0.0,0.0,0.0,medium,toward_side
chicago white sox,houston astros,2026-09-03 00:10:00+00:00,total,over,13.0,5.0,1.0,7.0,6.0,1.0,83.33333333333334,38.46153846153847,0.5467253396108916,0.0,2.2688598979012986,0.0,0.0,13.0,0.0,0.0,0.0,0.0,weak,toward_side
chicago white sox,houston astros,2026-09-03 00:10:00+00:00,total,under,13.0,1.0,5.0,7.0,6.0,-1.0,83.33333333333334,38.46153846153847,-0.5187582431585602,0.0,2.2688598979012986,0.0,0.0,13.0,0.0,0.0,0.0,0.0,weak,away_from_side
chicago white sox,houston astros,2026-09-03 18:10:00+00:00,spread,chicago white sox,2.0,0.0,0.0,2.0,0.0,0.0,0.0,0.0,0.0,0.0,0.0,0.0,0.0,2.0,0.0,0.0,0.0,0.0,weak,mixed_flat
chicago white sox,houston astros,2026-09-03 18:10:00+00:00,spread,houston astros,2.0,0.0,0.0,2.0,0.0,0.0,0.0,0.0,0.0,0.0,0.0,0.0,0.0,2.0,0.0,0.0,0.0,0.0,weak,mixed_flat
chicago white sox,houston astros,2026-09-03 18:10:00+00:00,total,over,3.0,0.0,0.0,3.0,0.0,0.0,0.0,0.0,0.0,0.0,0.0,0.0,0.0,3.0,0.0,0.0,0.0,0.0,weak,mixed_flat
chicago white sox,houston astros,2026-09-03 18:10:00+00:00,total,under,3.0,0.0,0.0,3.0,0.0,0.0,0.0,0.0,0.0,0.0,0.0,0.0,0.0,3.0,0.0,0.0,0.0,0.0,weak,mixed_flat
detroit tigers,minnesota twins,2026-09-02 23:40:00+00:00,moneyline,detroit tigers,14.0,0.0,3.0,11.0,3.0,-1.0,100.0,21.428571428571427,-0.2237627406902936,0.0,1.2195121951219523,0.0,0.0,14.0,0.0,0.0,,,weak,away_from_side
detroit tigers,minnesota twins,2026-09-02 23:40:00+00:00,moneyline,minnesota twins,14.0,3.0,0.0,11.0,3.0,1.0,100.0,21.428571428571427,0.1979933651149925,0.0,1.0570824524312905,0.0,0.0,14.0,0.0,0.0,,,weak,toward_side
detroit tigers,minnesota twins,2026-09-02 23:40:00+00:00,spread,detroit tigers,13.0,8.0,2.0,3.0,10.0,1.0,80.0,61.53846153846154,2.4659951091733685,0.5649717514124242,28.2051282051282,1.0,0.0,12.0,1.0,100.0,0.23076923076923078,0.0,strong,toward_side
detroit tigers,minnesota twins,2026-09-02 23:40:00+00:00,spread,minnesota twins,13.0,2.0,7.0,4.0,9.0,-1.0,77.77777777777779,53.84615384615385,-2.3769456737052703,-0.4822763443453115,27.875243664717352,0.0,1.0,12.0,1.0,100.0,-0.23076923076923078,0.0,medium,away_from_side
detroit tigers,minnesota twins,2026-09-02 23:40:00+00:00,total,over,13.0,0.0,12.0,1.0,12.0,-1.0,100.0,92.3076923076923,-1.875183515088889,-1.2195121951219523,5.555555555555558,3.0,0.0,10.0,3.0,100.0,0.11538461538461539,0.0,strong,away_from_side
detroit tigers,minnesota twins,2026-09-02 23:40:00+00:00,total,under,13.0,12.0,0.0,1.0,12.0,1.0,100.0,92.3076923076923,1.7896283134170419,1.0570824524312905,5.764966740576494,3.0,0.0,10.0,3.0,100.0,0.11538461538461539,0.0,strong,toward_side
miami marlins,kansas city royals,2026-09-02 23:40:00+00:00,moneyline,kansas city royals,14.0,7.0,1.0,6.0,8.0,1.0,87.5,50.0,0.3849115707621293,0.2246181491464494,1.747487986020091,0.0,0.0,14.0,0.0,0.0,,,medium,toward_side
miami marlins,kansas city royals,2026-09-02 23:40:00+00:00,moneyline,miami marlins,14.0,1.0,7.0,6.0,8.0,-1.0,87.5,50.0,-0.3707457640922515,-0.1161278335191418,1.885902876001888,0.0,0.0,14.0,0.0,0.0,,,medium,away_from_side
miami marlins,kansas city royals,2026-09-02 23:40:00+00:00,spread,kansas city royals,13.0,2.0,7.0,4.0,9.0,-1.0,77.77777777777779,53.84615384615385,-10.810959675732995,-0.5066048608736495,29.19799498746867,0.0,5.0,8.0,5.0,100.0,-1.1538461538461537,0.0,medium,away_from_side
miami marlins,kansas city royals,2026-09-02 23:40:00+00:00,spread,miami marlins,13.0,7.0,2.0,4.0,9.0,1.0,77.77777777777779,53.84615384615385,10.92004525524657,0.4705587100417185,30.288461538461537,5.0,0.0,8.0,5.0,100.0,1.1538461538461537,0.0,medium,toward_side
miami marlins,kansas city royals,2026-09-02 23:40:00+00:00,total,over,13.0,3.0,7.0,3.0,10.0,-1.0,70.0,53.84615384615385,-0.19907584205020973,-0.2113896757282352,1.076797174484212,0.0,0.0,13.0,0.0,0.0,0.0,0.0,medium,away_from_side
miami marlins,kansas city royals,2026-09-02 23:40:00+00:00,total,under,13.0,7.0,3.0,3.0,10.0,1.0,70.0,53.84615384615385,0.03608367671036851,0.2438667512071446,1.951360184562145,0.0,0.0,13.0,0.0,0.0,0.0,0.0,medium,toward_side
miami marlins,kansas city royals,2026-09-03 23:40:00+00:00,spread,kansas city royals,5.0,0.0,0.0,5.0,0.0,0.0,0.0,0.0,0.0,0.0,0.0,0.0,0.0,5.0,0.0,0.0,0.0,0.0,weak,mixed_flat
miami marlins,kansas city royals,2026-09-03 23:40:00+00:00,spread,miami marlins,5.0,0.0,0.0,5.0,0.0,0.0,0.0,0.0,0.0,0.0,0.0,0.0,0.0,5.0,0.0,0.0,0.0,0.0,weak,mixed_flat
miami marlins,kansas city royals,2026-09-03 23:40:00+00:00,total,over,13.0,0.0,0.0,13.0,0.0,0.0,0.0,0.0,0.0,0.0,0.0,0.0,0.0,13.0,0.0,0.0,0.0,0.0,weak,mixed_flat
miami marlins,kansas city royals,2026-09-03 23:40:00+00:00,total,under,13.0,0.0,0.0,13.0,0.0,0.0,0.0,0.0,0.0,0.0,0.0,0.0,0.0,13.0,0.0,0.0,0.0,0.0,weak,mixed_flat
milwaukee brewers,chicago cubs,2026-09-02 23:40:00+00:00,moneyline,chicago cubs,14.0,6.0,3.0,5.0,9.0,1.0,66.66666666666666,42.857142857142854,0.040839273297461696,0.0,0.886524822695034,0.0,0.0,14.0,0.0,0.0,,,medium,toward_side
milwaukee brewers,chicago cubs,2026-09-02 23:40:00+00:00,moneyline,milwaukee brewers,14.0,4.0,6.0,4.0,10.0,-1.0,60.0,42.857142857142854,0.058874852183652245,0.0,1.4798372179060326,0.0,0.0,14.0,0.0,0.0,,,weak,away_from_side
milwaukee brewers,chicago cubs,2026-09-02 23:40:00+00:00,spread,chicago cubs,13.0,2.0,3.0,8.0,5.0,-1.0,60.0,23.076923076923077,-0.16630624263861843,0.0,1.3769227743026802,0.0,0.0,13.0,0.0,0.0,0.0,0.0,weak,away_from_side
milwaukee brewers,chicago cubs,2026-09-02 23:40:00+00:00,spread,milwaukee brewers,13.0,3.0,2.0,8.0,5.0,1.0,60.0,23.076923076923077,0.09253392083559814,0.0,0.7244626901714568,0.0,0.0,13.0,0.0,0.0,0.0,0.0,weak,toward_side
milwaukee brewers,chicago cubs,2026-09-02 23:40:00+00:00,total,over,13.0,6.0,5.0,2.0,11.0,1.0,54.54545454545454,46.15384615384615,-0.4903357003490568,0.0,4.545454545454541,3.0,1.0,9.0,4.0,75.0,0.07692307692307693,0.0,weak,toward_side
milwaukee brewers,chicago cubs,2026-09-02 23:40:00+00:00,total,under,13.0,5.0,6.0,2.0,11.0,-1.0,54.54545454545454,46.15384615384615,0.42157062643242066,0.0,4.545454545454541,3.0,1.0,9.0,4.0,75.0,0.07692307692307693,0.0,weak,away_from_side
milwaukee brewers,chicago cubs,2026-09-03 23:15:00+00:00,total,over,7.0,0.0,0.0,7.0,0.0,0.0,0.0,0.0,0.0,0.0,0.0,0.0,0.0,7.0,0.0,0.0,0.0,0.0,weak,mixed_flat
milwaukee brewers,chicago cubs,2026-09-03 23:15:00+00:00,total,under,7.0,0.0,0.0,7.0,0.0,0.0,0.0,0.0,0.0,0.0,0.0,0.0,0.0,7.0,0.0,0.0,0.0,0.0,weak,mixed_flat
new york mets,tampa bay rays,2026-09-02 22:40:00+00:00,moneyline,new york mets,14.0,8.0,1.0,5.0,9.0,1.0,88.88888888888889,57.14285714285714,0.3453842018906584,0.4365854225507615,0.8503401360544227,0.0,0.0,14.0,0.0,0.0,,,medium,toward_side
new york mets,tampa bay rays,2026-09-02 22:40:00+00:00,moneyline,tampa bay rays,14.0,1.0,7.0,6.0,8.0,-1.0,87.5,50.0,-0.31203593281325376,-0.21441436290345894,0.7541478129713508,0.0,0.0,14.0,0.0,0.0,,,medium,away_from_side
new york mets,tampa bay rays,2026-09-02 22:40:00+00:00,spread,new york mets,13.0,4.0,6.0,3.0,10.0,-1.0,60.0,46.15384615384615,-1.0008466924742847,0.0,9.166417240347204,0.0,1.0,12.0,1.0,100.0,-0.038461538461538464,0.0,weak,away_from_side
new york mets,tampa bay rays,2026-09-02 22:40:00+00:00,spread,tampa bay rays,13.0,5.0,4.0,4.0,9.0,1.0,55.55555555555556,38.46153846153847,0.9840591153518908,0.0,9.191994069681249,1.0,0.0,12.0,1.0,100.0,0.038461538461538464,0.0,weak,toward_side
new york mets,tampa bay rays,2026-09-02 22:40:00+00:00,total,over,13.0,2.0,4.0,7.0,6.0,-1.0,66.66666666666666,30.76923076923077,-0.612677709451691,0.0,5.108832523835222,1.0,0.0,12.0,1.0,100.0,0.038461538461538464,0.0,weak,away_from_side
new york mets,tampa bay rays,2026-09-02 22:40:00+00:00,total,under,13.0,3.0,3.0,7.0,6.0,0.0,50.0,23.076923076923077,0.019217388113886794,0.0,1.48010318433629,1.0,0.0,12.0,1.0,100.0,0.038461538461538464,0.0,weak,mixed_flat
new york yankees,los angeles angels,2026-09-03 01:35:00+00:00,moneyline,los angeles angels,14.0,8.0,2.0,4.0,10.0,1.0,80.0,57.14285714285714,0.26178101093741507,0.32864592176867485,1.736864958749457,0.0,0.0,14.0,0.0,0.0,,,medium,toward_side
new york yankees,los angeles angels,2026-09-03 01:35:00+00:00,moneyline,new york yankees,14.0,2.0,8.0,4.0,10.0,-1.0,80.0,57.14285714285714,-0.27164629768976883,-0.27041010174747027,2.246402246402246,0.0,0.0,14.0,0.0,0.0,,,medium,away_from_side
new york yankees,los angeles angels,2026-09-03 01:35:00+00:00,spread,los angeles angels,13.0,2.0,5.0,6.0,7.0,-1.0,71.42857142857143,38.46153846153847,-0.3291696794537907,0.0,1.709401709401703,0.0,0.0,13.0,0.0,0.0,0.0,0.0,weak,away_from_side
new york yankees,los angeles angels,2026-09-03 01:35:00+00:00,spread,new york yankees,13.0,5.0,2.0,6.0,7.0,1.0,71.42857142857143,38.46153846153847,0.29700683987006843,0.0,1.8497965223825352,0.0,0.0,13.0,0.0,0.0,0.0,0.0,weak,toward_side
new york yankees,los angeles angels,2026-09-03 01:35:00+00:00,total,over,13.0,1.0,4.0,8.0,5.0,-1.0,80.0,30.76923076923077,-0.16959397979420082,0.0,1.2195121951219523,0.0,0.0,13.0,0.0,0.0,0.0,0.0,weak,away_from_side
new york yankees,los angeles angels,2026-09-03 01:35:00+00:00,total,under,13.0,5.0,3.0,5.0,8.0,1.0,62.5,38.46153846153847,0.05268705365574649,0.0,1.0570824524312905,0.0,0.0,13.0,0.0,0.0,0.0,0.0,weak,toward_side
philadelphia phillies,arizona diamondbacks,2026-09-02 19:40:00+00:00,moneyline,arizona diamondbacks,13.0,2.0,4.0,7.0,6.0,-1.0,66.66666666666666,30.76923076923077,-0.0893808768639037,0.0,2.380952380952384,0.0,0.0,13.0,0.0,0.0,,,weak,away_from_side
philadelphia phillies,arizona diamondbacks,2026-09-02 19:40:00+00:00,moneyline,philadelphia phillies,13.0,4.0,2.0,7.0,6.0,1.0,66.66666666666666,30.76923076923077,0.00880597723547777,0.0,2.164502164502158,0.0,0.0,13.0,0.0,0.0,,,weak,toward_side
philadelphia phillies,arizona diamondbacks,2026-09-02 19:40:00+00:00,spread,arizona diamondbacks,12.0,5.0,0.0,7.0,5.0,1.0,100.0,41.66666666666667,0.46079479428045017,0.0,2.097902097902093,0.0,0.0,12.0,0.0,0.0,0.0,0.0,medium,toward_side
philadelphia phillies,arizona diamondbacks,2026-09-02 19:40:00+00:00,spread,philadelphia phillies,12.0,0.0,6.0,6.0,6.0,-1.0,100.0,50.0,-0.4252335796502753,-0.1810806895552658,1.736864958749457,0.0,0.0,12.0,0.0,0.0,0.0,0.0,medium,away_from_side
philadelphia phillies,arizona diamondbacks,2026-09-02 19:40:00+00:00,total,over,12.0,0.0,3.0,9.0,3.0,-1.0,100.0,25.0,-0.17597145999173427,0.0,1.2195121951219523,0.0,0.0,12.0,0.0,0.0,0.0,0.0,weak,away_from_side
philadelphia phillies,arizona diamondbacks,2026-09-02 19:40:00+00:00,total,under,12.0,1.0,2.0,9.0,3.0,-1.0,66.66666666666666,16.666666666666664,-0.007577010863158794,0.0,1.0570824524312905,0.0,0.0,12.0,0.0,0.0,0.0,0.0,weak,away_from_side
san diego padres,cincinnati reds,2026-09-02 16:40:00+00:00,moneyline,cincinnati reds,14.0,1.0,11.0,2.0,12.0,-1.0,91.66666666666666,78.57142857142857,-0.7543868402501266,-0.7869755374451781,1.9762845849802368,0.0,0.0,14.0,0.0,0.0,,,strong,away_from_side
san diego padres,cincinnati reds,2026-09-02 16:40:00+00:00,moneyline,san diego padres,14.0,12.0,0.0,2.0,12.0,1.0,100.0,85.71428571428571,0.7747526251204808,0.8366520615751716,1.7368649587494511,0.0,0.0,14.0,0.0,0.0,,,strong,toward_side
san diego padres,cincinnati reds,2026-09-02 16:40:00+00:00,spread,cincinnati reds,13.0,0.0,12.0,1.0,12.0,-1.0,100.0,92.3076923076923,-1.0933188293528668,-1.124606387764282,1.891252955082745,0.0,0.0,13.0,0.0,0.0,0.0,0.0,strong,away_from_side
san diego padres,cincinnati reds,2026-09-02 16:40:00+00:00,spread,san diego padres,13.0,12.0,0.0,1.0,12.0,1.0,100.0,92.3076923076923,1.1541796215854754,1.1614401858304313,2.2688598979013044,0.0,0.0,13.0,0.0,0.0,0.0,0.0,strong,toward_side
san diego padres,cincinnati reds,2026-09-02 16:40:00+00:00,total,over,13.0,4.0,4.0,5.0,8.0,0.0,50.0,30.76923076923077,-0.09195793689178958,0.0,1.1614401858304313,0.0,0.0,13.0,0.0,0.0,0.0,0.0,weak,mixed_flat
san diego padres,cincinnati reds,2026-09-02 16:40:00+00:00,total,under,13.0,4.0,4.0,5.0,8.0,0.0,50.0,30.76923076923077,0.16110013675758683,0.0,1.3227513227513257,0.0,0.0,13.0,0.0,0.0,0.0,0.0,weak,mixed_flat
san francisco giants,pittsburgh pirates,2026-09-02 22:40:00+00:00,moneyline,pittsburgh pirates,14.0,3.0,3.0,8.0,6.0,0.0,50.0,21.428571428571427,0.22496074813631028,0.0,3.6363636363636376,0.0,0.0,14.0,0.0,0.0,,,weak,mixed_flat
san francisco giants,pittsburgh pirates,2026-09-02 22:40:00+00:00,moneyline,san francisco giants,14.0,3.0,3.0,8.0,6.0,0.0,50.0,21.428571428571427,-0.19933251038854935,0.0,3.292181069958844,0.0,0.0,14.0,0.0,0.0,,,weak,mixed_flat
san francisco giants,pittsburgh pirates,2026-09-02 22:40:00+00:00,spread,pittsburgh pirates,13.0,6.0,2.0,5.0,8.0,1.0,75.0,46.15384615384615,0.4987780414149921,0.0,2.8262426046651856,0.0,0.0,13.0,0.0,0.0,0.0,0.0,medium,toward_side
san francisco giants,pittsburgh pirates,2026-09-02 22:40:00+00:00,spread,san francisco giants,13.0,3.0,6.0,4.0,9.0,-1.0,66.66666666666666,46.15384615384615,-0.4025844245238757,0.0,2.2293561619404323,0.0,0.0,13.0,0.0,0.0,0.0,0.0,medium,away_from_side
san francisco giants,pittsburgh pirates,2026-09-02 22:40:00+00:00,total,over,13.0,2.0,9.0,2.0,11.0,-1.0,81.81818181818183,69.23076923076923,-1.8865761713279208,-2.9933225880727554,5.040504050405037,9.0,1.0,3.0,10.0,90.0,0.3076923076923077,0.5,strong,away_from_side
san francisco giants,pittsburgh pirates,2026-09-02 22:40:00+00:00,total,under,13.0,9.0,1.0,3.0,10.0,1.0,90.0,69.23076923076923,2.1712975150564024,2.9933225880727554,4.862093352192365,9.0,1.0,3.0,10.0,90.0,0.3076923076923077,0.5,strong,toward_side
san francisco giants,pittsburgh pirates,2026-09-03 16:35:00+00:00,spread,pittsburgh pirates,2.0,0.0,0.0,2.0,0.0,0.0,0.0,0.0,0.0,0.0,0.0,0.0,0.0,2.0,0.0,0.0,0.0,0.0,weak,mixed_flat
san francisco giants,pittsburgh pirates,2026-09-03 16:35:00+00:00,spread,san francisco giants,2.0,0.0,0.0,2.0,0.0,0.0,0.0,0.0,0.0,0.0,0.0,0.0,0.0,2.0,0.0,0.0,0.0,0.0,weak,mixed_flat
san francisco giants,pittsburgh pirates,2026-09-03 16:35:00+00:00,total,over,2.0,0.0,0.0,2.0,0.0,0.0,0.0,0.0,0.0,0.0,0.0,0.0,0.0,2.0,0.0,0.0,0.0,0.0,weak,mixed_flat
san francisco giants,pittsburgh pirates,2026-09-03 16:35:00+00:00,total,under,2.0,0.0,0.0,2.0,0.0,0.0,0.0,0.0,0.0,0.0,0.0,0.0,0.0,2.0,0.0,0.0,0.0,0.0,weak,mixed_flat
seattle mariners,boston red sox,2026-09-02 20:10:00+00:00,moneyline,boston red sox,14.0,5.0,2.0,7.0,7.0,1.0,71.42857142857143,35.714285714285715,0.07014906419812728,0.0,0.7003168933942594,0.0,0.0,14.0,0.0,0.0,,,weak,toward_side
seattle mariners,boston red sox,2026-09-02 20:10:00+00:00,moneyline,seattle mariners,14.0,2.0,5.0,7.0,7.0,-1.0,71.42857142857143,35.714285714285715,-0.07189641264633918,0.0,0.8735150244584211,0.0,0.0,14.0,0.0,0.0,,,weak,away_from_side
seattle mariners,boston red sox,2026-09-02 20:10:00+00:00,spread,boston red sox,13.0,6.0,1.0,6.0,7.0,1.0,85.71428571428571,46.15384615384615,0.2536669270758574,0.0,1.2403100775193798,0.0,0.0,13.0,0.0,0.0,0.0,0.0,medium,toward_side
seattle mariners,boston red sox,2026-09-02 20:10:00+00:00,spread,seattle mariners,13.0,2.0,6.0,5.0,8.0,-1.0,75.0,46.15384615384615,-0.1784201770954055,0.0,1.214417565335657,0.0,0.0,13.0,0.0,0.0,0.0,0.0,medium,away_from_side
seattle mariners,boston red sox,2026-09-02 20:10:00+00:00,total,over,13.0,1.0,4.0,8.0,5.0,-1.0,80.0,30.76923076923077,-0.36002568637734694,0.0,1.3738779996336326,0.0,0.0,13.0,0.0,0.0,0.0,0.0,weak,away_from_side
seattle mariners,boston red sox,2026-09-02 20:10:00+00:00,total,under,13.0,4.0,1.0,8.0,5.0,1.0,80.0,30.76923076923077,0.3361524599949556,0.0,1.347951114306245,0.0,0.0,13.0,0.0,0.0,0.0,0.0,weak,toward_side
st. louis cardinals,los angeles dodgers,2026-09-03 02:10:00+00:00,moneyline,los angeles dodgers,10.0,5.0,0.0,5.0,5.0,1.0,100.0,50.0,0.4870197020501954,0.2070393374741186,1.7316017316017285,0.0,0.0,10.0,0.0,0.0,,,medium,toward_side
st. louis cardinals,los angeles dodgers,2026-09-03 02:10:00+00:00,moneyline,st. louis cardinals,10.0,0.0,5.0,5.0,5.0,-1.0,100.0,50.0,-0.596862975633486,-0.2732240437158473,2.4653312788906034,0.0,0.0,10.0,0.0,0.0,,,medium,away_from_side
st. louis cardinals,los angeles dodgers,2026-09-03 02:10:00+00:00,spread,los angeles dodgers,9.0,6.0,0.0,3.0,6.0,1.0,100.0,66.66666666666666,1.8375540967109028,1.1841606669192872,3.826147266211999,0.0,0.0,9.0,0.0,0.0,0.0,0.0,strong,toward_side
st. louis cardinals,los angeles dodgers,2026-09-03 02:10:00+00:00,spread,st. louis cardinals,9.0,0.0,6.0,3.0,6.0,-1.0,100.0,66.66666666666666,-1.8055919640995262,-1.9033117624666973,3.1746031746031744,0.0,0.0,9.0,0.0,0.0,0.0,0.0,strong,away_from_side
st. louis cardinals,los angeles dodgers,2026-09-03 02:10:00+00:00,total,over,9.0,6.0,0.0,3.0,6.0,1.0,100.0,66.66666666666666,1.0736155933632108,0.7244626901714568,3.1746031746031744,4.0,0.0,5.0,4.0,100.0,0.2222222222222222,0.0,strong,toward_side
st. louis cardinals,los angeles dodgers,2026-09-03 02:10:00+00:00,total,under,9.0,0.0,7.0,2.0,7.0,-1.0,100.0,77.77777777777779,-1.2795357453542322,-1.086862011998957,3.600464576074336,4.0,0.0,5.0,4.0,100.0,0.2222222222222222,0.0,strong,away_from_side
st. louis cardinals,los angeles dodgers,2026-09-04 02:10:00+00:00,moneyline,los angeles dodgers,4.0,0.0,0.0,4.0,0.0,0.0,0.0,0.0,0.0,0.0,0.0,0.0,0.0,4.0,0.0,0.0,,,weak,mixed_flat
st. louis cardinals,los angeles dodgers,2026-09-04 02:10:00+00:00,moneyline,st. louis cardinals,4.0,0.0,0.0,4.0,0.0,0.0,0.0,0.0,0.0,0.0,0.0,0.0,0.0,4.0,0.0,0.0,,,weak,mixed_flat
st. louis cardinals,los angeles dodgers,2026-09-04 02:10:00+00:00,spread,los angeles dodgers,6.0,0.0,0.0,6.0,0.0,0.0,0.0,0.0,0.0,0.0,0.0,0.0,0.0,6.0,0.0,0.0,0.0,0.0,weak,mixed_flat
st. louis cardinals,los angeles dodgers,2026-09-04 02:10:00+00:00,spread,st. louis cardinals,6.0,0.0,0.0,6.0,0.0,0.0,0.0,0.0,0.0,0.0,0.0,0.0,0.0,6.0,0.0,0.0,0.0,0.0,weak,mixed_flat
st. louis cardinals,los angeles dodgers,2026-09-04 02:10:00+00:00,total,over,11.0,0.0,0.0,11.0,0.0,0.0,0.0,0.0,0.0,0.0,0.0,0.0,0.0,11.0,0.0,0.0,0.0,0.0,weak,mixed_flat
st. louis cardinals,los angeles dodgers,2026-09-04 02:10:00+00:00,total,under,11.0,0.0,0.0,11.0,0.0,0.0,0.0,0.0,0.0,0.0,0.0,0.0,0.0,11.0,0.0,0.0,0.0,0.0,weak,mixed_flat
tampa bay rays,texas rangers,2026-09-04 00:05:00+00:00,moneyline,tampa bay rays,14.0,0.0,0.0,14.0,0.0,0.0,0.0,0.0,0.0,0.0,0.0,0.0,0.0,14.0,0.0,0.0,,,weak,mixed_flat
tampa bay rays,texas rangers,2026-09-04 00:05:00+00:00,moneyline,texas rangers,14.0,0.0,0.0,14.0,0.0,0.0,0.0,0.0,0.0,0.0,0.0,0.0,0.0,14.0,0.0,0.0,,,weak,mixed_flat
tampa bay rays,texas rangers,2026-09-04 00:05:00+00:00,spread,tampa bay rays,13.0,0.0,0.0,13.0,0.0,0.0,0.0,0.0,0.0,0.0,0.0,0.0,0.0,13.0,0.0,0.0,0.0,0.0,weak,mixed_flat
tampa bay rays,texas rangers,2026-09-04 00:05:00+00:00,spread,texas rangers,13.0,0.0,0.0,13.0,0.0,0.0,0.0,0.0,0.0,0.0,0.0,0.0,0.0,13.0,0.0,0.0,0.0,0.0,weak,mixed_flat
tampa bay rays,texas rangers,2026-09-04 00:05:00+00:00,total,over,13.0,0.0,0.0,13.0,0.0,0.0,0.0,0.0,0.0,0.0,0.0,0.0,0.0,13.0,0.0,0.0,0.0,0.0,weak,mixed_flat
tampa bay rays,texas rangers,2026-09-04 00:05:00+00:00,total,under,13.0,0.0,0.0,13.0,0.0,0.0,0.0,0.0,0.0,0.0,0.0,0.0,0.0,13.0,0.0,0.0,0.0,0.0,weak,mixed_flat
toronto blue jays,cleveland guardians,2026-09-02 22:40:00+00:00,moneyline,cleveland guardians,14.0,5.0,3.0,6.0,8.0,1.0,62.5,35.714285714285715,0.14218504613417088,0.0,1.814717357771528,0.0,0.0,14.0,0.0,0.0,,,weak,toward_side
toronto blue jays,cleveland guardians,2026-09-02 22:40:00+00:00,moneyline,toronto blue jays,14.0,3.0,5.0,6.0,8.0,-1.0,62.5,35.714285714285715,-0.10154107184437988,0.0,1.907814407814401,0.0,0.0,14.0,0.0,0.0,,,weak,away_from_side
toronto blue jays,cleveland guardians,2026-09-02 22:40:00+00:00,spread,cleveland guardians,13.0,4.0,5.0,4.0,9.0,-1.0,55.55555555555556,38.46153846153847,-0.2193136626003682,0.0,1.6469038208168585,0.0,0.0,13.0,0.0,0.0,0.0,0.0,weak,away_from_side
toronto blue jays,cleveland guardians,2026-09-02 22:40:00+00:00,spread,toronto blue jays,13.0,5.0,4.0,4.0,9.0,1.0,55.55555555555556,38.46153846153847,0.11971936724395547,0.0,1.7224748518671618,0.0,0.0,13.0,0.0,0.0,0.0,0.0,weak,toward_side
toronto blue jays,cleveland guardians,2026-09-02 22:40:00+00:00,total,over,13.0,4.0,2.0,7.0,6.0,1.0,66.66666666666666,30.76923076923077,0.24938126763176355,0.0,1.466582861931709,0.0,0.0,13.0,0.0,0.0,0.0,0.0,weak,toward_side
toronto blue jays,cleveland guardians,2026-09-02 22:40:00+00:00,total,under,13.0,0.0,4.0,9.0,4.0,-1.0,100.0,30.76923076923077,-0.28031407841382106,0.0,1.2195121951219523,0.0,0.0,13.0,0.0,0.0,0.0,0.0,weak,away_from_side
toronto blue jays,cleveland guardians,2026-09-03 17:10:00+00:00,spread,cleveland guardians,5.0,0.0,0.0,5.0,0.0,0.0,0.0,0.0,0.0,0.0,0.0,0.0,0.0,5.0,0.0,0.0,0.0,0.0,weak,mixed_flat
toronto blue jays,cleveland guardians,2026-09-03 17:10:00+00:00,spread,toronto blue jays,5.0,0.0,0.0,5.0,0.0,0.0,0.0,0.0,0.0,0.0,0.0,0.0,0.0,5.0,0.0,0.0,0.0,0.0,weak,mixed_flat
toronto blue jays,cleveland guardians,2026-09-03 17:10:00+00:00,total,over,13.0,0.0,0.0,13.0,0.0,0.0,0.0,0.0,0.0,0.0,0.0,0.0,0.0,13.0,0.0,0.0,0.0,0.0,weak,mixed_flat
toronto blue jays,cleveland guardians,2026-09-03 17:10:00+00:00,total,under,13.0,0.0,0.0,13.0,0.0,0.0,0.0,0.0,0.0,0.0,0.0,0.0,0.0,13.0,0.0,0.0,0.0,0.0,weak,mixed_flat
