current_gamePk,rank,distance,historical_gamePk,historical_date,historical_away,historical_home,historical_home_score,historical_away_score,historical_total_runs,historical_home_margin
823337,1,0.2347914985486747,823350,2026-07-28 00:00:00+00:00,Arizona Diamondbacks,Pittsburgh Pirates,7.0,8.0,15.0,-1.0
823337,2,0.34371285632212184,825015,2026-04-29 00:00:00+00:00,Kansas City Royals,Athletics,5.0,2.0,7.0,3.0
823337,3,0.3442398027492559,746057,2024-06-08 00:00:00+00:00,Cleveland Guardians,Miami Marlins,0.0,8.0,8.0,-8.0
823337,4,0.3562276785348861,746555,2024-05-12 00:00:00+00:00,Texas Rangers,Colorado Rockies,3.0,1.0,4.0,2.0
823337,5,0.35712836487356053,778966,2025-03-16 00:00:00+00:00,New York Yankees,Tampa Bay Rays,5.0,7.0,12.0,-2.0
823337,6,0.3596842208308962,823351,2026-07-29 00:00:00+00:00,Arizona Diamondbacks,Pittsburgh Pirates,0.0,3.0,3.0,-3.0
823337,7,0.3813489791502479,778781,2025-03-24 00:00:00+00:00,Milwaukee Brewers,Colorado Rockies,2.0,4.0,6.0,-2.0
823337,8,0.40902537631829333,745878,2024-07-23 00:00:00+00:00,Philadelphia Phillies,Minnesota Twins,0.0,3.0,3.0,-3.0
823337,9,0.4165716055595545,779003,2025-03-16 00:00:00+00:00,Arizona Diamondbacks,San Diego Padres,4.0,5.0,9.0,-1.0
823337,10,0.42400659380549577,776257,2025-09-20 00:00:00+00:00,New York Yankees,Baltimore Orioles,1.0,6.0,7.0,-5.0
823337,11,0.42579951839531943,823390,2026-04-28 00:00:00+00:00,St. Louis Cardinals,Pittsburgh Pirates,7.0,11.0,18.0,-4.0
823337,12,0.4290481913932753,746502,2024-09-16 00:00:00+00:00,Arizona Diamondbacks,Colorado Rockies,3.0,2.0,5.0,1.0
823337,13,0.4303958564497251,747803,2024-03-26 00:00:00+00:00,Cleveland Guardians,Arizona Diamondbacks,6.0,1.0,7.0,5.0
823337,14,0.4357716634641077,746676,2024-08-18 00:00:00+00:00,Kansas City Royals,Cincinnati Reds,1.0,8.0,9.0,-7.0
823337,15,0.44164764194732997,746554,2024-05-11 00:00:00+00:00,Texas Rangers,Colorado Rockies,8.0,3.0,11.0,5.0
823337,16,0.4467486072178678,776154,2025-09-27 00:00:00+00:00,Kansas City Royals,Athletics,2.0,4.0,6.0,-2.0
823337,17,0.44819513058115396,745567,2024-06-17 00:00:00+00:00,San Diego Padres,Philadelphia Phillies,9.0,2.0,11.0,7.0
823337,18,0.4498702944297056,777345,2025-06-27 00:00:00+00:00,Toronto Blue Jays,Boston Red Sox,0.0,9.0,9.0,-9.0
823337,19,0.4501457514320696,831735,2026-03-23 00:00:00+00:00,Seattle Mariners,San Diego Padres,10.0,3.0,13.0,7.0
823337,20,0.45089269997957976,823391,2026-04-30 00:00:00+00:00,St. Louis Cardinals,Pittsburgh Pirates,5.0,10.0,15.0,-5.0
823337,21,0.4573869412484984,746014,2024-09-18 00:00:00+00:00,Los Angeles Dodgers,Miami Marlins,4.0,8.0,12.0,-4.0
823337,22,0.4586937874130594,747184,2024-06-26 00:00:00+00:00,Minnesota Twins,Arizona Diamondbacks,3.0,8.0,11.0,-5.0
823337,23,0.4595511236744737,746503,2024-09-17 00:00:00+00:00,Arizona Diamondbacks,Colorado Rockies,8.0,2.0,10.0,6.0
823337,24,0.46587098510216013,831749,2026-03-20 00:00:00+00:00,San Francisco Giants,Texas Rangers,6.0,5.0,11.0,1.0
823337,25,0.4670869249757175,776310,2025-09-16 00:00:00+00:00,Athletics,Boston Red Sox,1.0,2.0,3.0,-1.0
824388,1,0.18324488949016118,776451,2025-09-05 00:00:00+00:00,Cleveland Guardians,Tampa Bay Rays,1.0,7.0,8.0,-6.0
824388,2,0.22512831642854136,776174,2025-09-26 00:00:00+00:00,Baltimore Orioles,New York Yankees,8.0,4.0,12.0,4.0
824388,3,0.22845276590479022,777586,2025-06-08 00:00:00+00:00,San Diego Padres,Milwaukee Brewers,0.0,1.0,1.0,-1.0
824388,4,0.23542951579193955,776458,2025-09-04 00:00:00+00:00,Cleveland Guardians,Tampa Bay Rays,4.0,2.0,6.0,2.0
824388,5,0.24186765405778474,777570,2025-06-10 00:00:00+00:00,Washington Nationals,New York Mets,5.0,4.0,9.0,1.0
824388,6,0.2692408542739332,746006,2024-04-06 00:00:00+00:00,Seattle Mariners,Milwaukee Brewers,3.0,5.0,8.0,-2.0
824388,7,0.2782470227298689,777597,2025-06-07 00:00:00+00:00,San Diego Padres,Milwaukee Brewers,4.0,3.0,7.0,1.0
824388,8,0.2866923573083145,822940,2026-08-16 00:00:00+00:00,Baltimore Orioles,Tampa Bay Rays,2.0,10.0,12.0,-8.0
824388,9,0.3086448430464943,824391,2026-09-01 00:00:00+00:00,Toronto Blue Jays,Cleveland Guardians,6.0,1.0,7.0,5.0
824388,10,0.3087819273815122,777687,2025-06-01 00:00:00+00:00,Cincinnati Reds,Chicago Cubs,7.0,3.0,10.0,4.0
824388,11,0.31307159416813884,824728,2026-08-05 00:00:00+00:00,Chicago White Sox,Boston Red Sox,4.0,0.0,4.0,4.0
824388,12,0.315346525996831,823791,2026-05-13 00:00:00+00:00,San Diego Padres,Milwaukee Brewers,1.0,3.0,4.0,-2.0
824388,13,0.31693546793891936,823317,2026-04-12 00:00:00+00:00,Colorado Rockies,San Diego Padres,7.0,2.0,9.0,5.0
824388,14,0.31711290843343987,824070,2026-09-01 00:00:00+00:00,Miami Marlins,Kansas City Royals,3.0,6.0,9.0,-3.0
824388,15,0.3189438541772336,746007,2024-04-05 00:00:00+00:00,Seattle Mariners,Milwaukee Brewers,6.0,5.0,11.0,1.0
824388,16,0.32552267525643597,746969,2024-05-02 00:00:00+00:00,San Francisco Giants,Boston Red Sox,1.0,3.0,4.0,-2.0
824388,17,0.329893977345627,777555,2025-06-11 00:00:00+00:00,Washington Nationals,New York Mets,5.0,0.0,5.0,5.0
824388,18,0.33663616114701633,747130,2024-04-23 00:00:00+00:00,Miami Marlins,Atlanta Braves,5.0,0.0,5.0,5.0
824388,19,0.34122790484421983,823130,2026-06-03 00:00:00+00:00,New York Mets,Seattle Mariners,1.0,7.0,8.0,-6.0
824388,20,0.34391653390747007,823790,2026-05-12 00:00:00+00:00,San Diego Padres,Milwaukee Brewers,6.0,4.0,10.0,2.0
824388,21,0.3453140547551851,824737,2026-07-17 00:00:00+00:00,Tampa Bay Rays,Boston Red Sox,5.0,3.0,8.0,2.0
824388,22,0.3457173877166749,775322,2024-10-06 00:00:00+00:00,San Diego Padres,Los Angeles Dodgers,2.0,10.0,12.0,-8.0
824388,23,0.34788239000052684,824664,2026-08-06 00:00:00+00:00,Toronto Blue Jays,Chicago Cubs,3.0,2.0,5.0,1.0
824388,24,0.35831295055991896,746966,2024-05-01 00:00:00+00:00,San Francisco Giants,Boston Red Sox,6.0,2.0,8.0,4.0
824388,25,0.3614161417702648,777219,2025-07-06 00:00:00+00:00,St. Louis Cardinals,Chicago Cubs,11.0,0.0,11.0,11.0
824144,1,0.19184606982010577,776732,2025-08-15 00:00:00+00:00,Detroit Tigers,Minnesota Twins,0.0,7.0,7.0,-7.0
824144,2,0.19765178639445008,776995,2025-07-26 00:00:00+00:00,Seattle Mariners,Los Angeles Angels,2.0,7.0,9.0,-5.0
824144,3,0.22824808242402714,745454,2024-09-09 00:00:00+00:00,Miami Marlins,Pittsburgh Pirates,3.0,2.0,5.0,1.0
824144,4,0.24657415388728104,823766,2026-07-17 00:00:00+00:00,Miami Marlins,Milwaukee Brewers,2.0,1.0,3.0,1.0
824144,5,0.24669910312071974,824446,2026-04-27 00:00:00+00:00,Tampa Bay Rays,Cleveland Guardians,2.0,3.0,5.0,-1.0
824144,6,0.25407316844390904,776716,2025-08-16 00:00:00+00:00,Detroit Tigers,Minnesota Twins,5.0,8.0,13.0,-3.0
824144,7,0.26934545541652627,745935,2024-09-17 00:00:00+00:00,Philadelphia Phillies,Milwaukee Brewers,1.0,5.0,6.0,-4.0
824144,8,0.2726427132064514,745503,2024-05-21 00:00:00+00:00,San Francisco Giants,Pittsburgh Pirates,7.0,6.0,13.0,1.0
824144,9,0.2871648612772859,745563,2024-06-18 00:00:00+00:00,San Diego Padres,Philadelphia Phillies,4.0,3.0,7.0,1.0
824144,10,0.2889320115356422,745881,2024-07-22 00:00:00+00:00,Philadelphia Phillies,Minnesota Twins,7.0,2.0,9.0,5.0
824144,11,0.29092564669665816,747000,2024-08-14 00:00:00+00:00,Washington Nationals,Baltimore Orioles,4.0,1.0,5.0,3.0
824144,12,0.292404072514173,745450,2024-09-11 00:00:00+00:00,Miami Marlins,Pittsburgh Pirates,3.0,1.0,4.0,2.0
824144,13,0.29394352961291786,823176,2026-08-29 00:00:00+00:00,Arizona Diamondbacks,San Francisco Giants,7.0,2.0,9.0,5.0
824144,14,0.2996441571630328,776344,2025-09-13 00:00:00+00:00,New York Yankees,Boston Red Sox,3.0,5.0,8.0,-2.0
824144,15,0.3003358981465424,776497,2025-09-01 00:00:00+00:00,Athletics,St. Louis Cardinals,3.0,11.0,14.0,-8.0
824144,16,0.30069183199646377,778431,2025-08-09 00:00:00+00:00,Miami Marlins,Atlanta Braves,7.0,1.0,8.0,6.0
824144,17,0.3024456649640547,824773,2026-04-21 00:00:00+00:00,New York Yankees,Boston Red Sox,0.0,4.0,4.0,-4.0
824144,18,0.30346735477478465,824148,2026-09-01 00:00:00+00:00,Chicago White Sox,Houston Astros,1.0,5.0,6.0,-4.0
824144,19,0.3044872962345522,745939,2024-09-16 00:00:00+00:00,Philadelphia Phillies,Milwaukee Brewers,6.0,2.0,8.0,4.0
824144,20,0.30875360679920855,747004,2024-08-13 00:00:00+00:00,Washington Nationals,Baltimore Orioles,3.0,9.0,12.0,-6.0
824144,21,0.3105954330934382,776425,2025-09-07 00:00:00+00:00,Chicago White Sox,Detroit Tigers,4.0,6.0,10.0,-2.0
824144,22,0.31291715823780525,824100,2026-06-13 00:00:00+00:00,Houston Astros,Kansas City Royals,7.0,8.0,15.0,-1.0
824144,23,0.3153625612889997,744833,2024-07-08 00:00:00+00:00,St. Louis Cardinals,Washington Nationals,0.0,6.0,6.0,-6.0
824144,24,0.31549126638038455,745545,2024-08-15 00:00:00+00:00,Washington Nationals,Philadelphia Phillies,13.0,3.0,16.0,10.0
824144,25,0.3156980260133126,746465,2024-06-13 00:00:00+00:00,Washington Nationals,Detroit Tigers,7.0,2.0,9.0,5.0
824796,1,0.23553775751730716,746133,2024-07-02 00:00:00+00:00,Arizona Diamondbacks,Los Angeles Dodgers,6.0,5.0,11.0,1.0
824796,2,0.2707572511831124,746478,2024-05-01 00:00:00+00:00,St. Louis Cardinals,Detroit Tigers,4.0,1.0,5.0,3.0
824796,3,0.2762441137770675,746128,2024-07-03 00:00:00+00:00,Arizona Diamondbacks,Los Angeles Dodgers,4.0,12.0,16.0,-8.0
824796,4,0.2800783277060854,746689,2024-07-10 00:00:00+00:00,Colorado Rockies,Cincinnati Reds,5.0,6.0,11.0,-1.0
824796,5,0.2825030778261087,777392,2025-06-23 00:00:00+00:00,Chicago Cubs,St. Louis Cardinals,8.0,2.0,10.0,6.0
824796,6,0.29619862955970416,746105,2024-08-27 00:00:00+00:00,Baltimore Orioles,Los Angeles Dodgers,2.0,3.0,5.0,-1.0
824796,7,0.3058957705425385,777373,2025-06-24 00:00:00+00:00,Chicago Cubs,St. Louis Cardinals,8.0,7.0,15.0,1.0
824796,8,0.31167145161710674,747036,2024-05-18 00:00:00+00:00,Seattle Mariners,Baltimore Orioles,3.0,4.0,7.0,-1.0
824796,9,0.312862913629875,824406,2026-07-23 00:00:00+00:00,Minnesota Twins,Cleveland Guardians,1.0,3.0,4.0,-2.0
824796,10,0.3220290459359228,746145,2024-05-21 00:00:00+00:00,Arizona Diamondbacks,Los Angeles Dodgers,3.0,7.0,10.0,-4.0
824796,11,0.3221749377607493,825080,2026-05-23 00:00:00+00:00,Colorado Rockies,Arizona Diamondbacks,5.0,4.0,9.0,1.0
824796,12,0.32423446355984586,776415,2025-09-07 00:00:00+00:00,Boston Red Sox,Arizona Diamondbacks,4.0,7.0,11.0,-3.0
824796,13,0.3260799305069534,747035,2024-05-19 00:00:00+00:00,Seattle Mariners,Baltimore Orioles,6.0,3.0,9.0,3.0
824796,14,0.33208221490780937,822982,2026-05-17 00:00:00+00:00,Miami Marlins,Tampa Bay Rays,6.0,3.0,9.0,3.0
824796,15,0.33209086901461876,776692,2025-08-18 00:00:00+00:00,Houston Astros,Detroit Tigers,10.0,0.0,10.0,10.0
824796,16,0.3333253603468245,777665,2025-06-03 00:00:00+00:00,Philadelphia Phillies,Toronto Blue Jays,3.0,8.0,11.0,-5.0
824796,17,0.3339447397962451,824408,2026-07-22 00:00:00+00:00,Minnesota Twins,Cleveland Guardians,6.0,10.0,16.0,-4.0
824796,18,0.3397478115821709,824665,2026-06-20 00:00:00+00:00,Toronto Blue Jays,Chicago Cubs,6.0,8.0,14.0,-2.0
824796,19,0.3399556350110606,746707,2024-06-06 00:00:00+00:00,Chicago Cubs,Cincinnati Reds,8.0,4.0,12.0,4.0
824796,20,0.34055948602149466,778225,2025-04-21 00:00:00+00:00,Philadelphia Phillies,New York Mets,5.0,4.0,9.0,1.0
824796,21,0.34069180367601365,746673,2024-08-13 00:00:00+00:00,St. Louis Cardinals,Cincinnati Reds,4.0,1.0,5.0,3.0
824796,22,0.3516096641566213,777193,2025-07-08 00:00:00+00:00,Los Angeles Dodgers,Milwaukee Brewers,3.0,1.0,4.0,2.0
824796,23,0.3521821880097234,777637,2025-06-05 00:00:00+00:00,Philadelphia Phillies,Toronto Blue Jays,9.0,1.0,10.0,8.0
824796,24,0.3544718265153781,824742,2026-06-30 00:00:00+00:00,Washington Nationals,Boston Red Sox,1.0,8.0,9.0,-7.0
824796,25,0.35518906270366585,746003,2024-04-07 00:00:00+00:00,Seattle Mariners,Milwaukee Brewers,12.0,4.0,16.0,8.0
824632,1,0.25408774608361256,824633,2026-09-01 00:00:00+00:00,Milwaukee Brewers,Chicago Cubs,4.0,9.0,13.0,-5.0
824632,2,0.4975486692726901,823778,2026-06-12 00:00:00+00:00,Philadelphia Phillies,Milwaukee Brewers,6.0,0.0,6.0,6.0
824632,3,0.5548426699301633,746004,2024-04-16 00:00:00+00:00,San Diego Padres,Milwaukee Brewers,3.0,6.0,9.0,-3.0
824632,4,0.5663764465475488,746002,2024-04-15 00:00:00+00:00,San Diego Padres,Milwaukee Brewers,3.0,7.0,10.0,-4.0
824632,5,0.5719670204166568,746092,2024-09-22 00:00:00+00:00,Colorado Rockies,Los Angeles Dodgers,6.0,5.0,11.0,1.0
824632,6,0.606165773144476,813038,2025-10-19 00:00:00+00:00,Seattle Mariners,Toronto Blue Jays,6.0,2.0,8.0,4.0
824632,7,0.610971581664879,776972,2025-07-28 00:00:00+00:00,Philadelphia Phillies,Chicago White Sox,6.0,2.0,8.0,4.0
824632,8,0.6137596214705466,777884,2025-05-17 00:00:00+00:00,Los Angeles Angels,Los Angeles Dodgers,9.0,11.0,20.0,-2.0
824632,9,0.615833981573509,777866,2025-05-18 00:00:00+00:00,Los Angeles Angels,Los Angeles Dodgers,4.0,6.0,10.0,-2.0
824632,10,0.6172307670043686,746005,2024-04-17 00:00:00+00:00,San Diego Padres,Milwaukee Brewers,1.0,0.0,1.0,1.0
824632,11,0.6272246973828268,776394,2025-09-09 00:00:00+00:00,Arizona Diamondbacks,San Francisco Giants,5.0,3.0,8.0,2.0
824632,12,0.6362401883586652,823776,2026-06-13 00:00:00+00:00,Philadelphia Phillies,Milwaukee Brewers,8.0,9.0,17.0,-1.0
824632,13,0.6700066061818181,776989,2025-07-27 00:00:00+00:00,Chicago Cubs,Chicago White Sox,4.0,5.0,9.0,-1.0
824632,14,0.6711028146871736,823777,2026-06-14 00:00:00+00:00,Philadelphia Phillies,Milwaukee Brewers,4.0,0.0,4.0,4.0
824632,15,0.6711448655656702,778541,2025-03-28 00:00:00+00:00,Athletics,Seattle Mariners,0.0,7.0,7.0,-7.0
824632,16,0.6831898805503642,778484,2025-04-02 00:00:00+00:00,Arizona Diamondbacks,New York Yankees,3.0,4.0,7.0,-1.0
824632,17,0.6886312754733707,778466,2025-04-03 00:00:00+00:00,Arizona Diamondbacks,New York Yankees,9.0,7.0,16.0,2.0
824632,18,0.7087659021873837,776585,2025-08-26 00:00:00+00:00,Philadelphia Phillies,New York Mets,6.0,5.0,11.0,1.0
824632,19,0.7100459473935868,778547,2025-03-27 00:00:00+00:00,Athletics,Seattle Mariners,4.0,2.0,6.0,2.0
824632,20,0.73402007402205,745957,2024-08-09 00:00:00+00:00,Cincinnati Reds,Milwaukee Brewers,8.0,3.0,11.0,5.0
824632,21,0.7345569621095384,824699,2026-03-31 00:00:00+00:00,Los Angeles Angels,Chicago Cubs,0.0,2.0,2.0,-2.0
824632,22,0.7537998619908768,776952,2025-07-29 00:00:00+00:00,Philadelphia Phillies,Chicago White Sox,3.0,6.0,9.0,-3.0
824632,23,0.7591251654993352,745955,2024-08-10 00:00:00+00:00,Cincinnati Reds,Milwaukee Brewers,1.0,0.0,1.0,1.0
824632,24,0.7652191850957686,824635,2026-08-31 00:00:00+00:00,Milwaukee Brewers,Chicago Cubs,17.0,3.0,20.0,14.0
824632,25,0.7681071248364493,746094,2024-09-20 00:00:00+00:00,Colorado Rockies,Los Angeles Dodgers,6.0,4.0,10.0,2.0
824069,1,0.22569393391731588,746109,2024-08-19 00:00:00+00:00,Seattle Mariners,Los Angeles Dodgers,3.0,0.0,3.0,3.0
824069,2,0.23013483013884448,777161,2025-07-11 00:00:00+00:00,Seattle Mariners,Detroit Tigers,3.0,12.0,15.0,-9.0
824069,3,0.23400040401732114,746103,2024-08-28 00:00:00+00:00,Baltimore Orioles,Los Angeles Dodgers,6.0,4.0,10.0,2.0
824069,4,0.2408505702533847,746102,2024-08-29 00:00:00+00:00,Baltimore Orioles,Los Angeles Dodgers,6.0,3.0,9.0,3.0
824069,5,0.24575482520091665,823684,2026-07-08 00:00:00+00:00,Cleveland Guardians,Minnesota Twins,6.0,5.0,11.0,1.0
824069,6,0.25161961987989817,745948,2024-08-18 00:00:00+00:00,Cleveland Guardians,Milwaukee Brewers,2.0,0.0,2.0,2.0
824069,7,0.25562025360522855,823044,2026-06-17 00:00:00+00:00,San Diego Padres,St. Louis Cardinals,1.0,6.0,7.0,-5.0
824069,8,0.2611519150687484,746446,2024-07-27 00:00:00+00:00,Minnesota Twins,Detroit Tigers,7.0,2.0,9.0,5.0
824069,9,0.27137792693128165,745952,2024-08-17 00:00:00+00:00,Cleveland Guardians,Milwaukee Brewers,2.0,1.0,3.0,1.0
824069,10,0.27389815728996314,824120,2026-05-04 00:00:00+00:00,Cleveland Guardians,Kansas City Royals,6.0,2.0,8.0,4.0
824069,11,0.27968339794457037,824117,2026-05-07 00:00:00+00:00,Cleveland Guardians,Kansas City Royals,5.0,8.0,13.0,-3.0
824069,12,0.28156135983838604,824070,2026-09-01 00:00:00+00:00,Miami Marlins,Kansas City Royals,3.0,6.0,9.0,-3.0
824069,13,0.2898548635027445,745691,2024-09-26 00:00:00+00:00,Baltimore Orioles,New York Yankees,10.0,1.0,11.0,9.0
824069,14,0.29269141661024245,746268,2024-08-23 00:00:00+00:00,Philadelphia Phillies,Kansas City Royals,7.0,4.0,11.0,3.0
824069,15,0.2929727408731702,746271,2024-08-24 00:00:00+00:00,Philadelphia Phillies,Kansas City Royals,2.0,11.0,13.0,-9.0
824069,16,0.3008600466285126,746424,2024-08-31 00:00:00+00:00,Boston Red Sox,Detroit Tigers,2.0,1.0,3.0,1.0
824069,17,0.3014748596250407,776594,2025-08-25 00:00:00+00:00,Cincinnati Reds,Los Angeles Dodgers,7.0,0.0,7.0,7.0
824069,18,0.3053854208232741,746986,2024-09-07 00:00:00+00:00,Tampa Bay Rays,Baltimore Orioles,1.0,7.0,8.0,-6.0
824069,19,0.30596722853850467,824072,2026-08-21 00:00:00+00:00,Detroit Tigers,Kansas City Royals,5.0,2.0,7.0,3.0
824069,20,0.3064809710045938,778145,2025-04-27 00:00:00+00:00,Pittsburgh Pirates,Los Angeles Dodgers,9.0,2.0,11.0,7.0
824069,21,0.3077209000842128,776832,2025-08-08 00:00:00+00:00,Los Angeles Angels,Detroit Tigers,6.0,5.0,11.0,1.0
824069,22,0.30869627748864836,823683,2026-07-09 00:00:00+00:00,Cleveland Guardians,Minnesota Twins,2.0,5.0,7.0,-3.0
824069,23,0.3098303874568373,823078,2026-04-01 00:00:00+00:00,New York Mets,St. Louis Cardinals,2.0,1.0,3.0,1.0
824069,24,0.31142769260719927,745946,2024-08-27 00:00:00+00:00,San Francisco Giants,Milwaukee Brewers,4.0,5.0,9.0,-1.0
824069,25,0.31393578907923264,745699,2024-08-31 00:00:00+00:00,St. Louis Cardinals,New York Yankees,5.0,6.0,11.0,-1.0
822853,1,0.13772809996254826,823866,2026-05-20 00:00:00+00:00,Atlanta Braves,Miami Marlins,1.0,9.0,10.0,-8.0
822853,2,0.16843357444784218,823157,2026-04-01 00:00:00+00:00,New York Yankees,Seattle Mariners,3.0,5.0,8.0,-2.0
822853,3,0.28418485790777787,824596,2026-05-27 00:00:00+00:00,Minnesota Twins,Chicago White Sox,15.0,2.0,17.0,13.0
822853,4,0.2946244775872071,823865,2026-05-19 00:00:00+00:00,Atlanta Braves,Miami Marlins,4.0,8.0,12.0,-4.0
822853,5,0.2958741569131522,746944,2024-06-13 00:00:00+00:00,Philadelphia Phillies,Boston Red Sox,9.0,3.0,12.0,6.0
822853,6,0.29753047766274404,777948,2025-05-12 00:00:00+00:00,Kansas City Royals,Houston Astros,5.0,7.0,12.0,-2.0
822853,7,0.3034777722995052,824598,2026-05-25 00:00:00+00:00,Minnesota Twins,Chicago White Sox,3.0,1.0,4.0,2.0
822853,8,0.3297088267750357,777931,2025-05-13 00:00:00+00:00,Kansas City Royals,Houston Astros,2.0,1.0,3.0,1.0
822853,9,0.3340319256549478,823158,2026-03-31 00:00:00+00:00,New York Yankees,Seattle Mariners,0.0,5.0,5.0,-5.0
822853,10,0.3472171600302647,823920,2026-08-01 00:00:00+00:00,Boston Red Sox,Los Angeles Dodgers,2.0,3.0,5.0,-1.0
822853,11,0.3487971230295699,745175,2024-07-13 00:00:00+00:00,Chicago Cubs,St. Louis Cardinals,5.0,4.0,9.0,1.0
822853,12,0.3489956482961933,745153,2024-07-12 00:00:00+00:00,Chicago Cubs,St. Louis Cardinals,1.0,5.0,6.0,-4.0
822853,13,0.3503358437579221,778339,2025-04-13 00:00:00+00:00,San Francisco Giants,New York Yankees,4.0,5.0,9.0,-1.0
822853,14,0.35531016162154844,823706,2026-05-16 00:00:00+00:00,Milwaukee Brewers,Minnesota Twins,1.0,2.0,3.0,-1.0
822853,15,0.35533223093486277,778370,2025-04-11 00:00:00+00:00,San Francisco Giants,New York Yankees,1.0,9.0,10.0,-8.0
822853,16,0.35782400249022794,824559,2026-08-21 00:00:00+00:00,New York Mets,Chicago White Sox,6.0,4.0,10.0,2.0
822853,17,0.36199789866408943,745014,2024-05-14 00:00:00+00:00,Cleveland Guardians,Texas Rangers,4.0,7.0,11.0,-3.0
822853,18,0.3627250036313668,825105,2026-04-02 00:00:00+00:00,Atlanta Braves,Arizona Diamondbacks,2.0,17.0,19.0,-15.0
822853,19,0.3627802802459319,823842,2026-07-12 00:00:00+00:00,Cleveland Guardians,Miami Marlins,2.0,5.0,7.0,-3.0
822853,20,0.37359344551898144,745332,2024-06-01 00:00:00+00:00,New York Yankees,San Francisco Giants,3.0,7.0,10.0,-4.0
822853,21,0.3753144269843313,777920,2025-05-14 00:00:00+00:00,Kansas City Royals,Houston Astros,4.0,3.0,7.0,1.0
822853,22,0.3772444055421239,823885,2026-04-08 00:00:00+00:00,Cincinnati Reds,Miami Marlins,7.0,4.0,11.0,3.0
822853,23,0.3777822502503872,823707,2026-05-15 00:00:00+00:00,Milwaukee Brewers,Minnesota Twins,2.0,3.0,5.0,-1.0
822853,24,0.3803331602451691,777425,2025-06-20 00:00:00+00:00,Boston Red Sox,San Francisco Giants,5.0,7.0,12.0,-2.0
822853,25,0.3861299775486264,823864,2026-05-21 00:00:00+00:00,Atlanta Braves,Miami Marlins,3.0,9.0,12.0,-6.0
823095,1,0.264588009015055,745803,2024-07-09 00:00:00+00:00,Washington Nationals,New York Mets,7.0,5.0,12.0,2.0
823095,2,0.31519517775778055,823100,2026-08-22 00:00:00+00:00,Chicago Cubs,Seattle Mariners,5.0,4.0,9.0,1.0
823095,3,0.3177657330241909,776571,2025-08-27 00:00:00+00:00,Colorado Rockies,Houston Astros,4.0,0.0,4.0,4.0
823095,4,0.3402330256904997,776587,2025-08-26 00:00:00+00:00,Colorado Rockies,Houston Astros,1.0,6.0,7.0,-5.0
823095,5,0.3893932705216567,776970,2025-07-28 00:00:00+00:00,Tampa Bay Rays,New York Yankees,2.0,4.0,6.0,-2.0
823095,6,0.3907291852596876,776949,2025-07-29 00:00:00+00:00,Tampa Bay Rays,New York Yankees,7.0,5.0,12.0,2.0
823095,7,0.4001412156520201,776633,2025-08-22 00:00:00+00:00,St. Louis Cardinals,Tampa Bay Rays,10.0,6.0,16.0,4.0
823095,8,0.4100820201230699,776631,2025-08-21 00:00:00+00:00,St. Louis Cardinals,Tampa Bay Rays,4.0,7.0,11.0,-3.0
823095,9,0.412120922920473,744805,2024-09-12 00:00:00+00:00,Miami Marlins,Washington Nationals,3.0,6.0,9.0,-3.0
823095,10,0.43175872516000735,744800,2024-09-13 00:00:00+00:00,Miami Marlins,Washington Nationals,4.0,1.0,5.0,3.0
823095,11,0.439079295867174,822971,2026-06-02 00:00:00+00:00,Detroit Tigers,Tampa Bay Rays,0.0,8.0,8.0,-8.0
823095,12,0.44108484541829035,745796,2024-07-10 00:00:00+00:00,Washington Nationals,New York Mets,6.0,2.0,8.0,4.0
823095,13,0.44195414122135707,823099,2026-08-23 00:00:00+00:00,Chicago Cubs,Seattle Mariners,2.0,19.0,21.0,-17.0
823095,14,0.4529511670699097,778888,2025-03-16 00:00:00+00:00,Houston Astros,New York Mets,0.0,5.0,5.0,-5.0
823095,15,0.45741226518933287,777511,2025-06-14 00:00:00+00:00,Athletics,Kansas City Royals,0.0,4.0,4.0,-4.0
823095,16,0.45842415665930364,823277,2026-07-09 00:00:00+00:00,Arizona Diamondbacks,San Diego Padres,1.0,3.0,4.0,-2.0
823095,17,0.460786091487237,745046,2024-09-02 00:00:00+00:00,Minnesota Twins,Tampa Bay Rays,4.0,5.0,9.0,-1.0
823095,18,0.46398403000256133,776456,2025-09-05 00:00:00+00:00,Philadelphia Phillies,Miami Marlins,3.0,9.0,12.0,-6.0
823095,19,0.4666074864330626,745357,2024-04-09 00:00:00+00:00,Washington Nationals,San Francisco Giants,3.0,5.0,8.0,-2.0
823095,20,0.4686625478388467,825091,2026-05-06 00:00:00+00:00,Pittsburgh Pirates,Arizona Diamondbacks,0.0,1.0,1.0,-1.0
823095,21,0.4737902372042282,823606,2026-07-09 00:00:00+00:00,Kansas City Royals,New York Mets,7.0,3.0,10.0,4.0
823095,22,0.47546882968569426,824538,2026-03-29 00:00:00+00:00,Boston Red Sox,Cincinnati Reds,3.0,2.0,5.0,1.0
823095,23,0.48312590537785677,777118,2025-07-13 00:00:00+00:00,Atlanta Braves,St. Louis Cardinals,5.0,4.0,9.0,1.0
823095,24,0.4854769098502583,824619,2026-04-06 00:00:00+00:00,Baltimore Orioles,Chicago White Sox,1.0,2.0,3.0,-1.0
823095,25,0.4862382806837007,745077,2024-06-11 00:00:00+00:00,Chicago Cubs,Tampa Bay Rays,5.0,2.0,7.0,3.0
823907,1,0.28310905863306857,777532,2025-06-12 00:00:00+00:00,St. Louis Cardinals,Milwaukee Brewers,6.0,0.0,6.0,6.0
823907,2,0.3106818580300396,823908,2026-09-01 00:00:00+00:00,St. Louis Cardinals,Los Angeles Dodgers,3.0,7.0,10.0,-4.0
823907,3,0.3134014727986258,744865,2024-04-20 00:00:00+00:00,Houston Astros,Washington Nationals,5.0,4.0,9.0,1.0
823907,4,0.3301072095833887,777942,2025-05-13 00:00:00+00:00,Washington Nationals,Atlanta Braves,5.0,2.0,7.0,3.0
823907,5,0.3309291711314411,777525,2025-06-13 00:00:00+00:00,St. Louis Cardinals,Milwaukee Brewers,3.0,2.0,5.0,1.0
823907,6,0.34282341710287656,777959,2025-05-12 00:00:00+00:00,Washington Nationals,Atlanta Braves,4.0,3.0,7.0,1.0
823907,7,0.3509514137056731,745296,2024-08-31 00:00:00+00:00,Miami Marlins,San Francisco Giants,3.0,4.0,7.0,-1.0
823907,8,0.35270296554516894,744872,2024-04-19 00:00:00+00:00,Houston Astros,Washington Nationals,3.0,5.0,8.0,-2.0
823907,9,0.3699957821629133,824877,2026-08-28 00:00:00+00:00,Colorado Rockies,Atlanta Braves,6.0,4.0,10.0,2.0
823907,10,0.37216301406081026,824874,2026-08-29 00:00:00+00:00,Colorado Rockies,Atlanta Braves,2.0,1.0,3.0,1.0
823907,11,0.38903949259444714,777149,2025-07-11 00:00:00+00:00,Washington Nationals,Milwaukee Brewers,8.0,3.0,11.0,5.0
823907,12,0.3900245164113829,776434,2025-09-06 00:00:00+00:00,Minnesota Twins,Kansas City Royals,11.0,2.0,13.0,9.0
823907,13,0.3946045413198231,744866,2024-04-21 00:00:00+00:00,Houston Astros,Washington Nationals,6.0,0.0,6.0,6.0
823907,14,0.39645758057957986,745457,2024-08-24 00:00:00+00:00,Cincinnati Reds,Pittsburgh Pirates,2.0,10.0,12.0,-8.0
823907,15,0.39714624297308077,744854,2024-06-03 00:00:00+00:00,New York Mets,Washington Nationals,7.0,8.0,15.0,-1.0
823907,16,0.4042645021982435,823209,2026-06-25 00:00:00+00:00,Athletics,San Francisco Giants,6.0,9.0,15.0,-3.0
823907,17,0.411970576989081,777602,2025-06-08 00:00:00+00:00,Arizona Diamondbacks,Cincinnati Reds,4.0,2.0,6.0,2.0
823907,18,0.4216531776104021,777909,2025-05-15 00:00:00+00:00,Washington Nationals,Atlanta Braves,5.0,2.0,7.0,3.0
823907,19,0.4237763747162892,746881,2024-05-16 00:00:00+00:00,Pittsburgh Pirates,Chicago Cubs,4.0,5.0,9.0,-1.0
823907,20,0.4256674614616149,778180,2025-04-26 00:00:00+00:00,Baltimore Orioles,Detroit Tigers,6.0,2.0,8.0,4.0
823907,21,0.43538455732944786,777929,2025-05-14 00:00:00+00:00,Washington Nationals,Atlanta Braves,4.0,5.0,9.0,-1.0
823907,22,0.4364873210903028,823506,2026-08-26 00:00:00+00:00,Houston Astros,New York Yankees,9.0,3.0,12.0,6.0
823907,23,0.43678338025837204,745299,2024-08-30 00:00:00+00:00,Miami Marlins,San Francisco Giants,3.0,1.0,4.0,2.0
823907,24,0.4402565178420132,776928,2025-07-31 00:00:00+00:00,Atlanta Braves,Cincinnati Reds,11.0,12.0,23.0,-1.0
823907,25,0.45207464422677845,745174,2024-06-06 00:00:00+00:00,Colorado Rockies,St. Louis Cardinals,2.0,3.0,5.0,-1.0
824424,1,0.3456140817480504,824734,2026-07-25 00:00:00+00:00,Toronto Blue Jays,Boston Red Sox,0.0,6.0,6.0,-6.0
824424,2,0.3664930744608325,746655,2024-04-10 00:00:00+00:00,Chicago White Sox,Cleveland Guardians,7.0,6.0,13.0,1.0
824424,3,0.3830869567440579,822958,2026-07-06 00:00:00+00:00,New York Yankees,Tampa Bay Rays,1.0,5.0,6.0,-4.0
824424,4,0.393916691387774,746430,2024-08-28 00:00:00+00:00,Los Angeles Angels,Detroit Tigers,3.0,2.0,5.0,1.0
824424,5,0.39416526423172105,746654,2024-04-08 00:00:00+00:00,Chicago White Sox,Cleveland Guardians,4.0,0.0,4.0,4.0
824424,6,0.3993808721509831,777423,2025-06-21 00:00:00+00:00,New York Mets,Philadelphia Phillies,4.0,11.0,15.0,-7.0
824424,7,0.40410275234656146,745573,2024-05-23 00:00:00+00:00,Texas Rangers,Philadelphia Phillies,5.0,2.0,7.0,3.0
824424,8,0.4086836369188442,824944,2026-03-29 00:00:00+00:00,Kansas City Royals,Atlanta Braves,1.0,4.0,5.0,-3.0
824424,9,0.42296893329588303,745578,2024-05-21 00:00:00+00:00,Texas Rangers,Philadelphia Phillies,5.0,2.0,7.0,3.0
824424,10,0.4271746952100769,777468,2025-06-17 00:00:00+00:00,Kansas City Royals,Texas Rangers,1.0,6.0,7.0,-5.0
824424,11,0.4293131309409711,745576,2024-05-22 00:00:00+00:00,Texas Rangers,Philadelphia Phillies,11.0,4.0,15.0,7.0
824424,12,0.4346256631320121,776899,2025-08-02 00:00:00+00:00,Arizona Diamondbacks,Athletics,2.0,7.0,9.0,-5.0
824424,13,0.4512523647121719,745588,2024-04-21 00:00:00+00:00,Chicago White Sox,Philadelphia Phillies,8.0,2.0,10.0,6.0
824424,14,0.45296670825797636,824733,2026-07-24 00:00:00+00:00,Toronto Blue Jays,Boston Red Sox,6.0,4.0,10.0,2.0
824424,15,0.4546157156864172,776881,2025-08-03 00:00:00+00:00,Arizona Diamondbacks,Athletics,4.0,6.0,10.0,-2.0
824424,16,0.4556211035916065,746498,2024-04-06 00:00:00+00:00,Oakland Athletics,Detroit Tigers,0.0,4.0,4.0,-4.0
824424,17,0.46546021016450106,745980,2024-06-01 00:00:00+00:00,Chicago White Sox,Milwaukee Brewers,4.0,3.0,7.0,1.0
824424,18,0.4914339795180538,745692,2024-09-27 00:00:00+00:00,Pittsburgh Pirates,New York Yankees,2.0,4.0,6.0,-2.0
824424,19,0.5009726639259572,746497,2024-04-05 00:00:00+00:00,Oakland Athletics,Detroit Tigers,5.0,4.0,9.0,1.0
824424,20,0.5036653839899992,776642,2025-08-21 00:00:00+00:00,San Francisco Giants,San Diego Padres,8.0,4.0,12.0,4.0
824424,21,0.5060565461021169,822956,2026-07-07 00:00:00+00:00,New York Yankees,Tampa Bay Rays,6.0,4.0,10.0,2.0
824424,22,0.5120317607566284,776875,2025-08-04 00:00:00+00:00,Houston Astros,Miami Marlins,2.0,8.0,10.0,-6.0
824424,23,0.5259601641281989,776204,2025-09-24 00:00:00+00:00,Detroit Tigers,Cleveland Guardians,5.0,1.0,6.0,4.0
824424,24,0.5259958812510753,776710,2025-08-17 00:00:00+00:00,Texas Rangers,Toronto Blue Jays,4.0,10.0,14.0,-6.0
824424,25,0.5263071001491593,776189,2025-09-25 00:00:00+00:00,Detroit Tigers,Cleveland Guardians,2.0,4.0,6.0,-2.0
824387,1,0.3456140817480504,824734,2026-07-25 00:00:00+00:00,Toronto Blue Jays,Boston Red Sox,0.0,6.0,6.0,-6.0
824387,2,0.3664930744608325,746655,2024-04-10 00:00:00+00:00,Chicago White Sox,Cleveland Guardians,7.0,6.0,13.0,1.0
824387,3,0.3830869567440579,822958,2026-07-06 00:00:00+00:00,New York Yankees,Tampa Bay Rays,1.0,5.0,6.0,-4.0
824387,4,0.393916691387774,746430,2024-08-28 00:00:00+00:00,Los Angeles Angels,Detroit Tigers,3.0,2.0,5.0,1.0
824387,5,0.39416526423172105,746654,2024-04-08 00:00:00+00:00,Chicago White Sox,Cleveland Guardians,4.0,0.0,4.0,4.0
824387,6,0.3993808721509831,777423,2025-06-21 00:00:00+00:00,New York Mets,Philadelphia Phillies,4.0,11.0,15.0,-7.0
824387,7,0.40410275234656146,745573,2024-05-23 00:00:00+00:00,Texas Rangers,Philadelphia Phillies,5.0,2.0,7.0,3.0
824387,8,0.4086836369188442,824944,2026-03-29 00:00:00+00:00,Kansas City Royals,Atlanta Braves,1.0,4.0,5.0,-3.0
824387,9,0.42296893329588303,745578,2024-05-21 00:00:00+00:00,Texas Rangers,Philadelphia Phillies,5.0,2.0,7.0,3.0
824387,10,0.4271746952100769,777468,2025-06-17 00:00:00+00:00,Kansas City Royals,Texas Rangers,1.0,6.0,7.0,-5.0
824387,11,0.4293131309409711,745576,2024-05-22 00:00:00+00:00,Texas Rangers,Philadelphia Phillies,11.0,4.0,15.0,7.0
824387,12,0.4346256631320121,776899,2025-08-02 00:00:00+00:00,Arizona Diamondbacks,Athletics,2.0,7.0,9.0,-5.0
824387,13,0.4512523647121719,745588,2024-04-21 00:00:00+00:00,Chicago White Sox,Philadelphia Phillies,8.0,2.0,10.0,6.0
824387,14,0.45296670825797636,824733,2026-07-24 00:00:00+00:00,Toronto Blue Jays,Boston Red Sox,6.0,4.0,10.0,2.0
824387,15,0.4546157156864172,776881,2025-08-03 00:00:00+00:00,Arizona Diamondbacks,Athletics,4.0,6.0,10.0,-2.0
824387,16,0.4556211035916065,746498,2024-04-06 00:00:00+00:00,Oakland Athletics,Detroit Tigers,0.0,4.0,4.0,-4.0
824387,17,0.46546021016450106,745980,2024-06-01 00:00:00+00:00,Chicago White Sox,Milwaukee Brewers,4.0,3.0,7.0,1.0
824387,18,0.4914339795180538,745692,2024-09-27 00:00:00+00:00,Pittsburgh Pirates,New York Yankees,2.0,4.0,6.0,-2.0
824387,19,0.5009726639259572,746497,2024-04-05 00:00:00+00:00,Oakland Athletics,Detroit Tigers,5.0,4.0,9.0,1.0
824387,20,0.5036653839899992,776642,2025-08-21 00:00:00+00:00,San Francisco Giants,San Diego Padres,8.0,4.0,12.0,4.0
824387,21,0.5060565461021169,822956,2026-07-07 00:00:00+00:00,New York Yankees,Tampa Bay Rays,6.0,4.0,10.0,2.0
824387,22,0.5120317607566284,776875,2025-08-04 00:00:00+00:00,Houston Astros,Miami Marlins,2.0,8.0,10.0,-6.0
824387,23,0.5259601641281989,776204,2025-09-24 00:00:00+00:00,Detroit Tigers,Cleveland Guardians,5.0,1.0,6.0,4.0
824387,24,0.5259958812510753,776710,2025-08-17 00:00:00+00:00,Texas Rangers,Toronto Blue Jays,4.0,10.0,14.0,-6.0
824387,25,0.5263071001491593,776189,2025-09-25 00:00:00+00:00,Detroit Tigers,Cleveland Guardians,2.0,4.0,6.0,-2.0
824471,1,0.12058056087990682,776893,2025-08-03 00:00:00+00:00,Kansas City Royals,Toronto Blue Jays,4.0,7.0,11.0,-3.0
824471,2,0.22985440538781454,824836,2026-05-27 00:00:00+00:00,Tampa Bay Rays,Baltimore Orioles,11.0,2.0,13.0,9.0
824471,3,0.23975447602018068,824318,2026-08-19 00:00:00+00:00,Los Angeles Dodgers,Colorado Rockies,4.0,6.0,10.0,-2.0
824471,4,0.27885690944362496,746404,2024-04-14 00:00:00+00:00,Texas Rangers,Houston Astros,8.0,5.0,13.0,3.0
824471,5,0.29439991104037905,823700,2026-06-02 00:00:00+00:00,Chicago White Sox,Minnesota Twins,6.0,4.0,10.0,2.0
824471,6,0.298251180950611,822750,2026-04-19 00:00:00+00:00,San Francisco Giants,Washington Nationals,3.0,0.0,3.0,3.0
824471,7,0.3016441379118539,823308,2026-05-02 00:00:00+00:00,Chicago White Sox,San Diego Padres,0.0,4.0,4.0,-4.0
824471,8,0.31379509712524967,746664,2024-09-05 00:00:00+00:00,Houston Astros,Cincinnati Reds,1.0,0.0,1.0,1.0
824471,9,0.31435355373412527,746017,2024-09-08 00:00:00+00:00,Philadelphia Phillies,Miami Marlins,10.0,1.0,11.0,9.0
824471,10,0.34500785784407234,823862,2026-05-23 00:00:00+00:00,New York Mets,Miami Marlins,4.0,1.0,5.0,3.0
824471,11,0.34825251932617174,822748,2026-04-22 00:00:00+00:00,Atlanta Braves,Washington Nationals,6.0,8.0,14.0,-2.0
824471,12,0.35279144121270284,823071,2026-04-15 00:00:00+00:00,Cleveland Guardians,St. Louis Cardinals,5.0,3.0,8.0,2.0
824471,13,0.3540018857165561,745181,2024-05-20 00:00:00+00:00,Baltimore Orioles,St. Louis Cardinals,6.0,3.0,9.0,3.0
824471,14,0.3580654334632772,823701,2026-06-03 00:00:00+00:00,Chicago White Sox,Minnesota Twins,0.0,8.0,8.0,-8.0
824471,15,0.3605538987172112,776681,2025-08-18 00:00:00+00:00,Cincinnati Reds,Los Angeles Angels,1.0,4.0,5.0,-3.0
824471,16,0.36833410986345894,776668,2025-08-19 00:00:00+00:00,Cincinnati Reds,Los Angeles Angels,4.0,6.0,10.0,-2.0
824471,17,0.37443243330615283,823320,2026-03-30 00:00:00+00:00,San Francisco Giants,San Diego Padres,2.0,3.0,5.0,-1.0
824471,18,0.3750711910860629,824837,2026-05-26 00:00:00+00:00,Tampa Bay Rays,Baltimore Orioles,6.0,1.0,7.0,5.0
824471,19,0.37863533629422136,778325,2025-04-14 00:00:00+00:00,Houston Astros,St. Louis Cardinals,8.0,3.0,11.0,5.0
824471,20,0.3802167097024253,778147,2025-04-27 00:00:00+00:00,Atlanta Braves,Arizona Diamondbacks,6.0,4.0,10.0,2.0
824471,21,0.38261525569180754,776920,2025-08-01 00:00:00+00:00,Kansas City Royals,Toronto Blue Jays,3.0,9.0,12.0,-6.0
824471,22,0.38860635350212647,745399,2024-06-25 00:00:00+00:00,Washington Nationals,San Diego Padres,9.0,7.0,16.0,2.0
824471,23,0.3890385984586461,744875,2024-04-01 00:00:00+00:00,Pittsburgh Pirates,Washington Nationals,4.0,8.0,12.0,-4.0
824471,24,0.389638323826671,823015,2026-08-26 00:00:00+00:00,Baltimore Orioles,St. Louis Cardinals,7.0,8.0,15.0,-1.0
824471,25,0.3912242227142888,746467,2024-05-29 00:00:00+00:00,Pittsburgh Pirates,Detroit Tigers,8.0,0.0,8.0,8.0
823418,1,0.2935191567362961,777540,2025-06-12 00:00:00+00:00,Detroit Tigers,Baltimore Orioles,1.0,4.0,5.0,-3.0
823418,2,0.33644578745927495,824664,2026-08-06 00:00:00+00:00,Toronto Blue Jays,Chicago Cubs,3.0,2.0,5.0,1.0
823418,3,0.3460730634995068,747023,2024-06-16 00:00:00+00:00,Philadelphia Phillies,Baltimore Orioles,8.0,3.0,11.0,5.0
823418,4,0.36212209221649494,745739,2024-06-04 00:00:00+00:00,Minnesota Twins,New York Yankees,5.0,1.0,6.0,4.0
823418,5,0.37040606612990495,747125,2024-04-28 00:00:00+00:00,Cleveland Guardians,Atlanta Braves,4.0,3.0,7.0,1.0
823418,6,0.38167389761956183,823789,2026-05-14 00:00:00+00:00,San Diego Padres,Milwaukee Brewers,7.0,1.0,8.0,6.0
823418,7,0.3909266944363644,824187,2026-05-31 00:00:00+00:00,Milwaukee Brewers,Houston Astros,0.0,2.0,2.0,-2.0
823418,8,0.39106515425319643,813068,2025-10-01 00:00:00+00:00,Cincinnati Reds,Los Angeles Dodgers,8.0,4.0,12.0,4.0
823418,9,0.3927615715212136,745740,2024-06-05 00:00:00+00:00,Minnesota Twins,New York Yankees,9.0,5.0,14.0,4.0
823418,10,0.39370316457072063,824885,2026-08-06 00:00:00+00:00,Miami Marlins,Atlanta Braves,11.0,3.0,14.0,8.0
823418,11,0.3980302831318721,745205,2024-09-17 00:00:00+00:00,New York Yankees,Seattle Mariners,2.0,11.0,13.0,-9.0
823418,12,0.39938300301297697,824391,2026-09-01 00:00:00+00:00,Toronto Blue Jays,Cleveland Guardians,6.0,1.0,7.0,5.0
823418,13,0.40179679641274785,777746,2025-05-27 00:00:00+00:00,Minnesota Twins,Tampa Bay Rays,2.0,4.0,6.0,-2.0
823418,14,0.40708848461091957,777732,2025-05-28 00:00:00+00:00,Minnesota Twins,Tampa Bay Rays,5.0,0.0,5.0,5.0
823418,15,0.40725986469278147,824158,2026-08-05 00:00:00+00:00,Toronto Blue Jays,Houston Astros,4.0,5.0,9.0,-1.0
823418,16,0.412254640810771,823131,2026-06-01 00:00:00+00:00,New York Mets,Seattle Mariners,3.0,2.0,5.0,1.0
823418,17,0.41580105204547774,745745,2024-05-19 00:00:00+00:00,Chicago White Sox,New York Yankees,7.0,2.0,9.0,5.0
823418,18,0.41625788309427036,813069,2025-09-30 00:00:00+00:00,Cincinnati Reds,Los Angeles Dodgers,10.0,5.0,15.0,5.0
823418,19,0.4183175177905967,745743,2024-05-22 00:00:00+00:00,Seattle Mariners,New York Yankees,7.0,3.0,10.0,4.0
823418,20,0.41967300630603144,823539,2026-08-29 00:00:00+00:00,Boston Red Sox,New York Yankees,0.0,6.0,6.0,-6.0
823418,21,0.4204953615344184,824926,2026-05-14 00:00:00+00:00,Chicago Cubs,Atlanta Braves,0.0,2.0,2.0,-2.0
823418,22,0.4224717228042593,745742,2024-05-21 00:00:00+00:00,Seattle Mariners,New York Yankees,3.0,6.0,9.0,-3.0
823418,23,0.4266918517634565,823403,2026-04-08 00:00:00+00:00,San Diego Padres,Pittsburgh Pirates,2.0,8.0,10.0,-6.0
823418,24,0.43097345641878965,777597,2025-06-07 00:00:00+00:00,San Diego Padres,Milwaukee Brewers,4.0,3.0,7.0,1.0
823418,25,0.4373703440517402,778435,2025-04-06 00:00:00+00:00,Toronto Blue Jays,New York Mets,2.0,1.0,3.0,1.0
823338,1,0.17569142569644927,823831,2026-08-22 00:00:00+00:00,Washington Nationals,Miami Marlins,4.0,2.0,6.0,2.0
823338,2,0.22684530367224906,823827,2026-08-23 00:00:00+00:00,Washington Nationals,Miami Marlins,6.0,2.0,8.0,4.0
823338,3,0.26718149895507437,745182,2024-05-06 00:00:00+00:00,New York Mets,St. Louis Cardinals,3.0,4.0,7.0,-1.0
823338,4,0.26903837063536823,745294,2024-08-19 00:00:00+00:00,Chicago White Sox,San Francisco Giants,5.0,3.0,8.0,2.0
823338,5,0.27509318953888007,823118,2026-07-04 00:00:00+00:00,Toronto Blue Jays,Seattle Mariners,11.0,0.0,11.0,11.0
823338,6,0.29862746920166566,778211,2025-04-22 00:00:00+00:00,Pittsburgh Pirates,Los Angeles Angels,3.0,9.0,12.0,-6.0
823338,7,0.29912790954404794,778353,2025-04-12 00:00:00+00:00,Atlanta Braves,Tampa Bay Rays,4.0,5.0,9.0,-1.0
823338,8,0.3104210980868277,778716,2025-03-18 00:00:00+00:00,Washington Nationals,Houston Astros,3.0,4.0,7.0,-1.0
823338,9,0.31813553955133256,822901,2026-05-11 00:00:00+00:00,Arizona Diamondbacks,Texas Rangers,0.0,1.0,1.0,-1.0
823338,10,0.3183489477376025,824115,2026-05-09 00:00:00+00:00,Detroit Tigers,Kansas City Royals,5.0,1.0,6.0,4.0
823338,11,0.3233381780232087,823124,2026-06-19 00:00:00+00:00,Boston Red Sox,Seattle Mariners,2.0,6.0,8.0,-4.0
823338,12,0.3233918576520374,777467,2025-06-17 00:00:00+00:00,St. Louis Cardinals,Chicago White Sox,2.0,12.0,14.0,-10.0
823338,13,0.3310829000763027,776843,2025-08-06 00:00:00+00:00,Tampa Bay Rays,Los Angeles Angels,4.0,5.0,9.0,-1.0
823338,14,0.3351992157947863,823120,2026-07-03 00:00:00+00:00,Toronto Blue Jays,Seattle Mariners,0.0,2.0,2.0,-2.0
823338,15,0.3403948401646366,778367,2025-04-11 00:00:00+00:00,Atlanta Braves,Tampa Bay Rays,6.0,3.0,9.0,3.0
823338,16,0.35103699321000226,823242,2026-04-02 00:00:00+00:00,New York Mets,San Francisco Giants,7.0,2.0,9.0,5.0
823338,17,0.3532179149452813,823991,2026-08-16 00:00:00+00:00,Kansas City Royals,Los Angeles Angels,0.0,3.0,3.0,-3.0
823338,18,0.3546134035290136,823834,2026-08-08 00:00:00+00:00,Los Angeles Angels,Miami Marlins,7.0,0.0,7.0,7.0
823338,19,0.3552330342316412,823516,2026-08-05 00:00:00+00:00,St. Louis Cardinals,New York Yankees,1.0,3.0,4.0,-2.0
823338,20,0.3601713970653372,822781,2026-08-01 00:00:00+00:00,St. Louis Cardinals,Toronto Blue Jays,5.0,1.0,6.0,4.0
823338,21,0.3667086761857856,745295,2024-08-20 00:00:00+00:00,Chicago White Sox,San Francisco Giants,4.0,1.0,5.0,3.0
823338,22,0.37041387448595986,831446,2026-03-22 00:00:00+00:00,New York Mets,Miami Marlins,4.0,3.0,7.0,1.0
823338,23,0.3712611053027408,776911,2025-08-02 00:00:00+00:00,San Francisco Giants,New York Mets,12.0,6.0,18.0,6.0
823338,24,0.3730271010693254,777146,2025-07-11 00:00:00+00:00,Cleveland Guardians,Chicago White Sox,5.0,4.0,9.0,1.0
823338,25,0.37622585171267175,777411,2025-06-21 00:00:00+00:00,Cleveland Guardians,Athletics,2.0,4.0,6.0,-2.0
824797,1,0.1869057065033571,778476,2025-04-02 00:00:00+00:00,Cleveland Guardians,San Diego Padres,5.0,2.0,7.0,3.0
824797,2,0.24941753144513687,746133,2024-07-02 00:00:00+00:00,Arizona Diamondbacks,Los Angeles Dodgers,6.0,5.0,11.0,1.0
824797,3,0.2542601353671881,777193,2025-07-08 00:00:00+00:00,Los Angeles Dodgers,Milwaukee Brewers,3.0,1.0,4.0,2.0
824797,4,0.26335798234319463,778485,2025-04-01 00:00:00+00:00,Cleveland Guardians,San Diego Padres,7.0,0.0,7.0,7.0
824797,5,0.2648234584591579,777392,2025-06-23 00:00:00+00:00,Chicago Cubs,St. Louis Cardinals,8.0,2.0,10.0,6.0
824797,6,0.27576197741446995,746478,2024-05-01 00:00:00+00:00,St. Louis Cardinals,Detroit Tigers,4.0,1.0,5.0,3.0
824797,7,0.27729137552395655,745789,2024-07-31 00:00:00+00:00,Minnesota Twins,New York Mets,3.0,8.0,11.0,-5.0
824797,8,0.27782490695301504,745787,2024-07-30 00:00:00+00:00,Minnesota Twins,New York Mets,2.0,0.0,2.0,2.0
824797,9,0.28666656219028347,823258,2026-08-23 00:00:00+00:00,Minnesota Twins,San Diego Padres,8.0,1.0,9.0,7.0
824797,10,0.28879167016041934,778499,2025-03-31 00:00:00+00:00,Cleveland Guardians,San Diego Padres,7.0,2.0,9.0,5.0
824797,11,0.29201390540574806,777373,2025-06-24 00:00:00+00:00,Chicago Cubs,St. Louis Cardinals,8.0,7.0,15.0,1.0
824797,12,0.2924832176844576,778077,2025-05-03 00:00:00+00:00,Washington Nationals,Cincinnati Reds,6.0,11.0,17.0,-5.0
824797,13,0.29276834427273035,746689,2024-07-10 00:00:00+00:00,Colorado Rockies,Cincinnati Reds,5.0,6.0,11.0,-1.0
824797,14,0.29300002630763716,776929,2025-07-30 00:00:00+00:00,Chicago Cubs,Milwaukee Brewers,3.0,10.0,13.0,-7.0
824797,15,0.29361666567439504,824406,2026-07-23 00:00:00+00:00,Minnesota Twins,Cleveland Guardians,1.0,3.0,4.0,-2.0
824797,16,0.2951066758229306,776956,2025-07-29 00:00:00+00:00,Chicago Cubs,Milwaukee Brewers,9.0,3.0,12.0,6.0
824797,17,0.29593902479478007,746128,2024-07-03 00:00:00+00:00,Arizona Diamondbacks,Los Angeles Dodgers,4.0,12.0,16.0,-8.0
824797,18,0.2977459753922675,823648,2026-04-07 00:00:00+00:00,Arizona Diamondbacks,New York Mets,4.0,3.0,7.0,1.0
824797,19,0.2983924911351521,822891,2026-06-06 00:00:00+00:00,Cleveland Guardians,Texas Rangers,0.0,6.0,6.0,-6.0
824797,20,0.30027302065307293,776924,2025-08-01 00:00:00+00:00,Minnesota Twins,Cleveland Guardians,3.0,2.0,5.0,1.0
824797,21,0.31255440682004054,746105,2024-08-27 00:00:00+00:00,Baltimore Orioles,Los Angeles Dodgers,2.0,3.0,5.0,-1.0
824797,22,0.31547225240613,777151,2025-07-11 00:00:00+00:00,New York Mets,Kansas City Royals,3.0,8.0,11.0,-5.0
824797,23,0.31566884144285445,825080,2026-05-23 00:00:00+00:00,Colorado Rockies,Arizona Diamondbacks,5.0,4.0,9.0,1.0
824797,24,0.3169137708829327,822982,2026-05-17 00:00:00+00:00,Miami Marlins,Tampa Bay Rays,6.0,3.0,9.0,3.0
824797,25,0.31790776683293615,747036,2024-05-18 00:00:00+00:00,Seattle Mariners,Baltimore Orioles,3.0,4.0,7.0,-1.0
823579,1,0.04979978723290894,777298,2025-07-01 00:00:00+00:00,Los Angeles Angels,Atlanta Braves,0.0,4.0,4.0,-4.0
823579,2,0.22467311121085212,778100,2025-05-01 00:00:00+00:00,Chicago Cubs,Pittsburgh Pirates,3.0,8.0,11.0,-5.0
823579,3,0.2252804865261781,777261,2025-07-03 00:00:00+00:00,Los Angeles Angels,Atlanta Braves,1.0,5.0,6.0,-4.0
823579,4,0.2298509176047418,824909,2026-06-20 00:00:00+00:00,Milwaukee Brewers,Atlanta Braves,4.0,3.0,7.0,1.0
823579,5,0.2390830706994912,779101,2025-03-21 00:00:00+00:00,New York Yankees,Detroit Tigers,0.0,4.0,4.0,-4.0
823579,6,0.24299286161560002,778429,2025-04-06 00:00:00+00:00,Arizona Diamondbacks,Washington Nationals,5.0,4.0,9.0,1.0
823579,7,0.2655383763165505,746885,2024-05-07 00:00:00+00:00,San Diego Padres,Chicago Cubs,3.0,2.0,5.0,1.0
823579,8,0.2830867300912176,777345,2025-06-27 00:00:00+00:00,Toronto Blue Jays,Boston Red Sox,0.0,9.0,9.0,-9.0
823579,9,0.30166447166003185,745191,2024-04-22 00:00:00+00:00,Arizona Diamondbacks,St. Louis Cardinals,5.0,3.0,8.0,2.0
823579,10,0.3125725438849442,823122,2026-06-30 00:00:00+00:00,Los Angeles Angels,Seattle Mariners,8.0,3.0,11.0,5.0
823579,11,0.31661249358845034,747091,2024-07-24 00:00:00+00:00,Cincinnati Reds,Atlanta Braves,4.0,9.0,13.0,-5.0
823579,12,0.32429237458417914,777279,2025-07-02 00:00:00+00:00,Los Angeles Angels,Atlanta Braves,8.0,3.0,11.0,5.0
823579,13,0.324479537883631,777302,2025-06-29 00:00:00+00:00,Seattle Mariners,Texas Rangers,4.0,6.0,10.0,-2.0
823579,14,0.32539012565226727,746057,2024-06-08 00:00:00+00:00,Cleveland Guardians,Miami Marlins,0.0,8.0,8.0,-8.0
823579,15,0.3281847065963211,778306,2025-04-15 00:00:00+00:00,Los Angeles Angels,Texas Rangers,4.0,0.0,4.0,4.0
823579,16,0.3285054722689716,746186,2024-08-18 00:00:00+00:00,Atlanta Braves,Los Angeles Angels,1.0,3.0,4.0,-2.0
823579,17,0.32900584003987543,822966,2026-06-19 00:00:00+00:00,Washington Nationals,Tampa Bay Rays,5.0,2.0,7.0,3.0
823579,18,0.3314582212427703,746079,2024-04-14 00:00:00+00:00,Atlanta Braves,Miami Marlins,7.0,9.0,16.0,-2.0
823579,19,0.33270541465141545,777322,2025-06-28 00:00:00+00:00,Seattle Mariners,Texas Rangers,3.0,2.0,5.0,1.0
823579,20,0.334180867950798,745270,2024-04-16 00:00:00+00:00,Cincinnati Reds,Seattle Mariners,3.0,1.0,4.0,2.0
823579,21,0.3407060676085398,746138,2024-06-01 00:00:00+00:00,Colorado Rockies,Los Angeles Dodgers,4.0,1.0,5.0,3.0
823579,22,0.34454869006256056,823634,2026-04-30 00:00:00+00:00,Washington Nationals,New York Mets,4.0,5.0,9.0,-1.0
823579,23,0.34672224628116055,746442,2024-08-01 00:00:00+00:00,Kansas City Royals,Detroit Tigers,1.0,7.0,8.0,-6.0
823579,24,0.347281341512662,824133,2026-04-02 00:00:00+00:00,Minnesota Twins,Kansas City Royals,1.0,5.0,6.0,-4.0
823579,25,0.34847601886394514,746443,2024-08-02 00:00:00+00:00,Kansas City Royals,Detroit Tigers,2.0,9.0,11.0,-7.0
823824,1,0.531061844412938,776501,2025-09-01 00:00:00+00:00,New York Mets,Detroit Tigers,8.0,10.0,18.0,-2.0
823824,2,0.533180683160288,778424,2025-04-07 00:00:00+00:00,New York Yankees,Detroit Tigers,6.0,2.0,8.0,4.0
823824,3,0.6157332398532138,823105,2026-08-06 00:00:00+00:00,Detroit Tigers,Seattle Mariners,0.0,11.0,11.0,-11.0
823824,4,0.6432040803814156,778403,2025-04-08 00:00:00+00:00,New York Yankees,Detroit Tigers,5.0,0.0,5.0,5.0
823824,5,0.6491803521827617,778060,2025-05-04 00:00:00+00:00,Los Angeles Dodgers,Atlanta Braves,4.0,3.0,7.0,1.0
823824,6,0.6507930372569074,823191,2026-08-07 00:00:00+00:00,Detroit Tigers,San Francisco Giants,5.0,2.0,7.0,3.0
823824,7,0.656412805227807,823188,2026-08-08 00:00:00+00:00,Detroit Tigers,San Francisco Giants,0.0,8.0,8.0,-8.0
823824,8,0.695320604938459,778356,2025-04-11 00:00:00+00:00,Chicago Cubs,Los Angeles Dodgers,3.0,0.0,3.0,3.0
823824,9,0.7124496259000922,747799,2024-03-26 00:00:00+00:00,Seattle Mariners,San Diego Padres,6.0,7.0,13.0,-1.0
823824,10,0.7131376766589794,776172,2025-09-26 00:00:00+00:00,Kansas City Royals,Athletics,4.0,3.0,7.0,1.0
823824,11,0.7206666288105001,824374,2026-04-08 00:00:00+00:00,Houston Astros,Colorado Rockies,9.0,1.0,10.0,8.0
823824,12,0.7223467850246389,823769,2026-06-28 00:00:00+00:00,Chicago Cubs,Milwaukee Brewers,3.0,4.0,7.0,-1.0
823824,13,0.7406029893874706,746203,2024-07-27 00:00:00+00:00,Oakland Athletics,Los Angeles Angels,1.0,3.0,4.0,-2.0
823824,14,0.7429160511661884,824375,2026-04-07 00:00:00+00:00,Houston Astros,Colorado Rockies,5.0,1.0,6.0,4.0
823824,15,0.7431668240360372,776490,2025-09-02 00:00:00+00:00,New York Mets,Detroit Tigers,5.0,12.0,17.0,-7.0
823824,16,0.7461398768414045,813039,2025-10-17 00:00:00+00:00,Toronto Blue Jays,Seattle Mariners,6.0,2.0,8.0,4.0
823824,17,0.7472906694729023,813035,2025-10-16 00:00:00+00:00,Toronto Blue Jays,Seattle Mariners,2.0,8.0,10.0,-6.0
823824,18,0.757698727384166,776823,2025-08-08 00:00:00+00:00,Toronto Blue Jays,Los Angeles Dodgers,5.0,1.0,6.0,4.0
823824,19,0.7603015901644562,747056,2024-04-14 00:00:00+00:00,Milwaukee Brewers,Baltimore Orioles,6.0,4.0,10.0,2.0
823824,20,0.7660216597330802,745189,2024-04-19 00:00:00+00:00,Milwaukee Brewers,St. Louis Cardinals,1.0,2.0,3.0,-1.0
823824,21,0.7668312697033828,778709,2025-03-25 00:00:00+00:00,Kansas City Royals,Texas Rangers,1.0,3.0,4.0,-2.0
823824,22,0.7701345090042537,777988,2025-05-09 00:00:00+00:00,Los Angeles Dodgers,Arizona Diamondbacks,11.0,14.0,25.0,-3.0
823824,23,0.7725649429552727,776808,2025-08-09 00:00:00+00:00,Toronto Blue Jays,Los Angeles Dodgers,9.0,1.0,10.0,8.0
823824,24,0.7731074099809365,744810,2024-08-30 00:00:00+00:00,Chicago Cubs,Washington Nationals,6.0,7.0,13.0,-1.0
823824,25,0.7744117630151671,777975,2025-05-10 00:00:00+00:00,Los Angeles Dodgers,Arizona Diamondbacks,3.0,0.0,3.0,3.0
824554,1,0.1234047458609529,822992,2026-04-24 00:00:00+00:00,Minnesota Twins,Tampa Bay Rays,6.0,2.0,8.0,4.0
824554,2,0.2648406809525156,778014,2025-05-07 00:00:00+00:00,New York Mets,Arizona Diamondbacks,1.0,7.0,8.0,-6.0
824554,3,0.30313168474050667,745882,2024-07-21 00:00:00+00:00,Milwaukee Brewers,Minnesota Twins,7.0,8.0,15.0,-1.0
824554,4,0.30443579475051963,746935,2024-07-11 00:00:00+00:00,Oakland Athletics,Boston Red Sox,7.0,0.0,7.0,7.0
824554,5,0.308394873580937,745551,2024-07-14 00:00:00+00:00,Oakland Athletics,Philadelphia Phillies,3.0,18.0,21.0,-15.0
824554,6,0.30968811247092276,745353,2024-04-21 00:00:00+00:00,Arizona Diamondbacks,San Francisco Giants,3.0,5.0,8.0,-2.0
824554,7,0.3203417711043526,776383,2025-09-10 00:00:00+00:00,Detroit Tigers,New York Yankees,1.0,11.0,12.0,-10.0
824554,8,0.3226595731650946,776659,2025-08-20 00:00:00+00:00,New York Mets,Washington Nationals,5.0,4.0,9.0,1.0
824554,9,0.3334265710342234,822744,2026-05-01 00:00:00+00:00,Milwaukee Brewers,Washington Nationals,1.0,6.0,7.0,-5.0
824554,10,0.334825348642239,745871,2024-08-09 00:00:00+00:00,Cleveland Guardians,Minnesota Twins,6.0,3.0,9.0,3.0
824554,11,0.3353428644686714,745927,2024-08-09 00:00:00+00:00,Cleveland Guardians,Minnesota Twins,4.0,2.0,6.0,2.0
824554,12,0.343827347722598,825097,2026-04-22 00:00:00+00:00,Chicago White Sox,Arizona Diamondbacks,11.0,7.0,18.0,4.0
824554,13,0.34803039417063647,746934,2024-07-10 00:00:00+00:00,Oakland Athletics,Boston Red Sox,2.0,5.0,7.0,-3.0
824554,14,0.3493031789350055,746058,2024-05-21 00:00:00+00:00,Milwaukee Brewers,Miami Marlins,5.0,7.0,12.0,-2.0
824554,15,0.3532605051870432,831846,2026-03-19 00:00:00+00:00,Kansas City Royals,Cleveland Guardians,6.0,5.0,11.0,1.0
824554,16,0.35355034674333613,825039,2026-08-26 00:00:00+00:00,Chicago Cubs,Arizona Diamondbacks,2.0,0.0,2.0,2.0
824554,17,0.3549058564327323,825042,2026-08-25 00:00:00+00:00,Chicago Cubs,Arizona Diamondbacks,5.0,4.0,9.0,1.0
824554,18,0.3575953167062163,823800,2026-04-24 00:00:00+00:00,Pittsburgh Pirates,Milwaukee Brewers,0.0,6.0,6.0,-6.0
824554,19,0.3595304740939053,745552,2024-07-12 00:00:00+00:00,Oakland Athletics,Philadelphia Phillies,2.0,6.0,8.0,-4.0
824554,20,0.3641781954659603,777015,2025-07-25 00:00:00+00:00,Philadelphia Phillies,New York Yankees,5.0,12.0,17.0,-7.0
824554,21,0.36903355287897766,745156,2024-07-10 00:00:00+00:00,Kansas City Royals,St. Louis Cardinals,5.0,8.0,13.0,-3.0
824554,22,0.37181582983255956,822714,2026-07-03 00:00:00+00:00,Pittsburgh Pirates,Washington Nationals,9.0,5.0,14.0,4.0
824554,23,0.37334463398292744,776644,2025-08-21 00:00:00+00:00,Los Angeles Dodgers,Colorado Rockies,5.0,9.0,14.0,-4.0
824554,24,0.3741849586111878,778899,2025-03-24 00:00:00+00:00,Tampa Bay Rays,Philadelphia Phillies,8.0,6.0,14.0,2.0
824554,25,0.38035831307334195,776650,2025-08-21 00:00:00+00:00,New York Mets,Washington Nationals,9.0,3.0,12.0,6.0
822852,1,0.13905241337280771,746944,2024-06-13 00:00:00+00:00,Philadelphia Phillies,Boston Red Sox,9.0,3.0,12.0,6.0
822852,2,0.16394393558264408,823866,2026-05-20 00:00:00+00:00,Atlanta Braves,Miami Marlins,1.0,9.0,10.0,-8.0
822852,3,0.18071637390396836,823157,2026-04-01 00:00:00+00:00,New York Yankees,Seattle Mariners,3.0,5.0,8.0,-2.0
822852,4,0.22427913899193086,747147,2024-09-29 00:00:00+00:00,San Diego Padres,Arizona Diamondbacks,11.0,2.0,13.0,9.0
822852,5,0.23224144834099034,823706,2026-05-16 00:00:00+00:00,Milwaukee Brewers,Minnesota Twins,1.0,2.0,3.0,-1.0
822852,6,0.2335933663338173,747146,2024-09-28 00:00:00+00:00,San Diego Padres,Arizona Diamondbacks,0.0,5.0,5.0,-5.0
822852,7,0.23976584798107564,825011,2026-05-12 00:00:00+00:00,St. Louis Cardinals,Athletics,4.0,6.0,10.0,-2.0
822852,8,0.25852307141001213,747145,2024-09-27 00:00:00+00:00,San Diego Padres,Arizona Diamondbacks,3.0,5.0,8.0,-2.0
822852,9,0.2684355038840945,823707,2026-05-15 00:00:00+00:00,Milwaukee Brewers,Minnesota Twins,2.0,3.0,5.0,-1.0
822852,10,0.2836230077916701,824831,2026-06-10 00:00:00+00:00,Seattle Mariners,Baltimore Orioles,7.0,2.0,9.0,5.0
822852,11,0.2980208826140642,779088,2025-03-19 00:00:00+00:00,Chicago White Sox,Milwaukee Brewers,5.0,4.0,9.0,1.0
822852,12,0.3022790507996517,746951,2024-06-11 00:00:00+00:00,Philadelphia Phillies,Boston Red Sox,1.0,4.0,5.0,-3.0
822852,13,0.30251948457399547,745864,2024-08-27 00:00:00+00:00,Atlanta Braves,Minnesota Twins,6.0,8.0,14.0,-2.0
822852,14,0.3045635878730275,824338,2026-06-30 00:00:00+00:00,Miami Marlins,Colorado Rockies,3.0,14.0,17.0,-11.0
822852,15,0.30589791940995126,746127,2024-07-05 00:00:00+00:00,Milwaukee Brewers,Los Angeles Dodgers,8.0,5.0,13.0,3.0
822852,16,0.30770231750471644,824596,2026-05-27 00:00:00+00:00,Minnesota Twins,Chicago White Sox,15.0,2.0,17.0,13.0
822852,17,0.3077702085700528,824830,2026-06-09 00:00:00+00:00,Seattle Mariners,Baltimore Orioles,5.0,6.0,11.0,-1.0
822852,18,0.3120979595321684,824829,2026-06-08 00:00:00+00:00,Seattle Mariners,Baltimore Orioles,3.0,6.0,9.0,-3.0
822852,19,0.31431891332777306,777948,2025-05-12 00:00:00+00:00,Kansas City Royals,Houston Astros,5.0,7.0,12.0,-2.0
822852,20,0.3163532417111692,825105,2026-04-02 00:00:00+00:00,Atlanta Braves,Arizona Diamondbacks,2.0,17.0,19.0,-15.0
822852,21,0.3171013579017068,824835,2026-05-29 00:00:00+00:00,Toronto Blue Jays,Baltimore Orioles,5.0,6.0,11.0,-1.0
822852,22,0.3185837764481915,823865,2026-05-19 00:00:00+00:00,Atlanta Braves,Miami Marlins,4.0,8.0,12.0,-4.0
822852,23,0.31948156538664957,823451,2026-06-16 00:00:00+00:00,Miami Marlins,Philadelphia Phillies,8.0,2.0,10.0,6.0
822852,24,0.3224821230420807,813062,2025-10-05 00:00:00+00:00,New York Yankees,Toronto Blue Jays,13.0,7.0,20.0,6.0
822852,25,0.3273411271062046,824598,2026-05-25 00:00:00+00:00,Minnesota Twins,Chicago White Sox,3.0,1.0,4.0,2.0
824146,1,0.21116285772187973,778440,2025-04-05 00:00:00+00:00,Houston Astros,Minnesota Twins,6.0,1.0,7.0,5.0
824146,2,0.21459151796366469,745707,2024-08-20 00:00:00+00:00,Cleveland Guardians,New York Yankees,5.0,9.0,14.0,-4.0
824146,3,0.21694991842605774,746158,2024-04-15 00:00:00+00:00,Washington Nationals,Los Angeles Dodgers,4.0,6.0,10.0,-2.0
824146,4,0.22254790753594797,746033,2024-08-06 00:00:00+00:00,Cincinnati Reds,Miami Marlins,2.0,8.0,10.0,-6.0
824146,5,0.23219948543333951,746159,2024-04-17 00:00:00+00:00,Washington Nationals,Los Angeles Dodgers,0.0,2.0,2.0,-2.0
824146,6,0.23264311862176407,825005,2026-05-25 00:00:00+00:00,Seattle Mariners,Athletics,2.0,9.0,11.0,-7.0
824146,7,0.23326186837037122,823761,2026-07-22 00:00:00+00:00,New York Mets,Milwaukee Brewers,4.0,3.0,7.0,1.0
824146,8,0.23496810738466758,822689,2026-08-31 00:00:00+00:00,Miami Marlins,Washington Nationals,6.0,3.0,9.0,3.0
824146,9,0.23613008087291987,745974,2024-06-24 00:00:00+00:00,Texas Rangers,Milwaukee Brewers,6.0,3.0,9.0,3.0
824146,10,0.23756801757476295,777092,2025-07-19 00:00:00+00:00,Cincinnati Reds,New York Mets,2.0,5.0,7.0,-3.0
824146,11,0.24362753718894373,778197,2025-04-23 00:00:00+00:00,Texas Rangers,Athletics,5.0,2.0,7.0,3.0
824146,12,0.2485268141205002,824858,2026-04-10 00:00:00+00:00,San Francisco Giants,Baltimore Orioles,3.0,6.0,9.0,-3.0
824146,13,0.25365944249276395,745213,2024-08-27 00:00:00+00:00,Tampa Bay Rays,Seattle Mariners,2.0,3.0,5.0,-1.0
824146,14,0.25667682896780775,777376,2025-06-24 00:00:00+00:00,Boston Red Sox,Los Angeles Angels,3.0,2.0,5.0,1.0
824146,15,0.25816687588536147,824320,2026-08-17 00:00:00+00:00,Los Angeles Dodgers,Colorado Rockies,5.0,11.0,16.0,-6.0
824146,16,0.26219575965758113,746157,2024-04-16 00:00:00+00:00,Washington Nationals,Los Angeles Dodgers,6.0,2.0,8.0,4.0
824146,17,0.2681843521419126,824054,2026-04-04 00:00:00+00:00,Seattle Mariners,Los Angeles Angels,1.0,0.0,1.0,1.0
824146,18,0.2723554881323046,778267,2025-04-19 00:00:00+00:00,Minnesota Twins,Atlanta Braves,4.0,3.0,7.0,1.0
824146,19,0.2736530826158992,777312,2025-06-29 00:00:00+00:00,San Diego Padres,Cincinnati Reds,3.0,2.0,5.0,1.0
824146,20,0.2745872705958401,823752,2026-08-08 00:00:00+00:00,Minnesota Twins,Milwaukee Brewers,4.0,3.0,7.0,1.0
824146,21,0.2747673845137312,823367,2026-06-24 00:00:00+00:00,Seattle Mariners,Pittsburgh Pirates,11.0,1.0,12.0,10.0
824146,22,0.27555929829417664,776801,2025-08-10 00:00:00+00:00,Cincinnati Reds,Pittsburgh Pirates,8.0,14.0,22.0,-6.0
824146,23,0.27992616409623156,776722,2025-08-16 00:00:00+00:00,Baltimore Orioles,Houston Astros,5.0,4.0,9.0,1.0
824146,24,0.28078200074771237,778249,2025-04-20 00:00:00+00:00,Minnesota Twins,Atlanta Braves,6.0,2.0,8.0,4.0
824146,25,0.28087220430669013,746639,2024-05-06 00:00:00+00:00,Detroit Tigers,Cleveland Guardians,2.0,1.0,3.0,1.0
824067,1,0.12984272104064096,823263,2026-08-12 00:00:00+00:00,Milwaukee Brewers,San Diego Padres,4.0,3.0,7.0,1.0
824067,2,0.1698713635401881,823316,2026-04-11 00:00:00+00:00,Colorado Rockies,San Diego Padres,9.0,5.0,14.0,4.0
824067,3,0.1833220529474481,746103,2024-08-28 00:00:00+00:00,Baltimore Orioles,Los Angeles Dodgers,6.0,4.0,10.0,2.0
824067,4,0.1878894523986532,745948,2024-08-18 00:00:00+00:00,Cleveland Guardians,Milwaukee Brewers,2.0,0.0,2.0,2.0
824067,5,0.19875883395867475,745946,2024-08-27 00:00:00+00:00,San Francisco Giants,Milwaukee Brewers,4.0,5.0,9.0,-1.0
824067,6,0.21369211970853869,745952,2024-08-17 00:00:00+00:00,Cleveland Guardians,Milwaukee Brewers,2.0,1.0,3.0,1.0
824067,7,0.21670260520107446,746003,2024-04-07 00:00:00+00:00,Seattle Mariners,Milwaukee Brewers,12.0,4.0,16.0,8.0
824067,8,0.22823037916192457,822980,2026-05-18 00:00:00+00:00,Baltimore Orioles,Tampa Bay Rays,16.0,6.0,22.0,10.0
824067,9,0.23834098142547422,746424,2024-08-31 00:00:00+00:00,Boston Red Sox,Detroit Tigers,2.0,1.0,3.0,1.0
824067,10,0.23839084623835086,777161,2025-07-11 00:00:00+00:00,Seattle Mariners,Detroit Tigers,3.0,12.0,15.0,-9.0
824067,11,0.24616226417149115,776922,2025-08-01 00:00:00+00:00,Houston Astros,Boston Red Sox,2.0,1.0,3.0,1.0
824067,12,0.2531998536782224,746102,2024-08-29 00:00:00+00:00,Baltimore Orioles,Los Angeles Dodgers,6.0,3.0,9.0,3.0
824067,13,0.25737542404035685,823853,2026-06-19 00:00:00+00:00,San Francisco Giants,Miami Marlins,4.0,3.0,7.0,1.0
824067,14,0.2657056215423322,823854,2026-06-20 00:00:00+00:00,San Francisco Giants,Miami Marlins,6.0,3.0,9.0,3.0
824067,15,0.26707672277012495,831496,2026-03-22 00:00:00+00:00,St. Louis Cardinals,Houston Astros,2.0,3.0,5.0,-1.0
824067,16,0.2671760080446377,831924,2026-03-16 00:00:00+00:00,Chicago Cubs,Cleveland Guardians,2.0,5.0,7.0,-3.0
824067,17,0.26766465093814257,746426,2024-09-01 00:00:00+00:00,Boston Red Sox,Detroit Tigers,4.0,1.0,5.0,3.0
824067,18,0.27494979183653073,745972,2024-06-29 00:00:00+00:00,Chicago Cubs,Milwaukee Brewers,3.0,5.0,8.0,-2.0
824067,19,0.27654702395028313,776824,2025-08-08 00:00:00+00:00,Tampa Bay Rays,Seattle Mariners,3.0,2.0,5.0,1.0
824067,20,0.27890152257219314,813049,2025-10-08 00:00:00+00:00,Milwaukee Brewers,Chicago Cubs,4.0,3.0,7.0,1.0
824067,21,0.281250688251052,823684,2026-07-08 00:00:00+00:00,Cleveland Guardians,Minnesota Twins,6.0,5.0,11.0,1.0
824067,22,0.2845873465123533,822728,2026-06-02 00:00:00+00:00,Miami Marlins,Washington Nationals,3.0,7.0,10.0,-4.0
824067,23,0.2850106319188139,777111,2025-07-18 00:00:00+00:00,Cincinnati Reds,New York Mets,4.0,8.0,12.0,-4.0
824067,24,0.2861160208523274,777082,2025-07-20 00:00:00+00:00,Kansas City Royals,Miami Marlins,4.0,7.0,11.0,-3.0
824067,25,0.29374860180876156,776198,2025-09-24 00:00:00+00:00,Milwaukee Brewers,San Diego Padres,1.0,3.0,4.0,-2.0
824311,1,0.22854095736888574,776210,2025-09-23 00:00:00+00:00,Minnesota Twins,Texas Rangers,1.0,4.0,5.0,-3.0
824311,2,0.24146754250847619,824077,2026-08-17 00:00:00+00:00,Athletics,Kansas City Royals,9.0,5.0,14.0,4.0
824311,3,0.28574131292659316,776408,2025-09-08 00:00:00+00:00,Colorado Rockies,Los Angeles Dodgers,3.0,1.0,4.0,2.0
824311,4,0.2985246608454726,823870,2026-05-07 00:00:00+00:00,Baltimore Orioles,Miami Marlins,4.0,3.0,7.0,1.0
824311,5,0.3096012823275298,746472,2024-05-15 00:00:00+00:00,Miami Marlins,Detroit Tigers,0.0,2.0,2.0,-2.0
824311,6,0.3138008917909601,745240,2024-07-02 00:00:00+00:00,Baltimore Orioles,Seattle Mariners,0.0,2.0,2.0,-2.0
824311,7,0.31702708578288313,746743,2024-09-24 00:00:00+00:00,Los Angeles Angels,Chicago White Sox,3.0,2.0,5.0,1.0
824311,8,0.3198430207302449,776389,2025-09-09 00:00:00+00:00,Colorado Rockies,Los Angeles Dodgers,7.0,2.0,9.0,5.0
824311,9,0.3204582713167606,746471,2024-05-13 00:00:00+00:00,Miami Marlins,Detroit Tigers,6.0,5.0,11.0,1.0
824311,10,0.33221560967003944,746643,2024-05-05 00:00:00+00:00,Los Angeles Angels,Cleveland Guardians,4.0,1.0,5.0,3.0
824311,11,0.3322228154556496,745854,2024-09-25 00:00:00+00:00,Miami Marlins,Minnesota Twins,8.0,3.0,11.0,5.0
824311,12,0.3323776933905364,824907,2026-06-30 00:00:00+00:00,St. Louis Cardinals,Atlanta Braves,3.0,5.0,8.0,-2.0
824311,13,0.3383468183313762,778809,2025-03-23 00:00:00+00:00,Cleveland Guardians,Cincinnati Reds,13.0,2.0,15.0,11.0
824311,14,0.34213194318006024,823227,2026-05-05 00:00:00+00:00,San Diego Padres,San Francisco Giants,5.0,10.0,15.0,-5.0
824311,15,0.3510912828964278,745169,2024-06-07 00:00:00+00:00,Colorado Rockies,St. Louis Cardinals,8.0,5.0,13.0,3.0
824311,16,0.3590856097521283,777535,2025-06-13 00:00:00+00:00,Colorado Rockies,Atlanta Braves,12.0,4.0,16.0,8.0
824311,17,0.3605126823803902,746882,2024-05-18 00:00:00+00:00,Pittsburgh Pirates,Chicago Cubs,1.0,0.0,1.0,1.0
824311,18,0.3622990387295043,745851,2024-09-24 00:00:00+00:00,Miami Marlins,Minnesota Twins,1.0,4.0,5.0,-3.0
824311,19,0.3624970112507922,744879,2024-09-27 00:00:00+00:00,Miami Marlins,Toronto Blue Jays,5.0,15.0,20.0,-10.0
824311,20,0.3663774952113492,746512,2024-08-28 00:00:00+00:00,Miami Marlins,Colorado Rockies,8.0,2.0,10.0,6.0
824311,21,0.36879716200642476,745292,2024-09-01 00:00:00+00:00,Miami Marlins,San Francisco Giants,5.0,7.0,12.0,-2.0
824311,22,0.3792590996162609,776166,2025-09-26 00:00:00+00:00,Colorado Rockies,San Francisco Giants,6.0,3.0,9.0,3.0
824311,23,0.38014781060975666,822694,2026-08-27 00:00:00+00:00,Colorado Rockies,Washington Nationals,7.0,1.0,8.0,6.0
824311,24,0.38166122420452087,823859,2026-06-06 00:00:00+00:00,Tampa Bay Rays,Miami Marlins,4.0,3.0,7.0,1.0
824311,25,0.3823417639178479,745853,2024-09-26 00:00:00+00:00,Miami Marlins,Minnesota Twins,6.0,8.0,14.0,-2.0
823256,1,0.22624118422963985,777030,2025-07-23 00:00:00+00:00,Chicago White Sox,Tampa Bay Rays,9.0,11.0,20.0,-2.0
823256,2,0.22815970992703333,745059,2024-07-27 00:00:00+00:00,Cincinnati Reds,Tampa Bay Rays,4.0,0.0,4.0,4.0
823256,3,0.23548617211412745,823018,2026-08-10 00:00:00+00:00,Philadelphia Phillies,St. Louis Cardinals,5.0,6.0,11.0,-1.0
823256,4,0.2658628407872429,777432,2025-06-20 00:00:00+00:00,Texas Rangers,Pittsburgh Pirates,2.0,6.0,8.0,-4.0
823256,5,0.26621142786820173,776281,2025-09-18 00:00:00+00:00,Athletics,Boston Red Sox,3.0,5.0,8.0,-2.0
823256,6,0.2712108083321774,778964,2025-03-19 00:00:00+00:00,Pittsburgh Pirates,Tampa Bay Rays,5.0,2.0,7.0,3.0
823256,7,0.27877707397005513,778080,2025-05-02 00:00:00+00:00,Chicago Cubs,Milwaukee Brewers,0.0,10.0,10.0,-10.0
823256,8,0.27990782729813934,776299,2025-09-17 00:00:00+00:00,Athletics,Boston Red Sox,5.0,4.0,9.0,1.0
823256,9,0.2928935089305188,824261,2026-06-22 00:00:00+00:00,New York Yankees,Detroit Tigers,5.0,3.0,8.0,2.0
823256,10,0.29927576712410675,746193,2024-08-02 00:00:00+00:00,New York Mets,Los Angeles Angels,1.0,5.0,6.0,-4.0
823256,11,0.3002447458881406,823954,2026-05-10 00:00:00+00:00,Atlanta Braves,Los Angeles Dodgers,2.0,7.0,9.0,-5.0
823256,12,0.3058120652166805,823826,2026-08-25 00:00:00+00:00,Boston Red Sox,Miami Marlins,3.0,7.0,10.0,-4.0
823256,13,0.317282248216997,746971,2024-04-27 00:00:00+00:00,Chicago Cubs,Boston Red Sox,17.0,0.0,17.0,17.0
823256,14,0.31823867440197007,822914,2026-04-21 00:00:00+00:00,Pittsburgh Pirates,Texas Rangers,5.0,1.0,6.0,4.0
823256,15,0.3195776932195002,776769,2025-08-12 00:00:00+00:00,Boston Red Sox,Houston Astros,1.0,14.0,15.0,-13.0
823256,16,0.3203504054875563,823019,2026-08-11 00:00:00+00:00,Philadelphia Phillies,St. Louis Cardinals,2.0,0.0,2.0,2.0
823256,17,0.3222225476587785,745715,2024-07-23 00:00:00+00:00,New York Mets,New York Yankees,2.0,3.0,5.0,-1.0
823256,18,0.32962103436403883,777850,2025-05-20 00:00:00+00:00,Chicago Cubs,Miami Marlins,1.0,14.0,15.0,-13.0
823256,19,0.3297362902495493,777048,2025-07-22 00:00:00+00:00,Chicago White Sox,Tampa Bay Rays,4.0,3.0,7.0,1.0
823256,20,0.3323203400062706,746596,2024-08-26 00:00:00+00:00,Kansas City Royals,Cleveland Guardians,4.0,9.0,13.0,-5.0
823256,21,0.3345586660595135,776509,2025-08-31 00:00:00+00:00,Arizona Diamondbacks,Los Angeles Dodgers,5.0,4.0,9.0,1.0
823256,22,0.33737997173851686,777470,2025-06-18 00:00:00+00:00,New York Mets,Atlanta Braves,5.0,0.0,5.0,5.0
823256,23,0.3374543630704682,746972,2024-04-26 00:00:00+00:00,Chicago Cubs,Boston Red Sox,1.0,7.0,8.0,-6.0
823256,24,0.3435175375022912,823195,2026-07-27 00:00:00+00:00,Milwaukee Brewers,San Francisco Giants,3.0,0.0,3.0,3.0
823256,25,0.34619289532824543,745568,2024-06-04 00:00:00+00:00,Milwaukee Brewers,Philadelphia Phillies,2.0,1.0,3.0,1.0
823905,1,0.17385246274794816,745056,2024-08-10 00:00:00+00:00,Baltimore Orioles,Tampa Bay Rays,5.0,7.0,12.0,-2.0
823905,2,0.22254022033189425,776857,2025-08-05 00:00:00+00:00,Chicago White Sox,Seattle Mariners,8.0,3.0,11.0,5.0
823905,3,0.2373970165656535,778563,2025-03-18 00:00:00+00:00,Los Angeles Dodgers,Chicago Cubs,1.0,4.0,5.0,-3.0
823905,4,0.24644671109651878,744917,2024-06-18 00:00:00+00:00,Boston Red Sox,Toronto Blue Jays,3.0,4.0,7.0,-1.0
823905,5,0.2670934683577527,746361,2024-07-26 00:00:00+00:00,Los Angeles Dodgers,Houston Astros,5.0,0.0,5.0,5.0
823905,6,0.2730418738505215,746879,2024-05-08 00:00:00+00:00,San Diego Padres,Chicago Cubs,0.0,3.0,3.0,-3.0
823905,7,0.2824705071177501,822967,2026-06-20 00:00:00+00:00,Washington Nationals,Tampa Bay Rays,3.0,4.0,7.0,-1.0
823905,8,0.28470433466748657,777560,2025-06-10 00:00:00+00:00,Los Angeles Dodgers,San Diego Padres,11.0,1.0,12.0,10.0
823905,9,0.2867017507695297,777233,2025-07-05 00:00:00+00:00,Cincinnati Reds,Philadelphia Phillies,5.0,1.0,6.0,4.0
823905,10,0.2902615167284059,822811,2026-05-26 00:00:00+00:00,Miami Marlins,Toronto Blue Jays,8.0,1.0,9.0,7.0
823905,11,0.29100186512043363,825087,2026-05-18 00:00:00+00:00,San Francisco Giants,Arizona Diamondbacks,12.0,2.0,14.0,10.0
823905,12,0.29169802301717085,778564,2025-03-19 00:00:00+00:00,Los Angeles Dodgers,Chicago Cubs,3.0,6.0,9.0,-3.0
823905,13,0.29413799596336765,746362,2024-07-27 00:00:00+00:00,Los Angeles Dodgers,Houston Astros,7.0,6.0,13.0,1.0
823905,14,0.29730532201716386,776883,2025-08-03 00:00:00+00:00,Texas Rangers,Seattle Mariners,5.0,4.0,9.0,1.0
823905,15,0.3200676524865946,747103,2024-07-04 00:00:00+00:00,San Francisco Giants,Atlanta Braves,2.0,4.0,6.0,-2.0
823905,16,0.32508708325689917,744920,2024-06-19 00:00:00+00:00,Boston Red Sox,Toronto Blue Jays,3.0,7.0,10.0,-4.0
823905,17,0.3314880660599799,824879,2026-08-27 00:00:00+00:00,Los Angeles Dodgers,Atlanta Braves,1.0,0.0,1.0,1.0
823905,18,0.3382632079730687,824259,2026-06-24 00:00:00+00:00,New York Yankees,Detroit Tigers,2.0,4.0,6.0,-2.0
823905,19,0.33940093199681437,745010,2024-06-04 00:00:00+00:00,Detroit Tigers,Texas Rangers,1.0,3.0,4.0,-2.0
823905,20,0.33968731750966735,778040,2025-05-06 00:00:00+00:00,Philadelphia Phillies,Tampa Bay Rays,4.0,8.0,12.0,-4.0
823905,21,0.3400021255692501,777850,2025-05-20 00:00:00+00:00,Chicago Cubs,Miami Marlins,1.0,14.0,15.0,-13.0
823905,22,0.3510651770911292,745601,2024-04-11 00:00:00+00:00,Pittsburgh Pirates,Philadelphia Phillies,5.0,1.0,6.0,4.0
823905,23,0.352815812491105,776281,2025-09-18 00:00:00+00:00,Athletics,Boston Red Sox,3.0,5.0,8.0,-2.0
823905,24,0.35707963856608443,746364,2024-07-28 00:00:00+00:00,Los Angeles Dodgers,Houston Astros,2.0,6.0,8.0,-4.0
823905,25,0.36541431827594184,746848,2024-07-23 00:00:00+00:00,Milwaukee Brewers,Chicago Cubs,0.0,1.0,1.0,-1.0
823093,1,0.20893732545605864,744805,2024-09-12 00:00:00+00:00,Miami Marlins,Washington Nationals,3.0,6.0,9.0,-3.0
823093,2,0.24876483227337526,744800,2024-09-13 00:00:00+00:00,Miami Marlins,Washington Nationals,4.0,1.0,5.0,3.0
823093,3,0.2865671165270389,745803,2024-07-09 00:00:00+00:00,Washington Nationals,New York Mets,7.0,5.0,12.0,2.0
823093,4,0.3136944713821115,776571,2025-08-27 00:00:00+00:00,Colorado Rockies,Houston Astros,4.0,0.0,4.0,4.0
823093,5,0.3267293070722556,776286,2025-09-17 00:00:00+00:00,Atlanta Braves,Washington Nationals,4.0,9.0,13.0,-5.0
823093,6,0.33497950448399055,776587,2025-08-26 00:00:00+00:00,Colorado Rockies,Houston Astros,1.0,6.0,7.0,-5.0
823093,7,0.3397347080519531,823100,2026-08-22 00:00:00+00:00,Chicago Cubs,Seattle Mariners,5.0,4.0,9.0,1.0
823093,8,0.3412571931418643,778775,2025-03-20 00:00:00+00:00,Athletics,Arizona Diamondbacks,11.0,3.0,14.0,8.0
823093,9,0.3414968566460081,776545,2025-08-29 00:00:00+00:00,Tampa Bay Rays,Washington Nationals,1.0,4.0,5.0,-3.0
823093,10,0.3549831267449417,776633,2025-08-22 00:00:00+00:00,St. Louis Cardinals,Tampa Bay Rays,10.0,6.0,16.0,4.0
823093,11,0.36232095659016295,777049,2025-07-22 00:00:00+00:00,St. Louis Cardinals,Colorado Rockies,8.0,4.0,12.0,4.0
823093,12,0.36570988905170176,746574,2024-04-07 00:00:00+00:00,Tampa Bay Rays,Colorado Rockies,2.0,3.0,5.0,-1.0
823093,13,0.3672502118649231,776631,2025-08-21 00:00:00+00:00,St. Louis Cardinals,Tampa Bay Rays,4.0,7.0,11.0,-3.0
823093,14,0.3676250604905666,776502,2025-09-01 00:00:00+00:00,Chicago White Sox,Minnesota Twins,5.0,6.0,11.0,-1.0
823093,15,0.3723970130891713,776970,2025-07-28 00:00:00+00:00,Tampa Bay Rays,New York Yankees,2.0,4.0,6.0,-2.0
823093,16,0.37393305570984003,776949,2025-07-29 00:00:00+00:00,Tampa Bay Rays,New York Yankees,7.0,5.0,12.0,2.0
823093,17,0.37972717908553455,822971,2026-06-02 00:00:00+00:00,Detroit Tigers,Tampa Bay Rays,0.0,8.0,8.0,-8.0
823093,18,0.3806838575070524,777028,2025-07-23 00:00:00+00:00,St. Louis Cardinals,Colorado Rockies,6.0,0.0,6.0,6.0
823093,19,0.3858813882511293,776462,2025-09-04 00:00:00+00:00,Chicago White Sox,Minnesota Twins,8.0,11.0,19.0,-3.0
823093,20,0.39346687915212303,824849,2026-04-28 00:00:00+00:00,Houston Astros,Baltimore Orioles,5.0,3.0,8.0,2.0
823093,21,0.4017787986330471,825091,2026-05-06 00:00:00+00:00,Pittsburgh Pirates,Arizona Diamondbacks,0.0,1.0,1.0,-1.0
823093,22,0.41456410636630553,747186,2024-06-29 00:00:00+00:00,Oakland Athletics,Arizona Diamondbacks,3.0,0.0,3.0,3.0
823093,23,0.41686160618261514,823696,2026-06-07 00:00:00+00:00,Kansas City Royals,Minnesota Twins,5.0,6.0,11.0,-1.0
823093,24,0.4171331490278792,745548,2024-08-13 00:00:00+00:00,Miami Marlins,Philadelphia Phillies,0.0,5.0,5.0,-5.0
823093,25,0.4199935948130947,745456,2024-09-07 00:00:00+00:00,Washington Nationals,Pittsburgh Pirates,6.0,8.0,14.0,-2.0
